--
-- PostgreSQL database dump
--

-- Dumped from database version 9.5.6
-- Dumped by pg_dump version 9.5.6

SET statement_timeout = 0;
SET lock_timeout = 0;
SET client_encoding = 'UTF8';
SET standard_conforming_strings = on;
SET check_function_bodies = false;
SET client_min_messages = warning;
SET row_security = off;

SET search_path = public, pg_catalog;

--
-- Data for Name: AO_013613_EXP_CATEGORY; Type: TABLE DATA; Schema: public; Owner: jira
--



--
-- Data for Name: AO_013613_EXPENSE; Type: TABLE DATA; Schema: public; Owner: jira
--



--
-- Name: AO_013613_EXPENSE_ID_seq; Type: SEQUENCE SET; Schema: public; Owner: jira
--

SELECT pg_catalog.setval('"AO_013613_EXPENSE_ID_seq"', 1, false);


--
-- Name: AO_013613_EXP_CATEGORY_ID_seq; Type: SEQUENCE SET; Schema: public; Owner: jira
--

SELECT pg_catalog.setval('"AO_013613_EXP_CATEGORY_ID_seq"', 1, false);


--
-- Data for Name: AO_013613_HD_SCHEME; Type: TABLE DATA; Schema: public; Owner: jira
--



--
-- Data for Name: AO_013613_HD_SCHEME_DAY; Type: TABLE DATA; Schema: public; Owner: jira
--



--
-- Name: AO_013613_HD_SCHEME_DAY_ID_seq; Type: SEQUENCE SET; Schema: public; Owner: jira
--

SELECT pg_catalog.setval('"AO_013613_HD_SCHEME_DAY_ID_seq"', 1, false);


--
-- Name: AO_013613_HD_SCHEME_ID_seq; Type: SEQUENCE SET; Schema: public; Owner: jira
--

SELECT pg_catalog.setval('"AO_013613_HD_SCHEME_ID_seq"', 1, false);


--
-- Data for Name: AO_013613_HD_SCHEME_MEMBER; Type: TABLE DATA; Schema: public; Owner: jira
--



--
-- Name: AO_013613_HD_SCHEME_MEMBER_ID_seq; Type: SEQUENCE SET; Schema: public; Owner: jira
--

SELECT pg_catalog.setval('"AO_013613_HD_SCHEME_MEMBER_ID_seq"', 1, false);


--
-- Data for Name: AO_013613_PERMISSION_GROUP; Type: TABLE DATA; Schema: public; Owner: jira
--



--
-- Name: AO_013613_PERMISSION_GROUP_ID_seq; Type: SEQUENCE SET; Schema: public; Owner: jira
--

SELECT pg_catalog.setval('"AO_013613_PERMISSION_GROUP_ID_seq"', 1, false);


--
-- Data for Name: AO_013613_PROJECT_CONFIG; Type: TABLE DATA; Schema: public; Owner: jira
--



--
-- Name: AO_013613_PROJECT_CONFIG_ID_seq; Type: SEQUENCE SET; Schema: public; Owner: jira
--

SELECT pg_catalog.setval('"AO_013613_PROJECT_CONFIG_ID_seq"', 1, false);


--
-- Data for Name: AO_013613_WORK_ATTRIBUTE; Type: TABLE DATA; Schema: public; Owner: jira
--



--
-- Data for Name: AO_013613_WA_VALUE; Type: TABLE DATA; Schema: public; Owner: jira
--



--
-- Name: AO_013613_WA_VALUE_ID_seq; Type: SEQUENCE SET; Schema: public; Owner: jira
--

SELECT pg_catalog.setval('"AO_013613_WA_VALUE_ID_seq"', 1, false);


--
-- Data for Name: AO_013613_WL_SCHEME; Type: TABLE DATA; Schema: public; Owner: jira
--



--
-- Data for Name: AO_013613_WL_SCHEME_DAY; Type: TABLE DATA; Schema: public; Owner: jira
--



--
-- Name: AO_013613_WL_SCHEME_DAY_ID_seq; Type: SEQUENCE SET; Schema: public; Owner: jira
--

SELECT pg_catalog.setval('"AO_013613_WL_SCHEME_DAY_ID_seq"', 1, false);


--
-- Name: AO_013613_WL_SCHEME_ID_seq; Type: SEQUENCE SET; Schema: public; Owner: jira
--

SELECT pg_catalog.setval('"AO_013613_WL_SCHEME_ID_seq"', 1, false);


--
-- Data for Name: AO_013613_WL_SCHEME_MEMBER; Type: TABLE DATA; Schema: public; Owner: jira
--



--
-- Name: AO_013613_WL_SCHEME_MEMBER_ID_seq; Type: SEQUENCE SET; Schema: public; Owner: jira
--

SELECT pg_catalog.setval('"AO_013613_WL_SCHEME_MEMBER_ID_seq"', 1, false);


--
-- Name: AO_013613_WORK_ATTRIBUTE_ID_seq; Type: SEQUENCE SET; Schema: public; Owner: jira
--

SELECT pg_catalog.setval('"AO_013613_WORK_ATTRIBUTE_ID_seq"', 1, false);


--
-- Data for Name: AO_0201F0_KB_HELPFUL_AGGR; Type: TABLE DATA; Schema: public; Owner: jira
--



--
-- Name: AO_0201F0_KB_HELPFUL_AGGR_ID_seq; Type: SEQUENCE SET; Schema: public; Owner: jira
--

SELECT pg_catalog.setval('"AO_0201F0_KB_HELPFUL_AGGR_ID_seq"', 1, false);


--
-- Data for Name: AO_0201F0_KB_VIEW_AGGR; Type: TABLE DATA; Schema: public; Owner: jira
--



--
-- Name: AO_0201F0_KB_VIEW_AGGR_ID_seq; Type: SEQUENCE SET; Schema: public; Owner: jira
--

SELECT pg_catalog.setval('"AO_0201F0_KB_VIEW_AGGR_ID_seq"', 1, false);


--
-- Data for Name: AO_0201F0_STATS_EVENT; Type: TABLE DATA; Schema: public; Owner: jira
--



--
-- Name: AO_0201F0_STATS_EVENT_ID_seq; Type: SEQUENCE SET; Schema: public; Owner: jira
--

SELECT pg_catalog.setval('"AO_0201F0_STATS_EVENT_ID_seq"', 1, false);


--
-- Data for Name: AO_0201F0_STATS_EVENT_PARAM; Type: TABLE DATA; Schema: public; Owner: jira
--



--
-- Name: AO_0201F0_STATS_EVENT_PARAM_ID_seq; Type: SEQUENCE SET; Schema: public; Owner: jira
--

SELECT pg_catalog.setval('"AO_0201F0_STATS_EVENT_PARAM_ID_seq"', 1, false);


--
-- Data for Name: AO_098293_ANNOUNCEMENT_ENTITY; Type: TABLE DATA; Schema: public; Owner: jira
--



--
-- Name: AO_098293_ANNOUNCEMENT_ENTITY_ID_seq; Type: SEQUENCE SET; Schema: public; Owner: jira
--

SELECT pg_catalog.setval('"AO_098293_ANNOUNCEMENT_ENTITY_ID_seq"', 1, false);


--
-- Data for Name: AO_21D670_WHITELIST_RULES; Type: TABLE DATA; Schema: public; Owner: jira
--



--
-- Name: AO_21D670_WHITELIST_RULES_ID_seq; Type: SEQUENCE SET; Schema: public; Owner: jira
--

SELECT pg_catalog.setval('"AO_21D670_WHITELIST_RULES_ID_seq"', 1, true);


--
-- Data for Name: AO_2C4E5C_MAILCONNECTION; Type: TABLE DATA; Schema: public; Owner: jira
--



--
-- Data for Name: AO_2C4E5C_MAILCHANNEL; Type: TABLE DATA; Schema: public; Owner: jira
--



--
-- Name: AO_2C4E5C_MAILCHANNEL_ID_seq; Type: SEQUENCE SET; Schema: public; Owner: jira
--

SELECT pg_catalog.setval('"AO_2C4E5C_MAILCHANNEL_ID_seq"', 1, false);


--
-- Name: AO_2C4E5C_MAILCONNECTION_ID_seq; Type: SEQUENCE SET; Schema: public; Owner: jira
--

SELECT pg_catalog.setval('"AO_2C4E5C_MAILCONNECTION_ID_seq"', 1, false);


--
-- Data for Name: AO_2C4E5C_MAILGLOBALHANDLER; Type: TABLE DATA; Schema: public; Owner: jira
--



--
-- Name: AO_2C4E5C_MAILGLOBALHANDLER_ID_seq; Type: SEQUENCE SET; Schema: public; Owner: jira
--

SELECT pg_catalog.setval('"AO_2C4E5C_MAILGLOBALHANDLER_ID_seq"', 1, false);


--
-- Data for Name: AO_2C4E5C_MAILHANDLER; Type: TABLE DATA; Schema: public; Owner: jira
--



--
-- Name: AO_2C4E5C_MAILHANDLER_ID_seq; Type: SEQUENCE SET; Schema: public; Owner: jira
--

SELECT pg_catalog.setval('"AO_2C4E5C_MAILHANDLER_ID_seq"', 1, false);


--
-- Data for Name: AO_2C4E5C_MAILITEM; Type: TABLE DATA; Schema: public; Owner: jira
--



--
-- Data for Name: AO_2C4E5C_MAILITEMAUDIT; Type: TABLE DATA; Schema: public; Owner: jira
--



--
-- Name: AO_2C4E5C_MAILITEMAUDIT_ID_seq; Type: SEQUENCE SET; Schema: public; Owner: jira
--

SELECT pg_catalog.setval('"AO_2C4E5C_MAILITEMAUDIT_ID_seq"', 1, false);


--
-- Data for Name: AO_2C4E5C_MAILITEMCHUNK; Type: TABLE DATA; Schema: public; Owner: jira
--



--
-- Name: AO_2C4E5C_MAILITEMCHUNK_ID_seq; Type: SEQUENCE SET; Schema: public; Owner: jira
--

SELECT pg_catalog.setval('"AO_2C4E5C_MAILITEMCHUNK_ID_seq"', 1, false);


--
-- Name: AO_2C4E5C_MAILITEM_ID_seq; Type: SEQUENCE SET; Schema: public; Owner: jira
--

SELECT pg_catalog.setval('"AO_2C4E5C_MAILITEM_ID_seq"', 1, false);


--
-- Data for Name: AO_2C4E5C_MAILRUNAUDIT; Type: TABLE DATA; Schema: public; Owner: jira
--



--
-- Name: AO_2C4E5C_MAILRUNAUDIT_ID_seq; Type: SEQUENCE SET; Schema: public; Owner: jira
--

SELECT pg_catalog.setval('"AO_2C4E5C_MAILRUNAUDIT_ID_seq"', 1, false);


--
-- Data for Name: AO_2D3BEA_BASELINE; Type: TABLE DATA; Schema: public; Owner: jira
--



--
-- Data for Name: AO_2D3BEA_FOLIO; Type: TABLE DATA; Schema: public; Owner: jira
--



--
-- Data for Name: AO_2D3BEA_OVERTIME; Type: TABLE DATA; Schema: public; Owner: jira
--



--
-- Data for Name: AO_2D3BEA_POSITION; Type: TABLE DATA; Schema: public; Owner: jira
--



--
-- Data for Name: AO_2D3BEA_ALLOCATION; Type: TABLE DATA; Schema: public; Owner: jira
--



--
-- Name: AO_2D3BEA_ALLOCATION_ID_seq; Type: SEQUENCE SET; Schema: public; Owner: jira
--

SELECT pg_catalog.setval('"AO_2D3BEA_ALLOCATION_ID_seq"', 1, false);


--
-- Data for Name: AO_2D3BEA_EXPENSE; Type: TABLE DATA; Schema: public; Owner: jira
--



--
-- Data for Name: AO_2D3BEA_ATTACHMENT; Type: TABLE DATA; Schema: public; Owner: jira
--



--
-- Name: AO_2D3BEA_ATTACHMENT_ID_seq; Type: SEQUENCE SET; Schema: public; Owner: jira
--

SELECT pg_catalog.setval('"AO_2D3BEA_ATTACHMENT_ID_seq"', 1, false);


--
-- Name: AO_2D3BEA_BASELINE_ID_seq; Type: SEQUENCE SET; Schema: public; Owner: jira
--

SELECT pg_catalog.setval('"AO_2D3BEA_BASELINE_ID_seq"', 1, false);


--
-- Data for Name: AO_2D3BEA_COMMENT; Type: TABLE DATA; Schema: public; Owner: jira
--



--
-- Name: AO_2D3BEA_COMMENT_ID_seq; Type: SEQUENCE SET; Schema: public; Owner: jira
--

SELECT pg_catalog.setval('"AO_2D3BEA_COMMENT_ID_seq"', 1, false);


--
-- Data for Name: AO_2D3BEA_CUSTOMFIELD; Type: TABLE DATA; Schema: public; Owner: jira
--



--
-- Data for Name: AO_2D3BEA_CUSTOMFIELDPVALUE; Type: TABLE DATA; Schema: public; Owner: jira
--



--
-- Name: AO_2D3BEA_CUSTOMFIELDPVALUE_ID_seq; Type: SEQUENCE SET; Schema: public; Owner: jira
--

SELECT pg_catalog.setval('"AO_2D3BEA_CUSTOMFIELDPVALUE_ID_seq"', 1, false);


--
-- Data for Name: AO_2D3BEA_CUSTOMFIELDVALUE; Type: TABLE DATA; Schema: public; Owner: jira
--



--
-- Name: AO_2D3BEA_CUSTOMFIELDVALUE_ID_seq; Type: SEQUENCE SET; Schema: public; Owner: jira
--

SELECT pg_catalog.setval('"AO_2D3BEA_CUSTOMFIELDVALUE_ID_seq"', 1, false);


--
-- Name: AO_2D3BEA_CUSTOMFIELD_ID_seq; Type: SEQUENCE SET; Schema: public; Owner: jira
--

SELECT pg_catalog.setval('"AO_2D3BEA_CUSTOMFIELD_ID_seq"', 1, false);


--
-- Data for Name: AO_2D3BEA_ENTITY_CHANGE; Type: TABLE DATA; Schema: public; Owner: jira
--



--
-- Name: AO_2D3BEA_ENTITY_CHANGE_ID_seq; Type: SEQUENCE SET; Schema: public; Owner: jira
--

SELECT pg_catalog.setval('"AO_2D3BEA_ENTITY_CHANGE_ID_seq"', 1, false);


--
-- Data for Name: AO_2D3BEA_EXCHANGERATE; Type: TABLE DATA; Schema: public; Owner: jira
--



--
-- Name: AO_2D3BEA_EXCHANGERATE_ID_seq; Type: SEQUENCE SET; Schema: public; Owner: jira
--

SELECT pg_catalog.setval('"AO_2D3BEA_EXCHANGERATE_ID_seq"', 1, false);


--
-- Name: AO_2D3BEA_EXPENSE_ID_seq; Type: SEQUENCE SET; Schema: public; Owner: jira
--

SELECT pg_catalog.setval('"AO_2D3BEA_EXPENSE_ID_seq"', 1, false);


--
-- Data for Name: AO_2D3BEA_EXTERNALTEAM; Type: TABLE DATA; Schema: public; Owner: jira
--



--
-- Name: AO_2D3BEA_EXTERNALTEAM_ID_seq; Type: SEQUENCE SET; Schema: public; Owner: jira
--

SELECT pg_catalog.setval('"AO_2D3BEA_EXTERNALTEAM_ID_seq"', 1, false);


--
-- Data for Name: AO_2D3BEA_FILTER; Type: TABLE DATA; Schema: public; Owner: jira
--



--
-- Name: AO_2D3BEA_FILTER_ID_seq; Type: SEQUENCE SET; Schema: public; Owner: jira
--

SELECT pg_catalog.setval('"AO_2D3BEA_FILTER_ID_seq"', 1, false);


--
-- Data for Name: AO_2D3BEA_FOLIOCF; Type: TABLE DATA; Schema: public; Owner: jira
--



--
-- Data for Name: AO_2D3BEA_FOLIOCFVALUE; Type: TABLE DATA; Schema: public; Owner: jira
--



--
-- Name: AO_2D3BEA_FOLIOCFVALUE_ID_seq; Type: SEQUENCE SET; Schema: public; Owner: jira
--

SELECT pg_catalog.setval('"AO_2D3BEA_FOLIOCFVALUE_ID_seq"', 1, false);


--
-- Name: AO_2D3BEA_FOLIOCF_ID_seq; Type: SEQUENCE SET; Schema: public; Owner: jira
--

SELECT pg_catalog.setval('"AO_2D3BEA_FOLIOCF_ID_seq"', 1, false);


--
-- Data for Name: AO_2D3BEA_PORTFOLIO; Type: TABLE DATA; Schema: public; Owner: jira
--



--
-- Data for Name: AO_2D3BEA_FOLIOTOPORTFOLIO; Type: TABLE DATA; Schema: public; Owner: jira
--



--
-- Name: AO_2D3BEA_FOLIOTOPORTFOLIO_ID_seq; Type: SEQUENCE SET; Schema: public; Owner: jira
--

SELECT pg_catalog.setval('"AO_2D3BEA_FOLIOTOPORTFOLIO_ID_seq"', 1, false);


--
-- Data for Name: AO_2D3BEA_FOLIO_ADMIN; Type: TABLE DATA; Schema: public; Owner: jira
--



--
-- Name: AO_2D3BEA_FOLIO_ADMIN_ID_seq; Type: SEQUENCE SET; Schema: public; Owner: jira
--

SELECT pg_catalog.setval('"AO_2D3BEA_FOLIO_ADMIN_ID_seq"', 1, false);


--
-- Data for Name: AO_2D3BEA_FOLIO_FORMAT; Type: TABLE DATA; Schema: public; Owner: jira
--



--
-- Name: AO_2D3BEA_FOLIO_FORMAT_ID_seq; Type: SEQUENCE SET; Schema: public; Owner: jira
--

SELECT pg_catalog.setval('"AO_2D3BEA_FOLIO_FORMAT_ID_seq"', 1, false);


--
-- Name: AO_2D3BEA_FOLIO_ID_seq; Type: SEQUENCE SET; Schema: public; Owner: jira
--

SELECT pg_catalog.setval('"AO_2D3BEA_FOLIO_ID_seq"', 1, false);


--
-- Data for Name: AO_2D3BEA_FOLIO_USER_AO; Type: TABLE DATA; Schema: public; Owner: jira
--



--
-- Name: AO_2D3BEA_FOLIO_USER_AO_ID_seq; Type: SEQUENCE SET; Schema: public; Owner: jira
--

SELECT pg_catalog.setval('"AO_2D3BEA_FOLIO_USER_AO_ID_seq"', 1, false);


--
-- Data for Name: AO_2D3BEA_NWDS; Type: TABLE DATA; Schema: public; Owner: jira
--



--
-- Name: AO_2D3BEA_NWDS_ID_seq; Type: SEQUENCE SET; Schema: public; Owner: jira
--

SELECT pg_catalog.setval('"AO_2D3BEA_NWDS_ID_seq"', 1, false);


--
-- Data for Name: AO_2D3BEA_OTRULETOFOLIO; Type: TABLE DATA; Schema: public; Owner: jira
--



--
-- Name: AO_2D3BEA_OTRULETOFOLIO_ID_seq; Type: SEQUENCE SET; Schema: public; Owner: jira
--

SELECT pg_catalog.setval('"AO_2D3BEA_OTRULETOFOLIO_ID_seq"', 1, false);


--
-- Name: AO_2D3BEA_OVERTIME_ID_seq; Type: SEQUENCE SET; Schema: public; Owner: jira
--

SELECT pg_catalog.setval('"AO_2D3BEA_OVERTIME_ID_seq"', 1, false);


--
-- Data for Name: AO_2D3BEA_PERMISSION_GROUP; Type: TABLE DATA; Schema: public; Owner: jira
--



--
-- Name: AO_2D3BEA_PERMISSION_GROUP_ID_seq; Type: SEQUENCE SET; Schema: public; Owner: jira
--

SELECT pg_catalog.setval('"AO_2D3BEA_PERMISSION_GROUP_ID_seq"', 1, false);


--
-- Data for Name: AO_2D3BEA_PLAN_ALLOCATION; Type: TABLE DATA; Schema: public; Owner: jira
--



--
-- Name: AO_2D3BEA_PLAN_ALLOCATION_ID_seq; Type: SEQUENCE SET; Schema: public; Owner: jira
--

SELECT pg_catalog.setval('"AO_2D3BEA_PLAN_ALLOCATION_ID_seq"', 1, false);


--
-- Data for Name: AO_2D3BEA_PORTFOLIOTOPORTFOLIO; Type: TABLE DATA; Schema: public; Owner: jira
--



--
-- Name: AO_2D3BEA_PORTFOLIOTOPORTFOLIO_ID_seq; Type: SEQUENCE SET; Schema: public; Owner: jira
--

SELECT pg_catalog.setval('"AO_2D3BEA_PORTFOLIOTOPORTFOLIO_ID_seq"', 1, false);


--
-- Data for Name: AO_2D3BEA_PORTFOLIO_ADMIN; Type: TABLE DATA; Schema: public; Owner: jira
--



--
-- Name: AO_2D3BEA_PORTFOLIO_ADMIN_ID_seq; Type: SEQUENCE SET; Schema: public; Owner: jira
--

SELECT pg_catalog.setval('"AO_2D3BEA_PORTFOLIO_ADMIN_ID_seq"', 1, false);


--
-- Name: AO_2D3BEA_PORTFOLIO_ID_seq; Type: SEQUENCE SET; Schema: public; Owner: jira
--

SELECT pg_catalog.setval('"AO_2D3BEA_PORTFOLIO_ID_seq"', 1, false);


--
-- Name: AO_2D3BEA_POSITION_ID_seq; Type: SEQUENCE SET; Schema: public; Owner: jira
--

SELECT pg_catalog.setval('"AO_2D3BEA_POSITION_ID_seq"', 1, false);


--
-- Data for Name: AO_2D3BEA_RATE; Type: TABLE DATA; Schema: public; Owner: jira
--



--
-- Name: AO_2D3BEA_RATE_ID_seq; Type: SEQUENCE SET; Schema: public; Owner: jira
--

SELECT pg_catalog.setval('"AO_2D3BEA_RATE_ID_seq"', 1, false);


--
-- Data for Name: AO_2D3BEA_STATUS; Type: TABLE DATA; Schema: public; Owner: jira
--



--
-- Name: AO_2D3BEA_STATUS_ID_seq; Type: SEQUENCE SET; Schema: public; Owner: jira
--

SELECT pg_catalog.setval('"AO_2D3BEA_STATUS_ID_seq"', 1, false);


--
-- Data for Name: AO_2D3BEA_TIMELINE; Type: TABLE DATA; Schema: public; Owner: jira
--



--
-- Name: AO_2D3BEA_TIMELINE_ID_seq; Type: SEQUENCE SET; Schema: public; Owner: jira
--

SELECT pg_catalog.setval('"AO_2D3BEA_TIMELINE_ID_seq"', 1, false);


--
-- Data for Name: AO_2D3BEA_WAGE; Type: TABLE DATA; Schema: public; Owner: jira
--



--
-- Name: AO_2D3BEA_WAGE_ID_seq; Type: SEQUENCE SET; Schema: public; Owner: jira
--

SELECT pg_catalog.setval('"AO_2D3BEA_WAGE_ID_seq"', 1, false);


--
-- Data for Name: AO_2D3BEA_WEEKDAY; Type: TABLE DATA; Schema: public; Owner: jira
--



--
-- Name: AO_2D3BEA_WEEKDAY_ID_seq; Type: SEQUENCE SET; Schema: public; Owner: jira
--

SELECT pg_catalog.setval('"AO_2D3BEA_WEEKDAY_ID_seq"', 1, false);


--
-- Data for Name: AO_2D3BEA_WORKED_HOURS; Type: TABLE DATA; Schema: public; Owner: jira
--



--
-- Name: AO_2D3BEA_WORKED_HOURS_ID_seq; Type: SEQUENCE SET; Schema: public; Owner: jira
--

SELECT pg_catalog.setval('"AO_2D3BEA_WORKED_HOURS_ID_seq"', 1, false);


--
-- Data for Name: AO_2D3BEA_WORKFLOW; Type: TABLE DATA; Schema: public; Owner: jira
--



--
-- Name: AO_2D3BEA_WORKFLOW_ID_seq; Type: SEQUENCE SET; Schema: public; Owner: jira
--

SELECT pg_catalog.setval('"AO_2D3BEA_WORKFLOW_ID_seq"', 1, false);


--
-- Data for Name: AO_319474_QUEUE; Type: TABLE DATA; Schema: public; Owner: jira
--



--
-- Data for Name: AO_319474_MESSAGE; Type: TABLE DATA; Schema: public; Owner: jira
--



--
-- Name: AO_319474_MESSAGE_ID_seq; Type: SEQUENCE SET; Schema: public; Owner: jira
--

SELECT pg_catalog.setval('"AO_319474_MESSAGE_ID_seq"', 1, false);


--
-- Data for Name: AO_319474_MESSAGE_PROPERTY; Type: TABLE DATA; Schema: public; Owner: jira
--



--
-- Name: AO_319474_MESSAGE_PROPERTY_ID_seq; Type: SEQUENCE SET; Schema: public; Owner: jira
--

SELECT pg_catalog.setval('"AO_319474_MESSAGE_PROPERTY_ID_seq"', 1, false);


--
-- Name: AO_319474_QUEUE_ID_seq; Type: SEQUENCE SET; Schema: public; Owner: jira
--

SELECT pg_catalog.setval('"AO_319474_QUEUE_ID_seq"', 1, false);


--
-- Data for Name: AO_319474_QUEUE_PROPERTY; Type: TABLE DATA; Schema: public; Owner: jira
--



--
-- Name: AO_319474_QUEUE_PROPERTY_ID_seq; Type: SEQUENCE SET; Schema: public; Owner: jira
--

SELECT pg_catalog.setval('"AO_319474_QUEUE_PROPERTY_ID_seq"', 1, false);


--
-- Data for Name: AO_3A3ECC_JIRACOMMENT_MAPPING; Type: TABLE DATA; Schema: public; Owner: jira
--



--
-- Name: AO_3A3ECC_JIRACOMMENT_MAPPING_ID_seq; Type: SEQUENCE SET; Schema: public; Owner: jira
--

SELECT pg_catalog.setval('"AO_3A3ECC_JIRACOMMENT_MAPPING_ID_seq"', 1, false);


--
-- Data for Name: AO_3A3ECC_JIRAMAPPING_SET; Type: TABLE DATA; Schema: public; Owner: jira
--



--
-- Data for Name: AO_3A3ECC_JIRAMAPPING_BEAN; Type: TABLE DATA; Schema: public; Owner: jira
--



--
-- Name: AO_3A3ECC_JIRAMAPPING_BEAN_ID_seq; Type: SEQUENCE SET; Schema: public; Owner: jira
--

SELECT pg_catalog.setval('"AO_3A3ECC_JIRAMAPPING_BEAN_ID_seq"', 1, false);


--
-- Data for Name: AO_3A3ECC_JIRAMAPPING_SCHEME; Type: TABLE DATA; Schema: public; Owner: jira
--



--
-- Name: AO_3A3ECC_JIRAMAPPING_SCHEME_ID_seq; Type: SEQUENCE SET; Schema: public; Owner: jira
--

SELECT pg_catalog.setval('"AO_3A3ECC_JIRAMAPPING_SCHEME_ID_seq"', 1, false);


--
-- Name: AO_3A3ECC_JIRAMAPPING_SET_ID_seq; Type: SEQUENCE SET; Schema: public; Owner: jira
--

SELECT pg_catalog.setval('"AO_3A3ECC_JIRAMAPPING_SET_ID_seq"', 1, false);


--
-- Data for Name: AO_3A3ECC_JIRAPROJECT_MAPPING; Type: TABLE DATA; Schema: public; Owner: jira
--



--
-- Name: AO_3A3ECC_JIRAPROJECT_MAPPING_ID_seq; Type: SEQUENCE SET; Schema: public; Owner: jira
--

SELECT pg_catalog.setval('"AO_3A3ECC_JIRAPROJECT_MAPPING_ID_seq"', 1, false);


--
-- Data for Name: AO_3A3ECC_REMOTE_IDCF; Type: TABLE DATA; Schema: public; Owner: jira
--



--
-- Name: AO_3A3ECC_REMOTE_IDCF_ID_seq; Type: SEQUENCE SET; Schema: public; Owner: jira
--

SELECT pg_catalog.setval('"AO_3A3ECC_REMOTE_IDCF_ID_seq"', 1, false);


--
-- Data for Name: AO_3A3ECC_REMOTE_LINK_CONFIG; Type: TABLE DATA; Schema: public; Owner: jira
--



--
-- Name: AO_3A3ECC_REMOTE_LINK_CONFIG_ID_seq; Type: SEQUENCE SET; Schema: public; Owner: jira
--

SELECT pg_catalog.setval('"AO_3A3ECC_REMOTE_LINK_CONFIG_ID_seq"', 1, false);


--
-- Data for Name: AO_3B1893_LOOP_DETECTION; Type: TABLE DATA; Schema: public; Owner: jira
--



--
-- Name: AO_3B1893_LOOP_DETECTION_ID_seq; Type: SEQUENCE SET; Schema: public; Owner: jira
--

SELECT pg_catalog.setval('"AO_3B1893_LOOP_DETECTION_ID_seq"', 1, false);


--
-- Data for Name: AO_4AEACD_WEBHOOK_DAO; Type: TABLE DATA; Schema: public; Owner: jira
--



--
-- Name: AO_4AEACD_WEBHOOK_DAO_ID_seq; Type: SEQUENCE SET; Schema: public; Owner: jira
--

SELECT pg_catalog.setval('"AO_4AEACD_WEBHOOK_DAO_ID_seq"', 1, false);


--
-- Data for Name: AO_4E8AE6_NOTIF_BATCH_QUEUE; Type: TABLE DATA; Schema: public; Owner: jira
--



--
-- Name: AO_4E8AE6_NOTIF_BATCH_QUEUE_ID_seq; Type: SEQUENCE SET; Schema: public; Owner: jira
--

SELECT pg_catalog.setval('"AO_4E8AE6_NOTIF_BATCH_QUEUE_ID_seq"', 1, false);


--
-- Data for Name: AO_4E8AE6_OUT_EMAIL_SETTINGS; Type: TABLE DATA; Schema: public; Owner: jira
--



--
-- Name: AO_4E8AE6_OUT_EMAIL_SETTINGS_ID_seq; Type: SEQUENCE SET; Schema: public; Owner: jira
--

SELECT pg_catalog.setval('"AO_4E8AE6_OUT_EMAIL_SETTINGS_ID_seq"', 1, false);


--
-- Data for Name: AO_54307E_ASYNCUPGRADERECORD; Type: TABLE DATA; Schema: public; Owner: jira
--



--
-- Name: AO_54307E_ASYNCUPGRADERECORD_ID_seq; Type: SEQUENCE SET; Schema: public; Owner: jira
--

SELECT pg_catalog.setval('"AO_54307E_ASYNCUPGRADERECORD_ID_seq"', 1, false);


--
-- Data for Name: AO_54307E_SERVICEDESK; Type: TABLE DATA; Schema: public; Owner: jira
--



--
-- Data for Name: AO_54307E_CAPABILITY; Type: TABLE DATA; Schema: public; Owner: jira
--



--
-- Name: AO_54307E_CAPABILITY_ID_seq; Type: SEQUENCE SET; Schema: public; Owner: jira
--

SELECT pg_catalog.setval('"AO_54307E_CAPABILITY_ID_seq"', 1, false);


--
-- Data for Name: AO_54307E_CONFLUENCEKB; Type: TABLE DATA; Schema: public; Owner: jira
--



--
-- Data for Name: AO_54307E_CUSTOMTHEME; Type: TABLE DATA; Schema: public; Owner: jira
--



--
-- Data for Name: AO_54307E_VIEWPORT; Type: TABLE DATA; Schema: public; Owner: jira
--



--
-- Data for Name: AO_54307E_VIEWPORTFORM; Type: TABLE DATA; Schema: public; Owner: jira
--



--
-- Data for Name: AO_54307E_CONFLUENCEKBENABLED; Type: TABLE DATA; Schema: public; Owner: jira
--



--
-- Name: AO_54307E_CONFLUENCEKBENABLED_ID_seq; Type: SEQUENCE SET; Schema: public; Owner: jira
--

SELECT pg_catalog.setval('"AO_54307E_CONFLUENCEKBENABLED_ID_seq"', 1, false);


--
-- Data for Name: AO_54307E_CONFLUENCEKBLABELS; Type: TABLE DATA; Schema: public; Owner: jira
--



--
-- Name: AO_54307E_CONFLUENCEKBLABELS_ID_seq; Type: SEQUENCE SET; Schema: public; Owner: jira
--

SELECT pg_catalog.setval('"AO_54307E_CONFLUENCEKBLABELS_ID_seq"', 1, false);


--
-- Name: AO_54307E_CONFLUENCEKB_ID_seq; Type: SEQUENCE SET; Schema: public; Owner: jira
--

SELECT pg_catalog.setval('"AO_54307E_CONFLUENCEKB_ID_seq"', 1, false);


--
-- Data for Name: AO_54307E_CUSTOMGLOBALTHEME; Type: TABLE DATA; Schema: public; Owner: jira
--



--
-- Name: AO_54307E_CUSTOMGLOBALTHEME_ID_seq; Type: SEQUENCE SET; Schema: public; Owner: jira
--

SELECT pg_catalog.setval('"AO_54307E_CUSTOMGLOBALTHEME_ID_seq"', 1, false);


--
-- Name: AO_54307E_CUSTOMTHEME_ID_seq; Type: SEQUENCE SET; Schema: public; Owner: jira
--

SELECT pg_catalog.setval('"AO_54307E_CUSTOMTHEME_ID_seq"', 1, false);


--
-- Data for Name: AO_54307E_EMAILCHANNELSETTING; Type: TABLE DATA; Schema: public; Owner: jira
--



--
-- Name: AO_54307E_EMAILCHANNELSETTING_ID_seq; Type: SEQUENCE SET; Schema: public; Owner: jira
--

SELECT pg_catalog.setval('"AO_54307E_EMAILCHANNELSETTING_ID_seq"', 1, false);


--
-- Data for Name: AO_54307E_EMAILSETTINGS; Type: TABLE DATA; Schema: public; Owner: jira
--



--
-- Name: AO_54307E_EMAILSETTINGS_ID_seq; Type: SEQUENCE SET; Schema: public; Owner: jira
--

SELECT pg_catalog.setval('"AO_54307E_EMAILSETTINGS_ID_seq"', 1, false);


--
-- Data for Name: AO_54307E_TIMEMETRIC; Type: TABLE DATA; Schema: public; Owner: jira
--



--
-- Data for Name: AO_54307E_GOAL; Type: TABLE DATA; Schema: public; Owner: jira
--



--
-- Name: AO_54307E_GOAL_ID_seq; Type: SEQUENCE SET; Schema: public; Owner: jira
--

SELECT pg_catalog.setval('"AO_54307E_GOAL_ID_seq"', 1, false);


--
-- Data for Name: AO_54307E_GROUP; Type: TABLE DATA; Schema: public; Owner: jira
--



--
-- Data for Name: AO_54307E_GROUPTOREQUESTTYPE; Type: TABLE DATA; Schema: public; Owner: jira
--



--
-- Name: AO_54307E_GROUPTOREQUESTTYPE_ID_seq; Type: SEQUENCE SET; Schema: public; Owner: jira
--

SELECT pg_catalog.setval('"AO_54307E_GROUPTOREQUESTTYPE_ID_seq"', 1, false);


--
-- Name: AO_54307E_GROUP_ID_seq; Type: SEQUENCE SET; Schema: public; Owner: jira
--

SELECT pg_catalog.setval('"AO_54307E_GROUP_ID_seq"', 1, false);


--
-- Data for Name: AO_54307E_IMAGES; Type: TABLE DATA; Schema: public; Owner: jira
--



--
-- Name: AO_54307E_IMAGES_ID_seq; Type: SEQUENCE SET; Schema: public; Owner: jira
--

SELECT pg_catalog.setval('"AO_54307E_IMAGES_ID_seq"', 1, false);


--
-- Data for Name: AO_54307E_METRICCONDITION; Type: TABLE DATA; Schema: public; Owner: jira
--



--
-- Name: AO_54307E_METRICCONDITION_ID_seq; Type: SEQUENCE SET; Schema: public; Owner: jira
--

SELECT pg_catalog.setval('"AO_54307E_METRICCONDITION_ID_seq"', 1, false);


--
-- Data for Name: AO_54307E_ORGANIZATION; Type: TABLE DATA; Schema: public; Owner: jira
--



--
-- Name: AO_54307E_ORGANIZATION_ID_seq; Type: SEQUENCE SET; Schema: public; Owner: jira
--

SELECT pg_catalog.setval('"AO_54307E_ORGANIZATION_ID_seq"', 1, false);


--
-- Data for Name: AO_54307E_ORGANIZATION_MEMBER; Type: TABLE DATA; Schema: public; Owner: jira
--



--
-- Name: AO_54307E_ORGANIZATION_MEMBER_ID_seq; Type: SEQUENCE SET; Schema: public; Owner: jira
--

SELECT pg_catalog.setval('"AO_54307E_ORGANIZATION_MEMBER_ID_seq"', 1, false);


--
-- Data for Name: AO_54307E_ORGANIZATION_PROJECT; Type: TABLE DATA; Schema: public; Owner: jira
--



--
-- Name: AO_54307E_ORGANIZATION_PROJECT_ID_seq; Type: SEQUENCE SET; Schema: public; Owner: jira
--

SELECT pg_catalog.setval('"AO_54307E_ORGANIZATION_PROJECT_ID_seq"', 1, false);


--
-- Data for Name: AO_54307E_OUT_EMAIL_SETTINGS; Type: TABLE DATA; Schema: public; Owner: jira
--



--
-- Name: AO_54307E_OUT_EMAIL_SETTINGS_ID_seq; Type: SEQUENCE SET; Schema: public; Owner: jira
--

SELECT pg_catalog.setval('"AO_54307E_OUT_EMAIL_SETTINGS_ID_seq"', 1, false);


--
-- Data for Name: AO_54307E_PARTICIPANTSETTINGS; Type: TABLE DATA; Schema: public; Owner: jira
--



--
-- Name: AO_54307E_PARTICIPANTSETTINGS_ID_seq; Type: SEQUENCE SET; Schema: public; Owner: jira
--

SELECT pg_catalog.setval('"AO_54307E_PARTICIPANTSETTINGS_ID_seq"', 1, false);


--
-- Data for Name: AO_54307E_QUEUE; Type: TABLE DATA; Schema: public; Owner: jira
--



--
-- Data for Name: AO_54307E_QUEUECOLUMN; Type: TABLE DATA; Schema: public; Owner: jira
--



--
-- Name: AO_54307E_QUEUECOLUMN_ID_seq; Type: SEQUENCE SET; Schema: public; Owner: jira
--

SELECT pg_catalog.setval('"AO_54307E_QUEUECOLUMN_ID_seq"', 1, false);


--
-- Name: AO_54307E_QUEUE_ID_seq; Type: SEQUENCE SET; Schema: public; Owner: jira
--

SELECT pg_catalog.setval('"AO_54307E_QUEUE_ID_seq"', 1, false);


--
-- Data for Name: AO_54307E_REPORT; Type: TABLE DATA; Schema: public; Owner: jira
--



--
-- Name: AO_54307E_REPORT_ID_seq; Type: SEQUENCE SET; Schema: public; Owner: jira
--

SELECT pg_catalog.setval('"AO_54307E_REPORT_ID_seq"', 1, false);


--
-- Data for Name: AO_54307E_SERIES; Type: TABLE DATA; Schema: public; Owner: jira
--



--
-- Name: AO_54307E_SERIES_ID_seq; Type: SEQUENCE SET; Schema: public; Owner: jira
--

SELECT pg_catalog.setval('"AO_54307E_SERIES_ID_seq"', 1, false);


--
-- Name: AO_54307E_SERVICEDESK_ID_seq; Type: SEQUENCE SET; Schema: public; Owner: jira
--

SELECT pg_catalog.setval('"AO_54307E_SERVICEDESK_ID_seq"', 1, false);


--
-- Data for Name: AO_54307E_STATUSMAPPING; Type: TABLE DATA; Schema: public; Owner: jira
--



--
-- Name: AO_54307E_STATUSMAPPING_ID_seq; Type: SEQUENCE SET; Schema: public; Owner: jira
--

SELECT pg_catalog.setval('"AO_54307E_STATUSMAPPING_ID_seq"', 1, false);


--
-- Data for Name: AO_54307E_SUBSCRIPTION; Type: TABLE DATA; Schema: public; Owner: jira
--



--
-- Name: AO_54307E_SUBSCRIPTION_ID_seq; Type: SEQUENCE SET; Schema: public; Owner: jira
--

SELECT pg_catalog.setval('"AO_54307E_SUBSCRIPTION_ID_seq"', 1, false);


--
-- Data for Name: AO_54307E_SYNCUPGRADERECORD; Type: TABLE DATA; Schema: public; Owner: jira
--



--
-- Name: AO_54307E_SYNCUPGRADERECORD_ID_seq; Type: SEQUENCE SET; Schema: public; Owner: jira
--

SELECT pg_catalog.setval('"AO_54307E_SYNCUPGRADERECORD_ID_seq"', 1, false);


--
-- Data for Name: AO_54307E_THRESHOLD; Type: TABLE DATA; Schema: public; Owner: jira
--



--
-- Name: AO_54307E_THRESHOLD_ID_seq; Type: SEQUENCE SET; Schema: public; Owner: jira
--

SELECT pg_catalog.setval('"AO_54307E_THRESHOLD_ID_seq"', 1, false);


--
-- Name: AO_54307E_TIMEMETRIC_ID_seq; Type: SEQUENCE SET; Schema: public; Owner: jira
--

SELECT pg_catalog.setval('"AO_54307E_TIMEMETRIC_ID_seq"', 1, false);


--
-- Data for Name: AO_54307E_VIEWPORTFIELD; Type: TABLE DATA; Schema: public; Owner: jira
--



--
-- Data for Name: AO_54307E_VIEWPORTFIELDVALUE; Type: TABLE DATA; Schema: public; Owner: jira
--



--
-- Name: AO_54307E_VIEWPORTFIELDVALUE_ID_seq; Type: SEQUENCE SET; Schema: public; Owner: jira
--

SELECT pg_catalog.setval('"AO_54307E_VIEWPORTFIELDVALUE_ID_seq"', 1, false);


--
-- Name: AO_54307E_VIEWPORTFIELD_ID_seq; Type: SEQUENCE SET; Schema: public; Owner: jira
--

SELECT pg_catalog.setval('"AO_54307E_VIEWPORTFIELD_ID_seq"', 1, false);


--
-- Name: AO_54307E_VIEWPORTFORM_ID_seq; Type: SEQUENCE SET; Schema: public; Owner: jira
--

SELECT pg_catalog.setval('"AO_54307E_VIEWPORTFORM_ID_seq"', 1, false);


--
-- Name: AO_54307E_VIEWPORT_ID_seq; Type: SEQUENCE SET; Schema: public; Owner: jira
--

SELECT pg_catalog.setval('"AO_54307E_VIEWPORT_ID_seq"', 1, false);


--
-- Data for Name: AO_550953_SHORTCUT; Type: TABLE DATA; Schema: public; Owner: jira
--



--
-- Name: AO_550953_SHORTCUT_ID_seq; Type: SEQUENCE SET; Schema: public; Owner: jira
--

SELECT pg_catalog.setval('"AO_550953_SHORTCUT_ID_seq"', 2, true);


--
-- Name: AO_563AEE_ACTIVITY_ENTITY_ACTIVITY_ID_seq; Type: SEQUENCE SET; Schema: public; Owner: jira
--

SELECT pg_catalog.setval('"AO_563AEE_ACTIVITY_ENTITY_ACTIVITY_ID_seq"', 1, true);


--
-- Name: AO_563AEE_ACTOR_ENTITY_ID_seq; Type: SEQUENCE SET; Schema: public; Owner: jira
--

SELECT pg_catalog.setval('"AO_563AEE_ACTOR_ENTITY_ID_seq"', 1, false);


--
-- Name: AO_563AEE_MEDIA_LINK_ENTITY_ID_seq; Type: SEQUENCE SET; Schema: public; Owner: jira
--

SELECT pg_catalog.setval('"AO_563AEE_MEDIA_LINK_ENTITY_ID_seq"', 1, true);


--
-- Name: AO_563AEE_OBJECT_ENTITY_ID_seq; Type: SEQUENCE SET; Schema: public; Owner: jira
--

SELECT pg_catalog.setval('"AO_563AEE_OBJECT_ENTITY_ID_seq"', 1, false);


--
-- Name: AO_563AEE_TARGET_ENTITY_ID_seq; Type: SEQUENCE SET; Schema: public; Owner: jira
--

SELECT pg_catalog.setval('"AO_563AEE_TARGET_ENTITY_ID_seq"', 1, true);


--
-- Data for Name: AO_56464C_APPROVAL; Type: TABLE DATA; Schema: public; Owner: jira
--



--
-- Name: AO_56464C_APPROVAL_ID_seq; Type: SEQUENCE SET; Schema: public; Owner: jira
--

SELECT pg_catalog.setval('"AO_56464C_APPROVAL_ID_seq"', 1, false);


--
-- Data for Name: AO_56464C_APPROVER; Type: TABLE DATA; Schema: public; Owner: jira
--



--
-- Data for Name: AO_56464C_APPROVERDECISION; Type: TABLE DATA; Schema: public; Owner: jira
--



--
-- Name: AO_56464C_APPROVERDECISION_ID_seq; Type: SEQUENCE SET; Schema: public; Owner: jira
--

SELECT pg_catalog.setval('"AO_56464C_APPROVERDECISION_ID_seq"', 1, false);


--
-- Name: AO_56464C_APPROVER_ID_seq; Type: SEQUENCE SET; Schema: public; Owner: jira
--

SELECT pg_catalog.setval('"AO_56464C_APPROVER_ID_seq"', 1, false);


--
-- Data for Name: AO_56464C_NOTIFICATIONRECORD; Type: TABLE DATA; Schema: public; Owner: jira
--



--
-- Name: AO_56464C_NOTIFICATIONRECORD_ID_seq; Type: SEQUENCE SET; Schema: public; Owner: jira
--

SELECT pg_catalog.setval('"AO_56464C_NOTIFICATIONRECORD_ID_seq"', 1, false);


--
-- Data for Name: AO_575BF5_ISSUE_SUMMARY; Type: TABLE DATA; Schema: public; Owner: jira
--



--
-- Name: AO_575BF5_ISSUE_SUMMARY_ID_seq; Type: SEQUENCE SET; Schema: public; Owner: jira
--

SELECT pg_catalog.setval('"AO_575BF5_ISSUE_SUMMARY_ID_seq"', 1, false);


--
-- Data for Name: AO_575BF5_PROCESSED_COMMITS; Type: TABLE DATA; Schema: public; Owner: jira
--



--
-- Name: AO_575BF5_PROCESSED_COMMITS_ID_seq; Type: SEQUENCE SET; Schema: public; Owner: jira
--

SELECT pg_catalog.setval('"AO_575BF5_PROCESSED_COMMITS_ID_seq"', 1, false);


--
-- Data for Name: AO_575BF5_PROVIDER_ISSUE; Type: TABLE DATA; Schema: public; Owner: jira
--



--
-- Name: AO_575BF5_PROVIDER_ISSUE_ID_seq; Type: SEQUENCE SET; Schema: public; Owner: jira
--

SELECT pg_catalog.setval('"AO_575BF5_PROVIDER_ISSUE_ID_seq"', 1, false);


--
-- Data for Name: AO_587B34_GLANCE_CONFIG; Type: TABLE DATA; Schema: public; Owner: jira
--



--
-- Data for Name: AO_587B34_PROJECT_CONFIG; Type: TABLE DATA; Schema: public; Owner: jira
--



--
-- Name: AO_587B34_PROJECT_CONFIG_ID_seq; Type: SEQUENCE SET; Schema: public; Owner: jira
--

SELECT pg_catalog.setval('"AO_587B34_PROJECT_CONFIG_ID_seq"', 1, false);


--
-- Data for Name: AO_5FB9D7_AOHIP_CHAT_LINK; Type: TABLE DATA; Schema: public; Owner: jira
--



--
-- Name: AO_5FB9D7_AOHIP_CHAT_LINK_ID_seq; Type: SEQUENCE SET; Schema: public; Owner: jira
--

SELECT pg_catalog.setval('"AO_5FB9D7_AOHIP_CHAT_LINK_ID_seq"', 1, false);


--
-- Data for Name: AO_5FB9D7_AOHIP_CHAT_USER; Type: TABLE DATA; Schema: public; Owner: jira
--



--
-- Name: AO_5FB9D7_AOHIP_CHAT_USER_ID_seq; Type: SEQUENCE SET; Schema: public; Owner: jira
--

SELECT pg_catalog.setval('"AO_5FB9D7_AOHIP_CHAT_USER_ID_seq"', 1, false);


--
-- Data for Name: AO_60DB71_AUDITENTRY; Type: TABLE DATA; Schema: public; Owner: jira
--



--
-- Name: AO_60DB71_AUDITENTRY_ID_seq; Type: SEQUENCE SET; Schema: public; Owner: jira
--

SELECT pg_catalog.setval('"AO_60DB71_AUDITENTRY_ID_seq"', 1, false);


--
-- Data for Name: AO_60DB71_RAPIDVIEW; Type: TABLE DATA; Schema: public; Owner: jira
--



--
-- Data for Name: AO_60DB71_BOARDADMINS; Type: TABLE DATA; Schema: public; Owner: jira
--



--
-- Name: AO_60DB71_BOARDADMINS_ID_seq; Type: SEQUENCE SET; Schema: public; Owner: jira
--

SELECT pg_catalog.setval('"AO_60DB71_BOARDADMINS_ID_seq"', 1, false);


--
-- Data for Name: AO_60DB71_CARDCOLOR; Type: TABLE DATA; Schema: public; Owner: jira
--



--
-- Name: AO_60DB71_CARDCOLOR_ID_seq; Type: SEQUENCE SET; Schema: public; Owner: jira
--

SELECT pg_catalog.setval('"AO_60DB71_CARDCOLOR_ID_seq"', 1, false);


--
-- Data for Name: AO_60DB71_CARDLAYOUT; Type: TABLE DATA; Schema: public; Owner: jira
--



--
-- Name: AO_60DB71_CARDLAYOUT_ID_seq; Type: SEQUENCE SET; Schema: public; Owner: jira
--

SELECT pg_catalog.setval('"AO_60DB71_CARDLAYOUT_ID_seq"', 1, false);


--
-- Data for Name: AO_60DB71_COLUMN; Type: TABLE DATA; Schema: public; Owner: jira
--



--
-- Data for Name: AO_60DB71_COLUMNSTATUS; Type: TABLE DATA; Schema: public; Owner: jira
--



--
-- Name: AO_60DB71_COLUMNSTATUS_ID_seq; Type: SEQUENCE SET; Schema: public; Owner: jira
--

SELECT pg_catalog.setval('"AO_60DB71_COLUMNSTATUS_ID_seq"', 1, false);


--
-- Name: AO_60DB71_COLUMN_ID_seq; Type: SEQUENCE SET; Schema: public; Owner: jira
--

SELECT pg_catalog.setval('"AO_60DB71_COLUMN_ID_seq"', 1, false);


--
-- Data for Name: AO_60DB71_CREATIONCONVERSATION; Type: TABLE DATA; Schema: public; Owner: jira
--



--
-- Name: AO_60DB71_CREATIONCONVERSATION_ID_seq; Type: SEQUENCE SET; Schema: public; Owner: jira
--

SELECT pg_catalog.setval('"AO_60DB71_CREATIONCONVERSATION_ID_seq"', 1, false);


--
-- Data for Name: AO_60DB71_DETAILVIEWFIELD; Type: TABLE DATA; Schema: public; Owner: jira
--



--
-- Name: AO_60DB71_DETAILVIEWFIELD_ID_seq; Type: SEQUENCE SET; Schema: public; Owner: jira
--

SELECT pg_catalog.setval('"AO_60DB71_DETAILVIEWFIELD_ID_seq"', 1, false);


--
-- Data for Name: AO_60DB71_ESTIMATESTATISTIC; Type: TABLE DATA; Schema: public; Owner: jira
--



--
-- Name: AO_60DB71_ESTIMATESTATISTIC_ID_seq; Type: SEQUENCE SET; Schema: public; Owner: jira
--

SELECT pg_catalog.setval('"AO_60DB71_ESTIMATESTATISTIC_ID_seq"', 1, false);


--
-- Data for Name: AO_60DB71_ISSUERANKING; Type: TABLE DATA; Schema: public; Owner: jira
--



--
-- Data for Name: AO_60DB71_ISSUERANKINGLOG; Type: TABLE DATA; Schema: public; Owner: jira
--



--
-- Name: AO_60DB71_ISSUERANKINGLOG_ID_seq; Type: SEQUENCE SET; Schema: public; Owner: jira
--

SELECT pg_catalog.setval('"AO_60DB71_ISSUERANKINGLOG_ID_seq"', 1, false);


--
-- Name: AO_60DB71_ISSUERANKING_ID_seq; Type: SEQUENCE SET; Schema: public; Owner: jira
--

SELECT pg_catalog.setval('"AO_60DB71_ISSUERANKING_ID_seq"', 1, false);


--
-- Data for Name: AO_60DB71_LEXORANK; Type: TABLE DATA; Schema: public; Owner: jira
--

INSERT INTO "AO_60DB71_LEXORANK" ("FIELD_ID", "ID", "ISSUE_ID", "LOCK_HASH", "LOCK_TIME", "RANK", "TYPE") VALUES (10106, 5, -9223372036854775808, NULL, NULL, '0|000000:', 0);
INSERT INTO "AO_60DB71_LEXORANK" ("FIELD_ID", "ID", "ISSUE_ID", "LOCK_HASH", "LOCK_TIME", "RANK", "TYPE") VALUES (10106, 6, 9223372036854775807, NULL, NULL, '0|zzzzzz:', 2);


--
-- Data for Name: AO_60DB71_LEXORANKBALANCER; Type: TABLE DATA; Schema: public; Owner: jira
--



--
-- Name: AO_60DB71_LEXORANKBALANCER_ID_seq; Type: SEQUENCE SET; Schema: public; Owner: jira
--

SELECT pg_catalog.setval('"AO_60DB71_LEXORANKBALANCER_ID_seq"', 1, false);


--
-- Name: AO_60DB71_LEXORANK_ID_seq; Type: SEQUENCE SET; Schema: public; Owner: jira
--

SELECT pg_catalog.setval('"AO_60DB71_LEXORANK_ID_seq"', 6, true);


--
-- Data for Name: AO_60DB71_WORKINGDAYS; Type: TABLE DATA; Schema: public; Owner: jira
--



--
-- Data for Name: AO_60DB71_NONWORKINGDAY; Type: TABLE DATA; Schema: public; Owner: jira
--



--
-- Name: AO_60DB71_NONWORKINGDAY_ID_seq; Type: SEQUENCE SET; Schema: public; Owner: jira
--

SELECT pg_catalog.setval('"AO_60DB71_NONWORKINGDAY_ID_seq"', 1, false);


--
-- Data for Name: AO_60DB71_QUICKFILTER; Type: TABLE DATA; Schema: public; Owner: jira
--



--
-- Name: AO_60DB71_QUICKFILTER_ID_seq; Type: SEQUENCE SET; Schema: public; Owner: jira
--

SELECT pg_catalog.setval('"AO_60DB71_QUICKFILTER_ID_seq"', 1, false);


--
-- Data for Name: AO_60DB71_RANKABLEOBJECT; Type: TABLE DATA; Schema: public; Owner: jira
--



--
-- Name: AO_60DB71_RANKABLEOBJECT_ID_seq; Type: SEQUENCE SET; Schema: public; Owner: jira
--

SELECT pg_catalog.setval('"AO_60DB71_RANKABLEOBJECT_ID_seq"', 1, false);


--
-- Name: AO_60DB71_RAPIDVIEW_ID_seq; Type: SEQUENCE SET; Schema: public; Owner: jira
--

SELECT pg_catalog.setval('"AO_60DB71_RAPIDVIEW_ID_seq"', 1, false);


--
-- Data for Name: AO_60DB71_SPRINT; Type: TABLE DATA; Schema: public; Owner: jira
--



--
-- Name: AO_60DB71_SPRINT_ID_seq; Type: SEQUENCE SET; Schema: public; Owner: jira
--

SELECT pg_catalog.setval('"AO_60DB71_SPRINT_ID_seq"', 1, false);


--
-- Data for Name: AO_60DB71_STATSFIELD; Type: TABLE DATA; Schema: public; Owner: jira
--



--
-- Name: AO_60DB71_STATSFIELD_ID_seq; Type: SEQUENCE SET; Schema: public; Owner: jira
--

SELECT pg_catalog.setval('"AO_60DB71_STATSFIELD_ID_seq"', 1, false);


--
-- Data for Name: AO_60DB71_SUBQUERY; Type: TABLE DATA; Schema: public; Owner: jira
--



--
-- Name: AO_60DB71_SUBQUERY_ID_seq; Type: SEQUENCE SET; Schema: public; Owner: jira
--

SELECT pg_catalog.setval('"AO_60DB71_SUBQUERY_ID_seq"', 1, false);


--
-- Data for Name: AO_60DB71_SWIMLANE; Type: TABLE DATA; Schema: public; Owner: jira
--



--
-- Name: AO_60DB71_SWIMLANE_ID_seq; Type: SEQUENCE SET; Schema: public; Owner: jira
--

SELECT pg_catalog.setval('"AO_60DB71_SWIMLANE_ID_seq"', 1, false);


--
-- Data for Name: AO_60DB71_TRACKINGSTATISTIC; Type: TABLE DATA; Schema: public; Owner: jira
--



--
-- Name: AO_60DB71_TRACKINGSTATISTIC_ID_seq; Type: SEQUENCE SET; Schema: public; Owner: jira
--

SELECT pg_catalog.setval('"AO_60DB71_TRACKINGSTATISTIC_ID_seq"', 1, false);


--
-- Data for Name: AO_60DB71_VERSION; Type: TABLE DATA; Schema: public; Owner: jira
--



--
-- Name: AO_60DB71_VERSION_ID_seq; Type: SEQUENCE SET; Schema: public; Owner: jira
--

SELECT pg_catalog.setval('"AO_60DB71_VERSION_ID_seq"', 1, false);


--
-- Name: AO_60DB71_WORKINGDAYS_ID_seq; Type: SEQUENCE SET; Schema: public; Owner: jira
--

SELECT pg_catalog.setval('"AO_60DB71_WORKINGDAYS_ID_seq"', 1, false);


--
-- Data for Name: AO_68DACE_CONNECT_APPLICATION; Type: TABLE DATA; Schema: public; Owner: jira
--



--
-- Name: AO_68DACE_CONNECT_APPLICATION_ID_seq; Type: SEQUENCE SET; Schema: public; Owner: jira
--

SELECT pg_catalog.setval('"AO_68DACE_CONNECT_APPLICATION_ID_seq"', 1, true);


--
-- Data for Name: AO_68DACE_INSTALLATION; Type: TABLE DATA; Schema: public; Owner: jira
--



--
-- Name: AO_68DACE_INSTALLATION_ID_seq; Type: SEQUENCE SET; Schema: public; Owner: jira
--

SELECT pg_catalog.setval('"AO_68DACE_INSTALLATION_ID_seq"', 1, false);


--
-- Data for Name: AO_7A2604_CALENDAR; Type: TABLE DATA; Schema: public; Owner: jira
--



--
-- Name: AO_7A2604_CALENDAR_ID_seq; Type: SEQUENCE SET; Schema: public; Owner: jira
--

SELECT pg_catalog.setval('"AO_7A2604_CALENDAR_ID_seq"', 1, false);


--
-- Data for Name: AO_7A2604_HOLIDAY; Type: TABLE DATA; Schema: public; Owner: jira
--



--
-- Name: AO_7A2604_HOLIDAY_ID_seq; Type: SEQUENCE SET; Schema: public; Owner: jira
--

SELECT pg_catalog.setval('"AO_7A2604_HOLIDAY_ID_seq"', 1, false);


--
-- Data for Name: AO_7A2604_WORKINGTIME; Type: TABLE DATA; Schema: public; Owner: jira
--



--
-- Name: AO_7A2604_WORKINGTIME_ID_seq; Type: SEQUENCE SET; Schema: public; Owner: jira
--

SELECT pg_catalog.setval('"AO_7A2604_WORKINGTIME_ID_seq"', 1, false);


--
-- Data for Name: AO_82B313_PERSON; Type: TABLE DATA; Schema: public; Owner: jira
--



--
-- Data for Name: AO_82B313_SKILL; Type: TABLE DATA; Schema: public; Owner: jira
--



--
-- Data for Name: AO_82B313_ABILITY; Type: TABLE DATA; Schema: public; Owner: jira
--



--
-- Name: AO_82B313_ABILITY_ID_seq; Type: SEQUENCE SET; Schema: public; Owner: jira
--

SELECT pg_catalog.setval('"AO_82B313_ABILITY_ID_seq"', 1, false);


--
-- Data for Name: AO_82B313_ABSENCE; Type: TABLE DATA; Schema: public; Owner: jira
--



--
-- Name: AO_82B313_ABSENCE_ID_seq; Type: SEQUENCE SET; Schema: public; Owner: jira
--

SELECT pg_catalog.setval('"AO_82B313_ABSENCE_ID_seq"', 1, false);


--
-- Data for Name: AO_82B313_TEAM; Type: TABLE DATA; Schema: public; Owner: jira
--



--
-- Data for Name: AO_82B313_RESOURCE; Type: TABLE DATA; Schema: public; Owner: jira
--



--
-- Data for Name: AO_82B313_AVAILABILITY; Type: TABLE DATA; Schema: public; Owner: jira
--



--
-- Name: AO_82B313_AVAILABILITY_ID_seq; Type: SEQUENCE SET; Schema: public; Owner: jira
--

SELECT pg_catalog.setval('"AO_82B313_AVAILABILITY_ID_seq"', 1, false);


--
-- Data for Name: AO_82B313_INIT; Type: TABLE DATA; Schema: public; Owner: jira
--



--
-- Name: AO_82B313_INIT_ID_seq; Type: SEQUENCE SET; Schema: public; Owner: jira
--

SELECT pg_catalog.setval('"AO_82B313_INIT_ID_seq"', 1, false);


--
-- Name: AO_82B313_PERSON_ID_seq; Type: SEQUENCE SET; Schema: public; Owner: jira
--

SELECT pg_catalog.setval('"AO_82B313_PERSON_ID_seq"', 1, false);


--
-- Name: AO_82B313_RESOURCE_ID_seq; Type: SEQUENCE SET; Schema: public; Owner: jira
--

SELECT pg_catalog.setval('"AO_82B313_RESOURCE_ID_seq"', 1, false);


--
-- Name: AO_82B313_SKILL_ID_seq; Type: SEQUENCE SET; Schema: public; Owner: jira
--

SELECT pg_catalog.setval('"AO_82B313_SKILL_ID_seq"', 1, false);


--
-- Name: AO_82B313_TEAM_ID_seq; Type: SEQUENCE SET; Schema: public; Owner: jira
--

SELECT pg_catalog.setval('"AO_82B313_TEAM_ID_seq"', 1, false);


--
-- Data for Name: AO_86ED1B_GRACE_PERIOD; Type: TABLE DATA; Schema: public; Owner: jira
--



--
-- Name: AO_86ED1B_GRACE_PERIOD_ID_seq; Type: SEQUENCE SET; Schema: public; Owner: jira
--

SELECT pg_catalog.setval('"AO_86ED1B_GRACE_PERIOD_ID_seq"', 1, false);


--
-- Data for Name: AO_86ED1B_PROJECT_CONFIG; Type: TABLE DATA; Schema: public; Owner: jira
--



--
-- Name: AO_86ED1B_PROJECT_CONFIG_ID_seq; Type: SEQUENCE SET; Schema: public; Owner: jira
--

SELECT pg_catalog.setval('"AO_86ED1B_PROJECT_CONFIG_ID_seq"', 1, false);


--
-- Data for Name: AO_86ED1B_STREAMS_ENTRY; Type: TABLE DATA; Schema: public; Owner: jira
--



--
-- Name: AO_86ED1B_STREAMS_ENTRY_ID_seq; Type: SEQUENCE SET; Schema: public; Owner: jira
--

SELECT pg_catalog.setval('"AO_86ED1B_STREAMS_ENTRY_ID_seq"', 1, false);


--
-- Data for Name: AO_86ED1B_TIMEPLAN; Type: TABLE DATA; Schema: public; Owner: jira
--



--
-- Name: AO_86ED1B_TIMEPLAN_ID_seq; Type: SEQUENCE SET; Schema: public; Owner: jira
--

SELECT pg_catalog.setval('"AO_86ED1B_TIMEPLAN_ID_seq"', 1, false);


--
-- Data for Name: AO_86ED1B_TIMESHEET_APPROVAL; Type: TABLE DATA; Schema: public; Owner: jira
--



--
-- Name: AO_86ED1B_TIMESHEET_APPROVAL_ID_seq; Type: SEQUENCE SET; Schema: public; Owner: jira
--

SELECT pg_catalog.setval('"AO_86ED1B_TIMESHEET_APPROVAL_ID_seq"', 1, false);


--
-- Data for Name: AO_86ED1B_TIMESHEET_STATUS; Type: TABLE DATA; Schema: public; Owner: jira
--



--
-- Name: AO_86ED1B_TIMESHEET_STATUS_ID_seq; Type: SEQUENCE SET; Schema: public; Owner: jira
--

SELECT pg_catalog.setval('"AO_86ED1B_TIMESHEET_STATUS_ID_seq"', 1, false);


--
-- Data for Name: AO_88DE6A_AGREEMENT; Type: TABLE DATA; Schema: public; Owner: jira
--



--
-- Name: AO_88DE6A_AGREEMENT_ID_seq; Type: SEQUENCE SET; Schema: public; Owner: jira
--

SELECT pg_catalog.setval('"AO_88DE6A_AGREEMENT_ID_seq"', 1, false);


--
-- Data for Name: AO_88DE6A_CONNECTION; Type: TABLE DATA; Schema: public; Owner: jira
--



--
-- Name: AO_88DE6A_CONNECTION_ID_seq; Type: SEQUENCE SET; Schema: public; Owner: jira
--

SELECT pg_catalog.setval('"AO_88DE6A_CONNECTION_ID_seq"', 1, false);


--
-- Data for Name: AO_88DE6A_LICENSE; Type: TABLE DATA; Schema: public; Owner: jira
--



--
-- Name: AO_88DE6A_LICENSE_ID_seq; Type: SEQUENCE SET; Schema: public; Owner: jira
--

SELECT pg_catalog.setval('"AO_88DE6A_LICENSE_ID_seq"', 1, false);


--
-- Data for Name: AO_88DE6A_MAPPING_BEAN; Type: TABLE DATA; Schema: public; Owner: jira
--



--
-- Name: AO_88DE6A_MAPPING_BEAN_ID_seq; Type: SEQUENCE SET; Schema: public; Owner: jira
--

SELECT pg_catalog.setval('"AO_88DE6A_MAPPING_BEAN_ID_seq"', 1, false);


--
-- Data for Name: AO_88DE6A_MAPPING_ENTRY; Type: TABLE DATA; Schema: public; Owner: jira
--



--
-- Name: AO_88DE6A_MAPPING_ENTRY_ID_seq; Type: SEQUENCE SET; Schema: public; Owner: jira
--

SELECT pg_catalog.setval('"AO_88DE6A_MAPPING_ENTRY_ID_seq"', 1, false);


--
-- Data for Name: AO_88DE6A_TRANSACTION; Type: TABLE DATA; Schema: public; Owner: jira
--



--
-- Data for Name: AO_88DE6A_TRANSACTION_CONTENT; Type: TABLE DATA; Schema: public; Owner: jira
--



--
-- Name: AO_88DE6A_TRANSACTION_CONTENT_ID_seq; Type: SEQUENCE SET; Schema: public; Owner: jira
--

SELECT pg_catalog.setval('"AO_88DE6A_TRANSACTION_CONTENT_ID_seq"', 1, false);


--
-- Name: AO_88DE6A_TRANSACTION_ID_seq; Type: SEQUENCE SET; Schema: public; Owner: jira
--

SELECT pg_catalog.setval('"AO_88DE6A_TRANSACTION_ID_seq"', 1, false);


--
-- Data for Name: AO_88DE6A_TRANSACTION_LOG; Type: TABLE DATA; Schema: public; Owner: jira
--



--
-- Name: AO_88DE6A_TRANSACTION_LOG_ID_seq; Type: SEQUENCE SET; Schema: public; Owner: jira
--

SELECT pg_catalog.setval('"AO_88DE6A_TRANSACTION_LOG_ID_seq"', 1, false);


--
-- Data for Name: AO_9B2E3B_RULE_EXECUTION; Type: TABLE DATA; Schema: public; Owner: jira
--



--
-- Data for Name: AO_9B2E3B_EXEC_RULE_MSG_ITEM; Type: TABLE DATA; Schema: public; Owner: jira
--



--
-- Name: AO_9B2E3B_EXEC_RULE_MSG_ITEM_ID_seq; Type: SEQUENCE SET; Schema: public; Owner: jira
--

SELECT pg_catalog.setval('"AO_9B2E3B_EXEC_RULE_MSG_ITEM_ID_seq"', 1, false);


--
-- Data for Name: AO_9B2E3B_RULESET; Type: TABLE DATA; Schema: public; Owner: jira
--



--
-- Data for Name: AO_9B2E3B_RULESET_REVISION; Type: TABLE DATA; Schema: public; Owner: jira
--



--
-- Data for Name: AO_9B2E3B_RULE; Type: TABLE DATA; Schema: public; Owner: jira
--



--
-- Data for Name: AO_9B2E3B_IF_THEN; Type: TABLE DATA; Schema: public; Owner: jira
--



--
-- Data for Name: AO_9B2E3B_IF_CONDITION_CONFIG; Type: TABLE DATA; Schema: public; Owner: jira
--



--
-- Name: AO_9B2E3B_IF_CONDITION_CONFIG_ID_seq; Type: SEQUENCE SET; Schema: public; Owner: jira
--

SELECT pg_catalog.setval('"AO_9B2E3B_IF_CONDITION_CONFIG_ID_seq"', 1, false);


--
-- Data for Name: AO_9B2E3B_IF_COND_CONF_DATA; Type: TABLE DATA; Schema: public; Owner: jira
--



--
-- Name: AO_9B2E3B_IF_COND_CONF_DATA_ID_seq; Type: SEQUENCE SET; Schema: public; Owner: jira
--

SELECT pg_catalog.setval('"AO_9B2E3B_IF_COND_CONF_DATA_ID_seq"', 1, false);


--
-- Data for Name: AO_9B2E3B_IF_THEN_EXECUTION; Type: TABLE DATA; Schema: public; Owner: jira
--



--
-- Data for Name: AO_9B2E3B_IF_EXECUTION; Type: TABLE DATA; Schema: public; Owner: jira
--



--
-- Data for Name: AO_9B2E3B_IF_COND_EXECUTION; Type: TABLE DATA; Schema: public; Owner: jira
--



--
-- Name: AO_9B2E3B_IF_COND_EXECUTION_ID_seq; Type: SEQUENCE SET; Schema: public; Owner: jira
--

SELECT pg_catalog.setval('"AO_9B2E3B_IF_COND_EXECUTION_ID_seq"', 1, false);


--
-- Name: AO_9B2E3B_IF_EXECUTION_ID_seq; Type: SEQUENCE SET; Schema: public; Owner: jira
--

SELECT pg_catalog.setval('"AO_9B2E3B_IF_EXECUTION_ID_seq"', 1, false);


--
-- Name: AO_9B2E3B_IF_THEN_EXECUTION_ID_seq; Type: SEQUENCE SET; Schema: public; Owner: jira
--

SELECT pg_catalog.setval('"AO_9B2E3B_IF_THEN_EXECUTION_ID_seq"', 1, false);


--
-- Name: AO_9B2E3B_IF_THEN_ID_seq; Type: SEQUENCE SET; Schema: public; Owner: jira
--

SELECT pg_catalog.setval('"AO_9B2E3B_IF_THEN_ID_seq"', 1, false);


--
-- Data for Name: AO_9B2E3B_PROJECT_USER_CONTEXT; Type: TABLE DATA; Schema: public; Owner: jira
--



--
-- Name: AO_9B2E3B_PROJECT_USER_CONTEXT_ID_seq; Type: SEQUENCE SET; Schema: public; Owner: jira
--

SELECT pg_catalog.setval('"AO_9B2E3B_PROJECT_USER_CONTEXT_ID_seq"', 1, false);


--
-- Data for Name: AO_9B2E3B_RSETREV_PROJ_CONTEXT; Type: TABLE DATA; Schema: public; Owner: jira
--



--
-- Name: AO_9B2E3B_RSETREV_PROJ_CONTEXT_ID_seq; Type: SEQUENCE SET; Schema: public; Owner: jira
--

SELECT pg_catalog.setval('"AO_9B2E3B_RSETREV_PROJ_CONTEXT_ID_seq"', 1, false);


--
-- Data for Name: AO_9B2E3B_RSETREV_USER_CONTEXT; Type: TABLE DATA; Schema: public; Owner: jira
--



--
-- Name: AO_9B2E3B_RSETREV_USER_CONTEXT_ID_seq; Type: SEQUENCE SET; Schema: public; Owner: jira
--

SELECT pg_catalog.setval('"AO_9B2E3B_RSETREV_USER_CONTEXT_ID_seq"', 1, false);


--
-- Name: AO_9B2E3B_RULESET_ID_seq; Type: SEQUENCE SET; Schema: public; Owner: jira
--

SELECT pg_catalog.setval('"AO_9B2E3B_RULESET_ID_seq"', 1, false);


--
-- Name: AO_9B2E3B_RULESET_REVISION_ID_seq; Type: SEQUENCE SET; Schema: public; Owner: jira
--

SELECT pg_catalog.setval('"AO_9B2E3B_RULESET_REVISION_ID_seq"', 1, false);


--
-- Name: AO_9B2E3B_RULE_EXECUTION_ID_seq; Type: SEQUENCE SET; Schema: public; Owner: jira
--

SELECT pg_catalog.setval('"AO_9B2E3B_RULE_EXECUTION_ID_seq"', 1, false);


--
-- Name: AO_9B2E3B_RULE_ID_seq; Type: SEQUENCE SET; Schema: public; Owner: jira
--

SELECT pg_catalog.setval('"AO_9B2E3B_RULE_ID_seq"', 1, false);


--
-- Data for Name: AO_9B2E3B_THEN_ACTION_CONFIG; Type: TABLE DATA; Schema: public; Owner: jira
--



--
-- Name: AO_9B2E3B_THEN_ACTION_CONFIG_ID_seq; Type: SEQUENCE SET; Schema: public; Owner: jira
--

SELECT pg_catalog.setval('"AO_9B2E3B_THEN_ACTION_CONFIG_ID_seq"', 1, false);


--
-- Data for Name: AO_9B2E3B_THEN_ACT_CONF_DATA; Type: TABLE DATA; Schema: public; Owner: jira
--



--
-- Name: AO_9B2E3B_THEN_ACT_CONF_DATA_ID_seq; Type: SEQUENCE SET; Schema: public; Owner: jira
--

SELECT pg_catalog.setval('"AO_9B2E3B_THEN_ACT_CONF_DATA_ID_seq"', 1, false);


--
-- Data for Name: AO_9B2E3B_THEN_EXECUTION; Type: TABLE DATA; Schema: public; Owner: jira
--



--
-- Data for Name: AO_9B2E3B_THEN_ACT_EXECUTION; Type: TABLE DATA; Schema: public; Owner: jira
--



--
-- Name: AO_9B2E3B_THEN_ACT_EXECUTION_ID_seq; Type: SEQUENCE SET; Schema: public; Owner: jira
--

SELECT pg_catalog.setval('"AO_9B2E3B_THEN_ACT_EXECUTION_ID_seq"', 1, false);


--
-- Name: AO_9B2E3B_THEN_EXECUTION_ID_seq; Type: SEQUENCE SET; Schema: public; Owner: jira
--

SELECT pg_catalog.setval('"AO_9B2E3B_THEN_EXECUTION_ID_seq"', 1, false);


--
-- Data for Name: AO_9B2E3B_WHEN_HANDLER_CONFIG; Type: TABLE DATA; Schema: public; Owner: jira
--



--
-- Name: AO_9B2E3B_WHEN_HANDLER_CONFIG_ID_seq; Type: SEQUENCE SET; Schema: public; Owner: jira
--

SELECT pg_catalog.setval('"AO_9B2E3B_WHEN_HANDLER_CONFIG_ID_seq"', 1, false);


--
-- Data for Name: AO_9B2E3B_WHEN_HAND_CONF_DATA; Type: TABLE DATA; Schema: public; Owner: jira
--



--
-- Name: AO_9B2E3B_WHEN_HAND_CONF_DATA_ID_seq; Type: SEQUENCE SET; Schema: public; Owner: jira
--

SELECT pg_catalog.setval('"AO_9B2E3B_WHEN_HAND_CONF_DATA_ID_seq"', 1, false);


--
-- Name: AO_A0B856_WEB_HOOK_LISTENER_AO_ID_seq; Type: SEQUENCE SET; Schema: public; Owner: jira
--

SELECT pg_catalog.setval('"AO_A0B856_WEB_HOOK_LISTENER_AO_ID_seq"', 1, false);


--
-- Data for Name: AO_A415DF_AOPLAN; Type: TABLE DATA; Schema: public; Owner: jira
--



--
-- Data for Name: AO_A415DF_AOPERSON; Type: TABLE DATA; Schema: public; Owner: jira
--



--
-- Data for Name: AO_A415DF_AOABILITY; Type: TABLE DATA; Schema: public; Owner: jira
--



--
-- Name: AO_A415DF_AOABILITY_ID_OTHER_seq; Type: SEQUENCE SET; Schema: public; Owner: jira
--

SELECT pg_catalog.setval('"AO_A415DF_AOABILITY_ID_OTHER_seq"', 1, false);


--
-- Data for Name: AO_A415DF_AOABSENCE; Type: TABLE DATA; Schema: public; Owner: jira
--



--
-- Name: AO_A415DF_AOABSENCE_ID_OTHER_seq; Type: SEQUENCE SET; Schema: public; Owner: jira
--

SELECT pg_catalog.setval('"AO_A415DF_AOABSENCE_ID_OTHER_seq"', 1, false);


--
-- Data for Name: AO_A415DF_AOTEAM; Type: TABLE DATA; Schema: public; Owner: jira
--



--
-- Data for Name: AO_A415DF_AORESOURCE; Type: TABLE DATA; Schema: public; Owner: jira
--



--
-- Data for Name: AO_A415DF_AOAVAILABILITY; Type: TABLE DATA; Schema: public; Owner: jira
--



--
-- Name: AO_A415DF_AOAVAILABILITY_ID_OTHER_seq; Type: SEQUENCE SET; Schema: public; Owner: jira
--

SELECT pg_catalog.setval('"AO_A415DF_AOAVAILABILITY_ID_OTHER_seq"', 1, false);


--
-- Data for Name: AO_A415DF_AOCONFIGURATION; Type: TABLE DATA; Schema: public; Owner: jira
--



--
-- Name: AO_A415DF_AOCONFIGURATION_ID_OTHER_seq; Type: SEQUENCE SET; Schema: public; Owner: jira
--

SELECT pg_catalog.setval('"AO_A415DF_AOCONFIGURATION_ID_OTHER_seq"', 1, false);


--
-- Data for Name: AO_A415DF_AOCUSTOM_WORDING; Type: TABLE DATA; Schema: public; Owner: jira
--



--
-- Name: AO_A415DF_AOCUSTOM_WORDING_ID_OTHER_seq; Type: SEQUENCE SET; Schema: public; Owner: jira
--

SELECT pg_catalog.setval('"AO_A415DF_AOCUSTOM_WORDING_ID_OTHER_seq"', 1, false);


--
-- Data for Name: AO_A415DF_AODEPENDENCY; Type: TABLE DATA; Schema: public; Owner: jira
--



--
-- Name: AO_A415DF_AODEPENDENCY_ID_OTHER_seq; Type: SEQUENCE SET; Schema: public; Owner: jira
--

SELECT pg_catalog.setval('"AO_A415DF_AODEPENDENCY_ID_OTHER_seq"', 1, false);


--
-- Data for Name: AO_A415DF_AODOOR_STOP; Type: TABLE DATA; Schema: public; Owner: jira
--



--
-- Name: AO_A415DF_AODOOR_STOP_ID_seq; Type: SEQUENCE SET; Schema: public; Owner: jira
--

SELECT pg_catalog.setval('"AO_A415DF_AODOOR_STOP_ID_seq"', 1, false);


--
-- Data for Name: AO_A415DF_AOSTREAM; Type: TABLE DATA; Schema: public; Owner: jira
--



--
-- Data for Name: AO_A415DF_AORELEASE; Type: TABLE DATA; Schema: public; Owner: jira
--



--
-- Data for Name: AO_A415DF_AOSPRINT; Type: TABLE DATA; Schema: public; Owner: jira
--



--
-- Data for Name: AO_A415DF_AOTHEME; Type: TABLE DATA; Schema: public; Owner: jira
--



--
-- Data for Name: AO_A415DF_AOWORK_ITEM; Type: TABLE DATA; Schema: public; Owner: jira
--



--
-- Data for Name: AO_A415DF_AOESTIMATE; Type: TABLE DATA; Schema: public; Owner: jira
--



--
-- Name: AO_A415DF_AOESTIMATE_ID_OTHER_seq; Type: SEQUENCE SET; Schema: public; Owner: jira
--

SELECT pg_catalog.setval('"AO_A415DF_AOESTIMATE_ID_OTHER_seq"', 1, false);


--
-- Data for Name: AO_A415DF_AOEXTENSION_LINK; Type: TABLE DATA; Schema: public; Owner: jira
--



--
-- Name: AO_A415DF_AOEXTENSION_LINK_ID_OTHER_seq; Type: SEQUENCE SET; Schema: public; Owner: jira
--

SELECT pg_catalog.setval('"AO_A415DF_AOEXTENSION_LINK_ID_OTHER_seq"', 1, false);


--
-- Data for Name: AO_A415DF_AONON_WORKING_DAYS; Type: TABLE DATA; Schema: public; Owner: jira
--



--
-- Name: AO_A415DF_AONON_WORKING_DAYS_ID_OTHER_seq; Type: SEQUENCE SET; Schema: public; Owner: jira
--

SELECT pg_catalog.setval('"AO_A415DF_AONON_WORKING_DAYS_ID_OTHER_seq"', 1, false);


--
-- Data for Name: AO_A415DF_AOPERMISSION; Type: TABLE DATA; Schema: public; Owner: jira
--



--
-- Name: AO_A415DF_AOPERMISSION_ID_OTHER_seq; Type: SEQUENCE SET; Schema: public; Owner: jira
--

SELECT pg_catalog.setval('"AO_A415DF_AOPERMISSION_ID_OTHER_seq"', 1, false);


--
-- Name: AO_A415DF_AOPERSON_ID_OTHER_seq; Type: SEQUENCE SET; Schema: public; Owner: jira
--

SELECT pg_catalog.setval('"AO_A415DF_AOPERSON_ID_OTHER_seq"', 1, false);


--
-- Data for Name: AO_A415DF_AOPLAN_CONFIGURATION; Type: TABLE DATA; Schema: public; Owner: jira
--



--
-- Name: AO_A415DF_AOPLAN_CONFIGURATION_ID_OTHER_seq; Type: SEQUENCE SET; Schema: public; Owner: jira
--

SELECT pg_catalog.setval('"AO_A415DF_AOPLAN_CONFIGURATION_ID_OTHER_seq"', 1, false);


--
-- Name: AO_A415DF_AOPLAN_ID_OTHER_seq; Type: SEQUENCE SET; Schema: public; Owner: jira
--

SELECT pg_catalog.setval('"AO_A415DF_AOPLAN_ID_OTHER_seq"', 1, false);


--
-- Data for Name: AO_A415DF_AOPRESENCE; Type: TABLE DATA; Schema: public; Owner: jira
--



--
-- Name: AO_A415DF_AOPRESENCE_ID_OTHER_seq; Type: SEQUENCE SET; Schema: public; Owner: jira
--

SELECT pg_catalog.setval('"AO_A415DF_AOPRESENCE_ID_OTHER_seq"', 1, false);


--
-- Name: AO_A415DF_AORELEASE_ID_OTHER_seq; Type: SEQUENCE SET; Schema: public; Owner: jira
--

SELECT pg_catalog.setval('"AO_A415DF_AORELEASE_ID_OTHER_seq"', 1, false);


--
-- Data for Name: AO_A415DF_AOREPLANNING; Type: TABLE DATA; Schema: public; Owner: jira
--



--
-- Name: AO_A415DF_AOREPLANNING_ID_OTHER_seq; Type: SEQUENCE SET; Schema: public; Owner: jira
--

SELECT pg_catalog.setval('"AO_A415DF_AOREPLANNING_ID_OTHER_seq"', 1, false);


--
-- Name: AO_A415DF_AORESOURCE_ID_OTHER_seq; Type: SEQUENCE SET; Schema: public; Owner: jira
--

SELECT pg_catalog.setval('"AO_A415DF_AORESOURCE_ID_OTHER_seq"', 1, false);


--
-- Data for Name: AO_A415DF_AOSTAGE; Type: TABLE DATA; Schema: public; Owner: jira
--



--
-- Data for Name: AO_A415DF_AOSKILL; Type: TABLE DATA; Schema: public; Owner: jira
--



--
-- Name: AO_A415DF_AOSKILL_ID_OTHER_seq; Type: SEQUENCE SET; Schema: public; Owner: jira
--

SELECT pg_catalog.setval('"AO_A415DF_AOSKILL_ID_OTHER_seq"', 1, false);


--
-- Data for Name: AO_A415DF_AOSOLUTION_STORE; Type: TABLE DATA; Schema: public; Owner: jira
--



--
-- Name: AO_A415DF_AOSOLUTION_STORE_ID_OTHER_seq; Type: SEQUENCE SET; Schema: public; Owner: jira
--

SELECT pg_catalog.setval('"AO_A415DF_AOSOLUTION_STORE_ID_OTHER_seq"', 1, false);


--
-- Name: AO_A415DF_AOSPRINT_ID_OTHER_seq; Type: SEQUENCE SET; Schema: public; Owner: jira
--

SELECT pg_catalog.setval('"AO_A415DF_AOSPRINT_ID_OTHER_seq"', 1, false);


--
-- Name: AO_A415DF_AOSTAGE_ID_OTHER_seq; Type: SEQUENCE SET; Schema: public; Owner: jira
--

SELECT pg_catalog.setval('"AO_A415DF_AOSTAGE_ID_OTHER_seq"', 1, false);


--
-- Name: AO_A415DF_AOSTREAM_ID_OTHER_seq; Type: SEQUENCE SET; Schema: public; Owner: jira
--

SELECT pg_catalog.setval('"AO_A415DF_AOSTREAM_ID_OTHER_seq"', 1, false);


--
-- Data for Name: AO_A415DF_AOSTREAM_TO_TEAM; Type: TABLE DATA; Schema: public; Owner: jira
--



--
-- Name: AO_A415DF_AOSTREAM_TO_TEAM_ID_OTHER_seq; Type: SEQUENCE SET; Schema: public; Owner: jira
--

SELECT pg_catalog.setval('"AO_A415DF_AOSTREAM_TO_TEAM_ID_OTHER_seq"', 1, false);


--
-- Name: AO_A415DF_AOTEAM_ID_OTHER_seq; Type: SEQUENCE SET; Schema: public; Owner: jira
--

SELECT pg_catalog.setval('"AO_A415DF_AOTEAM_ID_OTHER_seq"', 1, false);


--
-- Name: AO_A415DF_AOTHEME_ID_OTHER_seq; Type: SEQUENCE SET; Schema: public; Owner: jira
--

SELECT pg_catalog.setval('"AO_A415DF_AOTHEME_ID_OTHER_seq"', 1, false);


--
-- Name: AO_A415DF_AOWORK_ITEM_ID_OTHER_seq; Type: SEQUENCE SET; Schema: public; Owner: jira
--

SELECT pg_catalog.setval('"AO_A415DF_AOWORK_ITEM_ID_OTHER_seq"', 1, false);


--
-- Data for Name: AO_A415DF_AOWORK_ITEM_TO_RES; Type: TABLE DATA; Schema: public; Owner: jira
--



--
-- Name: AO_A415DF_AOWORK_ITEM_TO_RES_ID_OTHER_seq; Type: SEQUENCE SET; Schema: public; Owner: jira
--

SELECT pg_catalog.setval('"AO_A415DF_AOWORK_ITEM_TO_RES_ID_OTHER_seq"', 1, false);


--
-- Data for Name: AO_A44657_HEALTH_CHECK_ENTITY; Type: TABLE DATA; Schema: public; Owner: jira
--



--
-- Name: AO_A44657_HEALTH_CHECK_ENTITY_ID_seq; Type: SEQUENCE SET; Schema: public; Owner: jira
--

SELECT pg_catalog.setval('"AO_A44657_HEALTH_CHECK_ENTITY_ID_seq"', 1, false);


--
-- Data for Name: AO_AEFED0_PROGRAM; Type: TABLE DATA; Schema: public; Owner: jira
--



--
-- Data for Name: AO_AEFED0_TEAM_V2; Type: TABLE DATA; Schema: public; Owner: jira
--



--
-- Data for Name: AO_AEFED0_TEAM_MEMBER_V2; Type: TABLE DATA; Schema: public; Owner: jira
--



--
-- Data for Name: AO_AEFED0_TEAM_ROLE; Type: TABLE DATA; Schema: public; Owner: jira
--



--
-- Data for Name: AO_AEFED0_MEMBERSHIP; Type: TABLE DATA; Schema: public; Owner: jira
--



--
-- Name: AO_AEFED0_MEMBERSHIP_ID_seq; Type: SEQUENCE SET; Schema: public; Owner: jira
--

SELECT pg_catalog.setval('"AO_AEFED0_MEMBERSHIP_ID_seq"', 1, false);


--
-- Name: AO_AEFED0_PROGRAM_ID_seq; Type: SEQUENCE SET; Schema: public; Owner: jira
--

SELECT pg_catalog.setval('"AO_AEFED0_PROGRAM_ID_seq"', 1, false);


--
-- Data for Name: AO_AEFED0_TEAM; Type: TABLE DATA; Schema: public; Owner: jira
--



--
-- Name: AO_AEFED0_TEAM_ID_seq; Type: SEQUENCE SET; Schema: public; Owner: jira
--

SELECT pg_catalog.setval('"AO_AEFED0_TEAM_ID_seq"', 1, false);


--
-- Data for Name: AO_AEFED0_TEAM_LINK; Type: TABLE DATA; Schema: public; Owner: jira
--



--
-- Name: AO_AEFED0_TEAM_LINK_ID_seq; Type: SEQUENCE SET; Schema: public; Owner: jira
--

SELECT pg_catalog.setval('"AO_AEFED0_TEAM_LINK_ID_seq"', 1, false);


--
-- Data for Name: AO_AEFED0_TEAM_MEMBER; Type: TABLE DATA; Schema: public; Owner: jira
--



--
-- Name: AO_AEFED0_TEAM_MEMBER_ID_seq; Type: SEQUENCE SET; Schema: public; Owner: jira
--

SELECT pg_catalog.setval('"AO_AEFED0_TEAM_MEMBER_ID_seq"', 1, false);


--
-- Name: AO_AEFED0_TEAM_MEMBER_V2_ID_seq; Type: SEQUENCE SET; Schema: public; Owner: jira
--

SELECT pg_catalog.setval('"AO_AEFED0_TEAM_MEMBER_V2_ID_seq"', 1, false);


--
-- Data for Name: AO_AEFED0_TEAM_PERMISSION; Type: TABLE DATA; Schema: public; Owner: jira
--



--
-- Name: AO_AEFED0_TEAM_PERMISSION_ID_seq; Type: SEQUENCE SET; Schema: public; Owner: jira
--

SELECT pg_catalog.setval('"AO_AEFED0_TEAM_PERMISSION_ID_seq"', 1, false);


--
-- Name: AO_AEFED0_TEAM_ROLE_ID_seq; Type: SEQUENCE SET; Schema: public; Owner: jira
--

SELECT pg_catalog.setval('"AO_AEFED0_TEAM_ROLE_ID_seq"', 1, false);


--
-- Data for Name: AO_AEFED0_TEAM_TO_MEMBER; Type: TABLE DATA; Schema: public; Owner: jira
--



--
-- Name: AO_AEFED0_TEAM_TO_MEMBER_ID_seq; Type: SEQUENCE SET; Schema: public; Owner: jira
--

SELECT pg_catalog.setval('"AO_AEFED0_TEAM_TO_MEMBER_ID_seq"', 1, false);


--
-- Name: AO_AEFED0_TEAM_V2_ID_seq; Type: SEQUENCE SET; Schema: public; Owner: jira
--

SELECT pg_catalog.setval('"AO_AEFED0_TEAM_V2_ID_seq"', 1, false);


--
-- Data for Name: AO_B9A0F0_APPLIED_TEMPLATE; Type: TABLE DATA; Schema: public; Owner: jira
--



--
-- Name: AO_B9A0F0_APPLIED_TEMPLATE_ID_seq; Type: SEQUENCE SET; Schema: public; Owner: jira
--

SELECT pg_catalog.setval('"AO_B9A0F0_APPLIED_TEMPLATE_ID_seq"', 1, true);


--
-- Data for Name: AO_C3C6E8_CATEGORY_TYPE; Type: TABLE DATA; Schema: public; Owner: jira
--



--
-- Data for Name: AO_C3C6E8_CATEGORY_V1; Type: TABLE DATA; Schema: public; Owner: jira
--



--
-- Data for Name: AO_C3C6E8_CUSTOMER_V1; Type: TABLE DATA; Schema: public; Owner: jira
--



--
-- Data for Name: AO_C3C6E8_ACCOUNT_V1; Type: TABLE DATA; Schema: public; Owner: jira
--



--
-- Name: AO_C3C6E8_ACCOUNT_V1_ID_seq; Type: SEQUENCE SET; Schema: public; Owner: jira
--

SELECT pg_catalog.setval('"AO_C3C6E8_ACCOUNT_V1_ID_seq"', 1, false);


--
-- Data for Name: AO_C3C6E8_BUDGET; Type: TABLE DATA; Schema: public; Owner: jira
--



--
-- Name: AO_C3C6E8_BUDGET_ID_seq; Type: SEQUENCE SET; Schema: public; Owner: jira
--

SELECT pg_catalog.setval('"AO_C3C6E8_BUDGET_ID_seq"', 1, false);


--
-- Name: AO_C3C6E8_CATEGORY_TYPE_ID_seq; Type: SEQUENCE SET; Schema: public; Owner: jira
--

SELECT pg_catalog.setval('"AO_C3C6E8_CATEGORY_TYPE_ID_seq"', 1, false);


--
-- Name: AO_C3C6E8_CATEGORY_V1_ID_seq; Type: SEQUENCE SET; Schema: public; Owner: jira
--

SELECT pg_catalog.setval('"AO_C3C6E8_CATEGORY_V1_ID_seq"', 1, false);


--
-- Data for Name: AO_C3C6E8_CUSTOMER_PERMISSION; Type: TABLE DATA; Schema: public; Owner: jira
--



--
-- Name: AO_C3C6E8_CUSTOMER_PERMISSION_ID_seq; Type: SEQUENCE SET; Schema: public; Owner: jira
--

SELECT pg_catalog.setval('"AO_C3C6E8_CUSTOMER_PERMISSION_ID_seq"', 1, false);


--
-- Name: AO_C3C6E8_CUSTOMER_V1_ID_seq; Type: SEQUENCE SET; Schema: public; Owner: jira
--

SELECT pg_catalog.setval('"AO_C3C6E8_CUSTOMER_V1_ID_seq"', 1, false);


--
-- Data for Name: AO_C3C6E8_LINK_V1; Type: TABLE DATA; Schema: public; Owner: jira
--



--
-- Name: AO_C3C6E8_LINK_V1_ID_seq; Type: SEQUENCE SET; Schema: public; Owner: jira
--

SELECT pg_catalog.setval('"AO_C3C6E8_LINK_V1_ID_seq"', 1, false);


--
-- Data for Name: AO_C3C6E8_RATE_TABLE; Type: TABLE DATA; Schema: public; Owner: jira
--



--
-- Data for Name: AO_C3C6E8_RATE; Type: TABLE DATA; Schema: public; Owner: jira
--



--
-- Name: AO_C3C6E8_RATE_ID_seq; Type: SEQUENCE SET; Schema: public; Owner: jira
--

SELECT pg_catalog.setval('"AO_C3C6E8_RATE_ID_seq"', 1, false);


--
-- Name: AO_C3C6E8_RATE_TABLE_ID_seq; Type: SEQUENCE SET; Schema: public; Owner: jira
--

SELECT pg_catalog.setval('"AO_C3C6E8_RATE_TABLE_ID_seq"', 1, false);


--
-- Data for Name: AO_C7F17E_LINGO; Type: TABLE DATA; Schema: public; Owner: jira
--



--
-- Name: AO_C7F17E_LINGO_ID_seq; Type: SEQUENCE SET; Schema: public; Owner: jira
--

SELECT pg_catalog.setval('"AO_C7F17E_LINGO_ID_seq"', 1, false);


--
-- Data for Name: AO_C7F17E_LINGO_REVISION; Type: TABLE DATA; Schema: public; Owner: jira
--



--
-- Name: AO_C7F17E_LINGO_REVISION_ID_seq; Type: SEQUENCE SET; Schema: public; Owner: jira
--

SELECT pg_catalog.setval('"AO_C7F17E_LINGO_REVISION_ID_seq"', 1, false);


--
-- Data for Name: AO_C7F17E_LINGO_TRANSLATION; Type: TABLE DATA; Schema: public; Owner: jira
--



--
-- Name: AO_C7F17E_LINGO_TRANSLATION_ID_seq; Type: SEQUENCE SET; Schema: public; Owner: jira
--

SELECT pg_catalog.setval('"AO_C7F17E_LINGO_TRANSLATION_ID_seq"', 1, false);


--
-- Data for Name: AO_CFF990_AOTRANSITION_FAILURE; Type: TABLE DATA; Schema: public; Owner: jira
--



--
-- Name: AO_CFF990_AOTRANSITION_FAILURE_ID_seq; Type: SEQUENCE SET; Schema: public; Owner: jira
--

SELECT pg_catalog.setval('"AO_CFF990_AOTRANSITION_FAILURE_ID_seq"', 1, false);


--
-- Data for Name: AO_D9132D_SOLUTION; Type: TABLE DATA; Schema: public; Owner: jira
--



--
-- Data for Name: AO_D9132D_ASSIGNMENT; Type: TABLE DATA; Schema: public; Owner: jira
--



--
-- Name: AO_D9132D_ASSIGNMENT_ID_seq; Type: SEQUENCE SET; Schema: public; Owner: jira
--

SELECT pg_catalog.setval('"AO_D9132D_ASSIGNMENT_ID_seq"', 1, false);


--
-- Data for Name: AO_D9132D_CONFIGURATION; Type: TABLE DATA; Schema: public; Owner: jira
--



--
-- Name: AO_D9132D_CONFIGURATION_ID_seq; Type: SEQUENCE SET; Schema: public; Owner: jira
--

SELECT pg_catalog.setval('"AO_D9132D_CONFIGURATION_ID_seq"', 1, false);


--
-- Data for Name: AO_D9132D_DEP_ISSUE_LINK_TYPES; Type: TABLE DATA; Schema: public; Owner: jira
--



--
-- Name: AO_D9132D_DEP_ISSUE_LINK_TYPES_ID_seq; Type: SEQUENCE SET; Schema: public; Owner: jira
--

SELECT pg_catalog.setval('"AO_D9132D_DEP_ISSUE_LINK_TYPES_ID_seq"', 1, false);


--
-- Data for Name: AO_D9132D_PLAN; Type: TABLE DATA; Schema: public; Owner: jira
--



--
-- Data for Name: AO_D9132D_SCENARIO; Type: TABLE DATA; Schema: public; Owner: jira
--



--
-- Data for Name: AO_D9132D_SCENARIO_ISSUES; Type: TABLE DATA; Schema: public; Owner: jira
--



--
-- Data for Name: AO_D9132D_DISTRIBUTION; Type: TABLE DATA; Schema: public; Owner: jira
--



--
-- Name: AO_D9132D_DISTRIBUTION_ID_seq; Type: SEQUENCE SET; Schema: public; Owner: jira
--

SELECT pg_catalog.setval('"AO_D9132D_DISTRIBUTION_ID_seq"', 1, false);


--
-- Data for Name: AO_D9132D_EXCLUDED_VERSIONS; Type: TABLE DATA; Schema: public; Owner: jira
--



--
-- Name: AO_D9132D_EXCLUDED_VERSIONS_ID_seq; Type: SEQUENCE SET; Schema: public; Owner: jira
--

SELECT pg_catalog.setval('"AO_D9132D_EXCLUDED_VERSIONS_ID_seq"', 1, false);


--
-- Data for Name: AO_D9132D_HIERARCHY_CONFIG; Type: TABLE DATA; Schema: public; Owner: jira
--



--
-- Name: AO_D9132D_HIERARCHY_CONFIG_ID_seq; Type: SEQUENCE SET; Schema: public; Owner: jira
--

SELECT pg_catalog.setval('"AO_D9132D_HIERARCHY_CONFIG_ID_seq"', 1, false);


--
-- Data for Name: AO_D9132D_INIT; Type: TABLE DATA; Schema: public; Owner: jira
--



--
-- Name: AO_D9132D_INIT_ID_seq; Type: SEQUENCE SET; Schema: public; Owner: jira
--

SELECT pg_catalog.setval('"AO_D9132D_INIT_ID_seq"', 1, false);


--
-- Data for Name: AO_D9132D_ISSUE_SOURCE; Type: TABLE DATA; Schema: public; Owner: jira
--



--
-- Name: AO_D9132D_ISSUE_SOURCE_ID_seq; Type: SEQUENCE SET; Schema: public; Owner: jira
--

SELECT pg_catalog.setval('"AO_D9132D_ISSUE_SOURCE_ID_seq"', 1, false);


--
-- Data for Name: AO_D9132D_NONWORKINGDAYS; Type: TABLE DATA; Schema: public; Owner: jira
--



--
-- Name: AO_D9132D_NONWORKINGDAYS_ID_seq; Type: SEQUENCE SET; Schema: public; Owner: jira
--

SELECT pg_catalog.setval('"AO_D9132D_NONWORKINGDAYS_ID_seq"', 1, false);


--
-- Data for Name: AO_D9132D_PERMISSIONS; Type: TABLE DATA; Schema: public; Owner: jira
--



--
-- Name: AO_D9132D_PERMISSIONS_ID_seq; Type: SEQUENCE SET; Schema: public; Owner: jira
--

SELECT pg_catalog.setval('"AO_D9132D_PERMISSIONS_ID_seq"', 1, false);


--
-- Data for Name: AO_D9132D_PLANSKILL; Type: TABLE DATA; Schema: public; Owner: jira
--



--
-- Name: AO_D9132D_PLANSKILL_ID_seq; Type: SEQUENCE SET; Schema: public; Owner: jira
--

SELECT pg_catalog.setval('"AO_D9132D_PLANSKILL_ID_seq"', 1, false);


--
-- Data for Name: AO_D9132D_PLANTEAM; Type: TABLE DATA; Schema: public; Owner: jira
--



--
-- Name: AO_D9132D_PLANTEAM_ID_seq; Type: SEQUENCE SET; Schema: public; Owner: jira
--

SELECT pg_catalog.setval('"AO_D9132D_PLANTEAM_ID_seq"', 1, false);


--
-- Data for Name: AO_D9132D_THEME; Type: TABLE DATA; Schema: public; Owner: jira
--



--
-- Data for Name: AO_D9132D_PLANTHEME; Type: TABLE DATA; Schema: public; Owner: jira
--



--
-- Name: AO_D9132D_PLANTHEME_ID_seq; Type: SEQUENCE SET; Schema: public; Owner: jira
--

SELECT pg_catalog.setval('"AO_D9132D_PLANTHEME_ID_seq"', 1, false);


--
-- Data for Name: AO_D9132D_X_PROJECT_VERSION; Type: TABLE DATA; Schema: public; Owner: jira
--



--
-- Data for Name: AO_D9132D_PLANVERSION; Type: TABLE DATA; Schema: public; Owner: jira
--



--
-- Name: AO_D9132D_PLANVERSION_ID_seq; Type: SEQUENCE SET; Schema: public; Owner: jira
--

SELECT pg_catalog.setval('"AO_D9132D_PLANVERSION_ID_seq"', 1, false);


--
-- Name: AO_D9132D_PLAN_ID_seq; Type: SEQUENCE SET; Schema: public; Owner: jira
--

SELECT pg_catalog.setval('"AO_D9132D_PLAN_ID_seq"', 1, false);


--
-- Data for Name: AO_D9132D_RANK_ITEM; Type: TABLE DATA; Schema: public; Owner: jira
--



--
-- Name: AO_D9132D_RANK_ITEM_ID_seq; Type: SEQUENCE SET; Schema: public; Owner: jira
--

SELECT pg_catalog.setval('"AO_D9132D_RANK_ITEM_ID_seq"', 1, false);


--
-- Data for Name: AO_D9132D_SCENARIO_ABILITY; Type: TABLE DATA; Schema: public; Owner: jira
--



--
-- Name: AO_D9132D_SCENARIO_ABILITY_ID_seq; Type: SEQUENCE SET; Schema: public; Owner: jira
--

SELECT pg_catalog.setval('"AO_D9132D_SCENARIO_ABILITY_ID_seq"', 1, false);


--
-- Data for Name: AO_D9132D_SCENARIO_RESOURCE; Type: TABLE DATA; Schema: public; Owner: jira
--



--
-- Data for Name: AO_D9132D_SCENARIO_AVLBLTY; Type: TABLE DATA; Schema: public; Owner: jira
--



--
-- Name: AO_D9132D_SCENARIO_AVLBLTY_ID_seq; Type: SEQUENCE SET; Schema: public; Owner: jira
--

SELECT pg_catalog.setval('"AO_D9132D_SCENARIO_AVLBLTY_ID_seq"', 1, false);


--
-- Data for Name: AO_D9132D_SCENARIO_CHANGES; Type: TABLE DATA; Schema: public; Owner: jira
--



--
-- Name: AO_D9132D_SCENARIO_CHANGES_ID_seq; Type: SEQUENCE SET; Schema: public; Owner: jira
--

SELECT pg_catalog.setval('"AO_D9132D_SCENARIO_CHANGES_ID_seq"', 1, false);


--
-- Name: AO_D9132D_SCENARIO_ID_seq; Type: SEQUENCE SET; Schema: public; Owner: jira
--

SELECT pg_catalog.setval('"AO_D9132D_SCENARIO_ID_seq"', 1, false);


--
-- Name: AO_D9132D_SCENARIO_ISSUES_ID_seq; Type: SEQUENCE SET; Schema: public; Owner: jira
--

SELECT pg_catalog.setval('"AO_D9132D_SCENARIO_ISSUES_ID_seq"', 1, false);


--
-- Data for Name: AO_D9132D_SCENARIO_ISSUE_LINKS; Type: TABLE DATA; Schema: public; Owner: jira
--



--
-- Name: AO_D9132D_SCENARIO_ISSUE_LINKS_ID_seq; Type: SEQUENCE SET; Schema: public; Owner: jira
--

SELECT pg_catalog.setval('"AO_D9132D_SCENARIO_ISSUE_LINKS_ID_seq"', 1, false);


--
-- Data for Name: AO_D9132D_SCENARIO_ISSUE_RES; Type: TABLE DATA; Schema: public; Owner: jira
--



--
-- Name: AO_D9132D_SCENARIO_ISSUE_RES_ID_seq; Type: SEQUENCE SET; Schema: public; Owner: jira
--

SELECT pg_catalog.setval('"AO_D9132D_SCENARIO_ISSUE_RES_ID_seq"', 1, false);


--
-- Data for Name: AO_D9132D_SCENARIO_PERSON; Type: TABLE DATA; Schema: public; Owner: jira
--



--
-- Name: AO_D9132D_SCENARIO_PERSON_ID_seq; Type: SEQUENCE SET; Schema: public; Owner: jira
--

SELECT pg_catalog.setval('"AO_D9132D_SCENARIO_PERSON_ID_seq"', 1, false);


--
-- Name: AO_D9132D_SCENARIO_RESOURCE_ID_seq; Type: SEQUENCE SET; Schema: public; Owner: jira
--

SELECT pg_catalog.setval('"AO_D9132D_SCENARIO_RESOURCE_ID_seq"', 1, false);


--
-- Data for Name: AO_D9132D_SCENARIO_SKILL; Type: TABLE DATA; Schema: public; Owner: jira
--



--
-- Name: AO_D9132D_SCENARIO_SKILL_ID_seq; Type: SEQUENCE SET; Schema: public; Owner: jira
--

SELECT pg_catalog.setval('"AO_D9132D_SCENARIO_SKILL_ID_seq"', 1, false);


--
-- Data for Name: AO_D9132D_SCENARIO_STAGE; Type: TABLE DATA; Schema: public; Owner: jira
--



--
-- Name: AO_D9132D_SCENARIO_STAGE_ID_seq; Type: SEQUENCE SET; Schema: public; Owner: jira
--

SELECT pg_catalog.setval('"AO_D9132D_SCENARIO_STAGE_ID_seq"', 1, false);


--
-- Data for Name: AO_D9132D_SCENARIO_TEAM; Type: TABLE DATA; Schema: public; Owner: jira
--



--
-- Name: AO_D9132D_SCENARIO_TEAM_ID_seq; Type: SEQUENCE SET; Schema: public; Owner: jira
--

SELECT pg_catalog.setval('"AO_D9132D_SCENARIO_TEAM_ID_seq"', 1, false);


--
-- Data for Name: AO_D9132D_SCENARIO_THEME; Type: TABLE DATA; Schema: public; Owner: jira
--



--
-- Name: AO_D9132D_SCENARIO_THEME_ID_seq; Type: SEQUENCE SET; Schema: public; Owner: jira
--

SELECT pg_catalog.setval('"AO_D9132D_SCENARIO_THEME_ID_seq"', 1, false);


--
-- Data for Name: AO_D9132D_SCENARIO_VERSION; Type: TABLE DATA; Schema: public; Owner: jira
--



--
-- Name: AO_D9132D_SCENARIO_VERSION_ID_seq; Type: SEQUENCE SET; Schema: public; Owner: jira
--

SELECT pg_catalog.setval('"AO_D9132D_SCENARIO_VERSION_ID_seq"', 1, false);


--
-- Data for Name: AO_D9132D_SCENARIO_XPVERSION; Type: TABLE DATA; Schema: public; Owner: jira
--



--
-- Name: AO_D9132D_SCENARIO_XPVERSION_ID_seq; Type: SEQUENCE SET; Schema: public; Owner: jira
--

SELECT pg_catalog.setval('"AO_D9132D_SCENARIO_XPVERSION_ID_seq"', 1, false);


--
-- Name: AO_D9132D_SOLUTION_ID_seq; Type: SEQUENCE SET; Schema: public; Owner: jira
--

SELECT pg_catalog.setval('"AO_D9132D_SOLUTION_ID_seq"', 1, false);


--
-- Data for Name: AO_D9132D_STAGE; Type: TABLE DATA; Schema: public; Owner: jira
--



--
-- Name: AO_D9132D_STAGE_ID_seq; Type: SEQUENCE SET; Schema: public; Owner: jira
--

SELECT pg_catalog.setval('"AO_D9132D_STAGE_ID_seq"', 1, false);


--
-- Name: AO_D9132D_THEME_ID_seq; Type: SEQUENCE SET; Schema: public; Owner: jira
--

SELECT pg_catalog.setval('"AO_D9132D_THEME_ID_seq"', 1, false);


--
-- Data for Name: AO_D9132D_VERSION_ENRICHMENT; Type: TABLE DATA; Schema: public; Owner: jira
--



--
-- Name: AO_D9132D_VERSION_ENRICHMENT_ID_seq; Type: SEQUENCE SET; Schema: public; Owner: jira
--

SELECT pg_catalog.setval('"AO_D9132D_VERSION_ENRICHMENT_ID_seq"', 1, false);


--
-- Name: AO_D9132D_X_PROJECT_VERSION_ID_seq; Type: SEQUENCE SET; Schema: public; Owner: jira
--

SELECT pg_catalog.setval('"AO_D9132D_X_PROJECT_VERSION_ID_seq"', 1, false);


--
-- Data for Name: AO_DEB285_BLOG_AO; Type: TABLE DATA; Schema: public; Owner: jira
--



--
-- Name: AO_DEB285_BLOG_AO_ID_seq; Type: SEQUENCE SET; Schema: public; Owner: jira
--

SELECT pg_catalog.setval('"AO_DEB285_BLOG_AO_ID_seq"', 1, false);


--
-- Data for Name: AO_DEB285_COMMENT_AO; Type: TABLE DATA; Schema: public; Owner: jira
--



--
-- Name: AO_DEB285_COMMENT_AO_ID_seq; Type: SEQUENCE SET; Schema: public; Owner: jira
--

SELECT pg_catalog.setval('"AO_DEB285_COMMENT_AO_ID_seq"', 1, false);


--
-- Data for Name: AO_E8B6CC_REPOSITORY_MAPPING; Type: TABLE DATA; Schema: public; Owner: jira
--



--
-- Data for Name: AO_E8B6CC_BRANCH; Type: TABLE DATA; Schema: public; Owner: jira
--



--
-- Data for Name: AO_E8B6CC_BRANCH_HEAD_MAPPING; Type: TABLE DATA; Schema: public; Owner: jira
--



--
-- Name: AO_E8B6CC_BRANCH_HEAD_MAPPING_ID_seq; Type: SEQUENCE SET; Schema: public; Owner: jira
--

SELECT pg_catalog.setval('"AO_E8B6CC_BRANCH_HEAD_MAPPING_ID_seq"', 1, false);


--
-- Name: AO_E8B6CC_BRANCH_ID_seq; Type: SEQUENCE SET; Schema: public; Owner: jira
--

SELECT pg_catalog.setval('"AO_E8B6CC_BRANCH_ID_seq"', 1, false);


--
-- Data for Name: AO_E8B6CC_CHANGESET_MAPPING; Type: TABLE DATA; Schema: public; Owner: jira
--



--
-- Name: AO_E8B6CC_CHANGESET_MAPPING_ID_seq; Type: SEQUENCE SET; Schema: public; Owner: jira
--

SELECT pg_catalog.setval('"AO_E8B6CC_CHANGESET_MAPPING_ID_seq"', 1, false);


--
-- Data for Name: AO_E8B6CC_COMMIT; Type: TABLE DATA; Schema: public; Owner: jira
--



--
-- Name: AO_E8B6CC_COMMIT_ID_seq; Type: SEQUENCE SET; Schema: public; Owner: jira
--

SELECT pg_catalog.setval('"AO_E8B6CC_COMMIT_ID_seq"', 1, false);


--
-- Data for Name: AO_E8B6CC_GIT_HUB_EVENT; Type: TABLE DATA; Schema: public; Owner: jira
--



--
-- Name: AO_E8B6CC_GIT_HUB_EVENT_ID_seq; Type: SEQUENCE SET; Schema: public; Owner: jira
--

SELECT pg_catalog.setval('"AO_E8B6CC_GIT_HUB_EVENT_ID_seq"', 1, false);


--
-- Data for Name: AO_E8B6CC_ISSUE_TO_BRANCH; Type: TABLE DATA; Schema: public; Owner: jira
--



--
-- Name: AO_E8B6CC_ISSUE_TO_BRANCH_ID_seq; Type: SEQUENCE SET; Schema: public; Owner: jira
--

SELECT pg_catalog.setval('"AO_E8B6CC_ISSUE_TO_BRANCH_ID_seq"', 1, false);


--
-- Data for Name: AO_E8B6CC_ISSUE_TO_CHANGESET; Type: TABLE DATA; Schema: public; Owner: jira
--



--
-- Name: AO_E8B6CC_ISSUE_TO_CHANGESET_ID_seq; Type: SEQUENCE SET; Schema: public; Owner: jira
--

SELECT pg_catalog.setval('"AO_E8B6CC_ISSUE_TO_CHANGESET_ID_seq"', 1, false);


--
-- Data for Name: AO_E8B6CC_MESSAGE; Type: TABLE DATA; Schema: public; Owner: jira
--



--
-- Name: AO_E8B6CC_MESSAGE_ID_seq; Type: SEQUENCE SET; Schema: public; Owner: jira
--

SELECT pg_catalog.setval('"AO_E8B6CC_MESSAGE_ID_seq"', 1, false);


--
-- Data for Name: AO_E8B6CC_MESSAGE_QUEUE_ITEM; Type: TABLE DATA; Schema: public; Owner: jira
--



--
-- Name: AO_E8B6CC_MESSAGE_QUEUE_ITEM_ID_seq; Type: SEQUENCE SET; Schema: public; Owner: jira
--

SELECT pg_catalog.setval('"AO_E8B6CC_MESSAGE_QUEUE_ITEM_ID_seq"', 1, false);


--
-- Data for Name: AO_E8B6CC_MESSAGE_TAG; Type: TABLE DATA; Schema: public; Owner: jira
--



--
-- Name: AO_E8B6CC_MESSAGE_TAG_ID_seq; Type: SEQUENCE SET; Schema: public; Owner: jira
--

SELECT pg_catalog.setval('"AO_E8B6CC_MESSAGE_TAG_ID_seq"', 1, false);


--
-- Data for Name: AO_E8B6CC_ORGANIZATION_MAPPING; Type: TABLE DATA; Schema: public; Owner: jira
--



--
-- Name: AO_E8B6CC_ORGANIZATION_MAPPING_ID_seq; Type: SEQUENCE SET; Schema: public; Owner: jira
--

SELECT pg_catalog.setval('"AO_E8B6CC_ORGANIZATION_MAPPING_ID_seq"', 1, false);


--
-- Data for Name: AO_E8B6CC_ORG_TO_PROJECT; Type: TABLE DATA; Schema: public; Owner: jira
--



--
-- Name: AO_E8B6CC_ORG_TO_PROJECT_ID_seq; Type: SEQUENCE SET; Schema: public; Owner: jira
--

SELECT pg_catalog.setval('"AO_E8B6CC_ORG_TO_PROJECT_ID_seq"', 1, false);


--
-- Data for Name: AO_E8B6CC_PR_ISSUE_KEY; Type: TABLE DATA; Schema: public; Owner: jira
--



--
-- Name: AO_E8B6CC_PR_ISSUE_KEY_ID_seq; Type: SEQUENCE SET; Schema: public; Owner: jira
--

SELECT pg_catalog.setval('"AO_E8B6CC_PR_ISSUE_KEY_ID_seq"', 1, false);


--
-- Data for Name: AO_E8B6CC_PULL_REQUEST; Type: TABLE DATA; Schema: public; Owner: jira
--



--
-- Data for Name: AO_E8B6CC_PR_PARTICIPANT; Type: TABLE DATA; Schema: public; Owner: jira
--



--
-- Name: AO_E8B6CC_PR_PARTICIPANT_ID_seq; Type: SEQUENCE SET; Schema: public; Owner: jira
--

SELECT pg_catalog.setval('"AO_E8B6CC_PR_PARTICIPANT_ID_seq"', 1, false);


--
-- Data for Name: AO_E8B6CC_PR_TO_COMMIT; Type: TABLE DATA; Schema: public; Owner: jira
--



--
-- Name: AO_E8B6CC_PR_TO_COMMIT_ID_seq; Type: SEQUENCE SET; Schema: public; Owner: jira
--

SELECT pg_catalog.setval('"AO_E8B6CC_PR_TO_COMMIT_ID_seq"', 1, false);


--
-- Name: AO_E8B6CC_PULL_REQUEST_ID_seq; Type: SEQUENCE SET; Schema: public; Owner: jira
--

SELECT pg_catalog.setval('"AO_E8B6CC_PULL_REQUEST_ID_seq"', 1, false);


--
-- Name: AO_E8B6CC_REPOSITORY_MAPPING_ID_seq; Type: SEQUENCE SET; Schema: public; Owner: jira
--

SELECT pg_catalog.setval('"AO_E8B6CC_REPOSITORY_MAPPING_ID_seq"', 1, false);


--
-- Data for Name: AO_E8B6CC_REPO_TO_CHANGESET; Type: TABLE DATA; Schema: public; Owner: jira
--



--
-- Name: AO_E8B6CC_REPO_TO_CHANGESET_ID_seq; Type: SEQUENCE SET; Schema: public; Owner: jira
--

SELECT pg_catalog.setval('"AO_E8B6CC_REPO_TO_CHANGESET_ID_seq"', 1, false);


--
-- Data for Name: AO_E8B6CC_REPO_TO_PROJECT; Type: TABLE DATA; Schema: public; Owner: jira
--



--
-- Name: AO_E8B6CC_REPO_TO_PROJECT_ID_seq; Type: SEQUENCE SET; Schema: public; Owner: jira
--

SELECT pg_catalog.setval('"AO_E8B6CC_REPO_TO_PROJECT_ID_seq"', 1, false);


--
-- Data for Name: AO_E8B6CC_SYNC_AUDIT_LOG; Type: TABLE DATA; Schema: public; Owner: jira
--



--
-- Name: AO_E8B6CC_SYNC_AUDIT_LOG_ID_seq; Type: SEQUENCE SET; Schema: public; Owner: jira
--

SELECT pg_catalog.setval('"AO_E8B6CC_SYNC_AUDIT_LOG_ID_seq"', 1, false);


--
-- Data for Name: AO_E8B6CC_SYNC_EVENT; Type: TABLE DATA; Schema: public; Owner: jira
--



--
-- Name: AO_E8B6CC_SYNC_EVENT_ID_seq; Type: SEQUENCE SET; Schema: public; Owner: jira
--

SELECT pg_catalog.setval('"AO_E8B6CC_SYNC_EVENT_ID_seq"', 1, false);


--
-- Data for Name: AO_ED979B_ACTIONREGISTRY; Type: TABLE DATA; Schema: public; Owner: jira
--



--
-- Name: AO_ED979B_ACTIONREGISTRY_ID_seq; Type: SEQUENCE SET; Schema: public; Owner: jira
--

SELECT pg_catalog.setval('"AO_ED979B_ACTIONREGISTRY_ID_seq"', 1, true);


--
-- Data for Name: AO_ED979B_EVENT; Type: TABLE DATA; Schema: public; Owner: jira
--



--
-- Data for Name: AO_ED979B_EVENTPROPERTY; Type: TABLE DATA; Schema: public; Owner: jira
--



--
-- Name: AO_ED979B_EVENTPROPERTY_ID_seq; Type: SEQUENCE SET; Schema: public; Owner: jira
--

SELECT pg_catalog.setval('"AO_ED979B_EVENTPROPERTY_ID_seq"', 1, true);


--
-- Name: AO_ED979B_EVENT_ID_seq; Type: SEQUENCE SET; Schema: public; Owner: jira
--

SELECT pg_catalog.setval('"AO_ED979B_EVENT_ID_seq"', 1, true);


--
-- Data for Name: AO_ED979B_SUBSCRIPTION; Type: TABLE DATA; Schema: public; Owner: jira
--



--
-- Name: AO_ED979B_SUBSCRIPTION_ID_seq; Type: SEQUENCE SET; Schema: public; Owner: jira
--

SELECT pg_catalog.setval('"AO_ED979B_SUBSCRIPTION_ID_seq"', 1, false);


--
-- Data for Name: AO_ED979B_USEREVENT; Type: TABLE DATA; Schema: public; Owner: jira
--



--
-- Name: AO_ED979B_USEREVENT_ID_seq; Type: SEQUENCE SET; Schema: public; Owner: jira
--

SELECT pg_catalog.setval('"AO_ED979B_USEREVENT_ID_seq"', 1, false);


--
-- Data for Name: AO_F1B27B_HISTORY_RECORD; Type: TABLE DATA; Schema: public; Owner: jira
--



--
-- Name: AO_F1B27B_HISTORY_RECORD_ID_seq; Type: SEQUENCE SET; Schema: public; Owner: jira
--

SELECT pg_catalog.setval('"AO_F1B27B_HISTORY_RECORD_ID_seq"', 1, false);


--
-- Data for Name: AO_F1B27B_PROMISE; Type: TABLE DATA; Schema: public; Owner: jira
--



--
-- Data for Name: AO_F1B27B_KEY_COMPONENT; Type: TABLE DATA; Schema: public; Owner: jira
--



--
-- Name: AO_F1B27B_KEY_COMPONENT_ID_seq; Type: SEQUENCE SET; Schema: public; Owner: jira
--

SELECT pg_catalog.setval('"AO_F1B27B_KEY_COMPONENT_ID_seq"', 1, false);


--
-- Data for Name: AO_F1B27B_PROMISE_HISTORY; Type: TABLE DATA; Schema: public; Owner: jira
--



--
-- Data for Name: AO_F1B27B_KEY_COMP_HISTORY; Type: TABLE DATA; Schema: public; Owner: jira
--



--
-- Name: AO_F1B27B_KEY_COMP_HISTORY_ID_seq; Type: SEQUENCE SET; Schema: public; Owner: jira
--

SELECT pg_catalog.setval('"AO_F1B27B_KEY_COMP_HISTORY_ID_seq"', 1, false);


--
-- Name: AO_F1B27B_PROMISE_HISTORY_ID_seq; Type: SEQUENCE SET; Schema: public; Owner: jira
--

SELECT pg_catalog.setval('"AO_F1B27B_PROMISE_HISTORY_ID_seq"', 1, false);


--
-- Name: AO_F1B27B_PROMISE_ID_seq; Type: SEQUENCE SET; Schema: public; Owner: jira
--

SELECT pg_catalog.setval('"AO_F1B27B_PROMISE_ID_seq"', 1, false);


--
-- Data for Name: AO_F4ED3A_ADD_ON_PROPERTY_AO; Type: TABLE DATA; Schema: public; Owner: jira
--



--
-- Name: AO_F4ED3A_ADD_ON_PROPERTY_AO_ID_seq; Type: SEQUENCE SET; Schema: public; Owner: jira
--

SELECT pg_catalog.setval('"AO_F4ED3A_ADD_ON_PROPERTY_AO_ID_seq"', 1, false);


--
-- Data for Name: addoncloudexport; Type: TABLE DATA; Schema: public; Owner: jira
--



--
-- Name: addoncloudexport_id_seq; Type: SEQUENCE SET; Schema: public; Owner: jira
--

SELECT pg_catalog.setval('addoncloudexport_id_seq', 10000, false);


--
-- Data for Name: adhocupgradetaskhistory; Type: TABLE DATA; Schema: public; Owner: jira
--



--
-- Name: adhocupgradetaskhistory_id_seq; Type: SEQUENCE SET; Schema: public; Owner: jira
--

SELECT pg_catalog.setval('adhocupgradetaskhistory_id_seq', 10000, false);


--
-- Data for Name: amq_temporary_store_a0b856; Type: TABLE DATA; Schema: public; Owner: jira
--



--
-- Name: amq_temporary_store_a0b856_id_seq; Type: SEQUENCE SET; Schema: public; Owner: jira
--

SELECT pg_catalog.setval('amq_temporary_store_a0b856_id_seq', 1, false);


--
-- Data for Name: ao_563aee_actor_entity; Type: TABLE DATA; Schema: public; Owner: jira
--



--
-- Data for Name: ao_563aee_media_link_entity; Type: TABLE DATA; Schema: public; Owner: jira
--



--
-- Data for Name: ao_563aee_object_entity; Type: TABLE DATA; Schema: public; Owner: jira
--



--
-- Data for Name: ao_563aee_target_entity; Type: TABLE DATA; Schema: public; Owner: jira
--



--
-- Data for Name: ao_563aee_activity_entity; Type: TABLE DATA; Schema: public; Owner: jira
--



--
-- Data for Name: ao_a0b856_web_hook_listener_ao; Type: TABLE DATA; Schema: public; Owner: jira
--



--
-- Data for Name: app_user; Type: TABLE DATA; Schema: public; Owner: jira
--

INSERT INTO app_user (id, user_key, lower_user_name) VALUES (10000, 'admin', 'admin');


--
-- Name: app_user_id_seq; Type: SEQUENCE SET; Schema: public; Owner: jira
--

SELECT pg_catalog.setval('app_user_id_seq', 10100, false);


--
-- Data for Name: async_task; Type: TABLE DATA; Schema: public; Owner: jira
--



--
-- Name: async_task_id_seq; Type: SEQUENCE SET; Schema: public; Owner: jira
--

SELECT pg_catalog.setval('async_task_id_seq', 10000, false);


--
-- Data for Name: async_task_payload; Type: TABLE DATA; Schema: public; Owner: jira
--



--
-- Name: async_task_payload_id_seq; Type: SEQUENCE SET; Schema: public; Owner: jira
--

SELECT pg_catalog.setval('async_task_payload_id_seq', 10000, false);


--
-- Data for Name: audit_changed_value; Type: TABLE DATA; Schema: public; Owner: jira
--

INSERT INTO audit_changed_value (id, log_id, name, delta_from, delta_to) VALUES (10000, 10000, 'Organisation', NULL, 'JIRA Development');
INSERT INTO audit_changed_value (id, log_id, name, delta_from, delta_to) VALUES (10001, 10000, 'Date Purchased', NULL, '17/Jul/14');
INSERT INTO audit_changed_value (id, log_id, name, delta_from, delta_to) VALUES (10002, 10000, 'License Type', NULL, 'Testing license with BusinessUser role.');
INSERT INTO audit_changed_value (id, log_id, name, delta_from, delta_to) VALUES (10003, 10000, 'Server ID', NULL, 'BG9T-XUV4-KZZH-B01W');
INSERT INTO audit_changed_value (id, log_id, name, delta_from, delta_to) VALUES (10004, 10000, 'Support Entitlement Number (SEN)', NULL, 'SEN');
INSERT INTO audit_changed_value (id, log_id, name, delta_from, delta_to) VALUES (10005, 10000, 'User Limit', NULL, 'Unlimited');
INSERT INTO audit_changed_value (id, log_id, name, delta_from, delta_to) VALUES (10006, 10000, 'jira-core', NULL, '5');
INSERT INTO audit_changed_value (id, log_id, name, delta_from, delta_to) VALUES (10007, 10001, 'Username', NULL, 'admin');
INSERT INTO audit_changed_value (id, log_id, name, delta_from, delta_to) VALUES (10008, 10001, 'Full name', NULL, 'admin');
INSERT INTO audit_changed_value (id, log_id, name, delta_from, delta_to) VALUES (10009, 10001, 'Email', NULL, 'admin@example.com');
INSERT INTO audit_changed_value (id, log_id, name, delta_from, delta_to) VALUES (10010, 10001, 'Active / Inactive', NULL, 'Active');
INSERT INTO audit_changed_value (id, log_id, name, delta_from, delta_to) VALUES (10100, 10102, 'jira-administrators', 'USE', 'jira-core');
INSERT INTO audit_changed_value (id, log_id, name, delta_from, delta_to) VALUES (10101, 10102, 'jira-users', 'USE', 'jira-core (default)');
INSERT INTO audit_changed_value (id, log_id, name, delta_from, delta_to) VALUES (10102, 10103, 'jira-administrators', 'USE', 'jira-software');
INSERT INTO audit_changed_value (id, log_id, name, delta_from, delta_to) VALUES (10103, 10103, 'jira-users', 'USE', 'jira-software (default)');
INSERT INTO audit_changed_value (id, log_id, name, delta_from, delta_to) VALUES (10104, 10104, 'jira-core', '', 'jira-core (default)');
INSERT INTO audit_changed_value (id, log_id, name, delta_from, delta_to) VALUES (10200, 10200, 'Name', NULL, 'Test sessions');
INSERT INTO audit_changed_value (id, log_id, name, delta_from, delta_to) VALUES (10201, 10200, 'Description', NULL, 'This custom field is created programmatically by Capture for JIRA.');
INSERT INTO audit_changed_value (id, log_id, name, delta_from, delta_to) VALUES (10202, 10200, 'Type', NULL, 'Capture for JIRA test sessions');
INSERT INTO audit_changed_value (id, log_id, name, delta_from, delta_to) VALUES (10203, 10201, 'Name', NULL, 'Raised during');
INSERT INTO audit_changed_value (id, log_id, name, delta_from, delta_to) VALUES (10204, 10201, 'Description', NULL, 'This custom field is created programmatically by Capture for JIRA.');
INSERT INTO audit_changed_value (id, log_id, name, delta_from, delta_to) VALUES (10205, 10201, 'Type', NULL, 'Capture for JIRA test session');
INSERT INTO audit_changed_value (id, log_id, name, delta_from, delta_to) VALUES (10206, 10202, 'Name', NULL, 'Bonfire User Agent');
INSERT INTO audit_changed_value (id, log_id, name, delta_from, delta_to) VALUES (10207, 10202, 'Description', NULL, 'This Custom Field is created programatically by Bonfire.');
INSERT INTO audit_changed_value (id, log_id, name, delta_from, delta_to) VALUES (10208, 10202, 'Type', NULL, 'Capture for JIRA text');
INSERT INTO audit_changed_value (id, log_id, name, delta_from, delta_to) VALUES (10209, 10203, 'Name', NULL, 'Bonfire Browser');
INSERT INTO audit_changed_value (id, log_id, name, delta_from, delta_to) VALUES (10210, 10203, 'Description', NULL, 'This Custom Field is created programatically by Bonfire.');
INSERT INTO audit_changed_value (id, log_id, name, delta_from, delta_to) VALUES (10211, 10203, 'Type', NULL, 'Capture for JIRA text');
INSERT INTO audit_changed_value (id, log_id, name, delta_from, delta_to) VALUES (10212, 10204, 'Name', NULL, 'Bonfire Operating System');
INSERT INTO audit_changed_value (id, log_id, name, delta_from, delta_to) VALUES (10213, 10204, 'Description', NULL, 'This Custom Field is created programatically by Bonfire.');
INSERT INTO audit_changed_value (id, log_id, name, delta_from, delta_to) VALUES (10214, 10204, 'Type', NULL, 'Capture for JIRA text');
INSERT INTO audit_changed_value (id, log_id, name, delta_from, delta_to) VALUES (10215, 10205, 'Name', NULL, 'Bonfire URL');
INSERT INTO audit_changed_value (id, log_id, name, delta_from, delta_to) VALUES (10216, 10205, 'Description', NULL, 'This Custom Field is created programatically by Bonfire.');
INSERT INTO audit_changed_value (id, log_id, name, delta_from, delta_to) VALUES (10217, 10205, 'Type', NULL, 'Capture for JIRA text');
INSERT INTO audit_changed_value (id, log_id, name, delta_from, delta_to) VALUES (10218, 10206, 'Name', NULL, 'Bonfire Screen Resolution');
INSERT INTO audit_changed_value (id, log_id, name, delta_from, delta_to) VALUES (10219, 10206, 'Description', NULL, 'This Custom Field is created programatically by Bonfire.');
INSERT INTO audit_changed_value (id, log_id, name, delta_from, delta_to) VALUES (10220, 10206, 'Type', NULL, 'Capture for JIRA text');
INSERT INTO audit_changed_value (id, log_id, name, delta_from, delta_to) VALUES (10221, 10207, 'Name', NULL, 'Bonfire jQuery Version');
INSERT INTO audit_changed_value (id, log_id, name, delta_from, delta_to) VALUES (10222, 10207, 'Description', NULL, 'This Custom Field is created programatically by Bonfire.');
INSERT INTO audit_changed_value (id, log_id, name, delta_from, delta_to) VALUES (10223, 10207, 'Type', NULL, 'Capture for JIRA text');
INSERT INTO audit_changed_value (id, log_id, name, delta_from, delta_to) VALUES (10224, 10208, 'Name', NULL, 'Bonfire Document Mode');
INSERT INTO audit_changed_value (id, log_id, name, delta_from, delta_to) VALUES (10225, 10208, 'Description', NULL, 'This Custom Field is created programatically by Bonfire.');
INSERT INTO audit_changed_value (id, log_id, name, delta_from, delta_to) VALUES (10226, 10208, 'Type', NULL, 'Capture for JIRA text');
INSERT INTO audit_changed_value (id, log_id, name, delta_from, delta_to) VALUES (10227, 10209, 'Name', NULL, 'Testing status');
INSERT INTO audit_changed_value (id, log_id, name, delta_from, delta_to) VALUES (10228, 10209, 'Description', NULL, 'This custom field is created programmatically by Capture for JIRA.');
INSERT INTO audit_changed_value (id, log_id, name, delta_from, delta_to) VALUES (10229, 10209, 'Type', NULL, 'Capture for JIRA testing status');
INSERT INTO audit_changed_value (id, log_id, name, delta_from, delta_to) VALUES (10230, 10210, 'Name', 'Bonfire User Agent', 'Capture for JIRA User Agent');
INSERT INTO audit_changed_value (id, log_id, name, delta_from, delta_to) VALUES (10231, 10210, 'Description', 'This Custom Field is created programatically by Bonfire.', 'This Custom Field is created programatically by Capture for JIRA.');
INSERT INTO audit_changed_value (id, log_id, name, delta_from, delta_to) VALUES (10232, 10211, 'Name', 'Bonfire Browser', 'Capture for JIRA Browser');
INSERT INTO audit_changed_value (id, log_id, name, delta_from, delta_to) VALUES (10233, 10211, 'Description', 'This Custom Field is created programatically by Bonfire.', 'This Custom Field is created programatically by Capture for JIRA.');
INSERT INTO audit_changed_value (id, log_id, name, delta_from, delta_to) VALUES (10234, 10212, 'Name', 'Bonfire Operating System', 'Capture for JIRA Operating System');
INSERT INTO audit_changed_value (id, log_id, name, delta_from, delta_to) VALUES (10235, 10212, 'Description', 'This Custom Field is created programatically by Bonfire.', 'This Custom Field is created programatically by Capture for JIRA.');
INSERT INTO audit_changed_value (id, log_id, name, delta_from, delta_to) VALUES (10236, 10213, 'Name', 'Bonfire URL', 'Capture for JIRA URL');
INSERT INTO audit_changed_value (id, log_id, name, delta_from, delta_to) VALUES (10237, 10213, 'Description', 'This Custom Field is created programatically by Bonfire.', 'This Custom Field is created programatically by Capture for JIRA.');
INSERT INTO audit_changed_value (id, log_id, name, delta_from, delta_to) VALUES (10238, 10214, 'Name', 'Bonfire Screen Resolution', 'Capture for JIRA Screen Resolution');
INSERT INTO audit_changed_value (id, log_id, name, delta_from, delta_to) VALUES (10239, 10214, 'Description', 'This Custom Field is created programatically by Bonfire.', 'This Custom Field is created programatically by Capture for JIRA.');
INSERT INTO audit_changed_value (id, log_id, name, delta_from, delta_to) VALUES (10240, 10215, 'Name', 'Bonfire jQuery Version', 'Capture for JIRA jQuery Version');
INSERT INTO audit_changed_value (id, log_id, name, delta_from, delta_to) VALUES (10241, 10215, 'Description', 'This Custom Field is created programatically by Bonfire.', 'This Custom Field is created programatically by Capture for JIRA.');
INSERT INTO audit_changed_value (id, log_id, name, delta_from, delta_to) VALUES (10242, 10216, 'Name', 'Bonfire Document Mode', 'Capture for JIRA Document Mode');
INSERT INTO audit_changed_value (id, log_id, name, delta_from, delta_to) VALUES (10243, 10216, 'Description', 'This Custom Field is created programatically by Bonfire.', 'This Custom Field is created programatically by Capture for JIRA.');
INSERT INTO audit_changed_value (id, log_id, name, delta_from, delta_to) VALUES (10244, 10217, 'Name', NULL, 'HSP: Task Management Workflow');
INSERT INTO audit_changed_value (id, log_id, name, delta_from, delta_to) VALUES (10245, 10217, 'Description', NULL, 'Task Management workflow');
INSERT INTO audit_changed_value (id, log_id, name, delta_from, delta_to) VALUES (10246, 10218, 'Name', NULL, 'HSP: Task Management Workflow Scheme');
INSERT INTO audit_changed_value (id, log_id, name, delta_from, delta_to) VALUES (10300, 10300, 'Name', NULL, 'development');
INSERT INTO audit_changed_value (id, log_id, name, delta_from, delta_to) VALUES (10301, 10300, 'Description', NULL, 'Includes development summary panel information used in JQL');
INSERT INTO audit_changed_value (id, log_id, name, delta_from, delta_to) VALUES (10302, 10300, 'Type', NULL, 'Dev Summary Custom Field');
INSERT INTO audit_changed_value (id, log_id, name, delta_from, delta_to) VALUES (10324, 10308, 'Name', NULL, 'Sprint');
INSERT INTO audit_changed_value (id, log_id, name, delta_from, delta_to) VALUES (10325, 10308, 'Description', NULL, 'JIRA Software sprint field');
INSERT INTO audit_changed_value (id, log_id, name, delta_from, delta_to) VALUES (10247, 10218, 'Description', NULL, '');
INSERT INTO audit_changed_value (id, log_id, name, delta_from, delta_to) VALUES (10248, 10221, 'Name', NULL, 'Homosapien');
INSERT INTO audit_changed_value (id, log_id, name, delta_from, delta_to) VALUES (10249, 10221, 'Key', NULL, 'HSP');
INSERT INTO audit_changed_value (id, log_id, name, delta_from, delta_to) VALUES (10250, 10221, 'Description', NULL, '');
INSERT INTO audit_changed_value (id, log_id, name, delta_from, delta_to) VALUES (10251, 10221, 'URL', NULL, '');
INSERT INTO audit_changed_value (id, log_id, name, delta_from, delta_to) VALUES (10252, 10221, 'Project Lead', NULL, 'admin');
INSERT INTO audit_changed_value (id, log_id, name, delta_from, delta_to) VALUES (10253, 10221, 'Default Assignee', NULL, 'Unassigned');
INSERT INTO audit_changed_value (id, log_id, name, delta_from, delta_to) VALUES (10303, 10301, 'Permission', '', 'Manage sprints');
INSERT INTO audit_changed_value (id, log_id, name, delta_from, delta_to) VALUES (10304, 10301, 'Type', '', 'Project Role');
INSERT INTO audit_changed_value (id, log_id, name, delta_from, delta_to) VALUES (10305, 10301, 'Value', '', 'Administrators');
INSERT INTO audit_changed_value (id, log_id, name, delta_from, delta_to) VALUES (10306, 10302, 'Permission', 'Manage sprints', '');
INSERT INTO audit_changed_value (id, log_id, name, delta_from, delta_to) VALUES (10307, 10302, 'Type', 'Project Role', '');
INSERT INTO audit_changed_value (id, log_id, name, delta_from, delta_to) VALUES (10308, 10302, 'Value', 'Administrators', '');
INSERT INTO audit_changed_value (id, log_id, name, delta_from, delta_to) VALUES (10309, 10303, 'Permission', '', 'Manage sprints');
INSERT INTO audit_changed_value (id, log_id, name, delta_from, delta_to) VALUES (10310, 10303, 'Type', '', 'Project Role');
INSERT INTO audit_changed_value (id, log_id, name, delta_from, delta_to) VALUES (10311, 10303, 'Value', '', 'Administrators');
INSERT INTO audit_changed_value (id, log_id, name, delta_from, delta_to) VALUES (10312, 10304, 'Name', NULL, 'Epic Name');
INSERT INTO audit_changed_value (id, log_id, name, delta_from, delta_to) VALUES (10313, 10304, 'Description', NULL, 'Provide a short name to identify this epic.');
INSERT INTO audit_changed_value (id, log_id, name, delta_from, delta_to) VALUES (10314, 10304, 'Type', NULL, 'Name of Epic');
INSERT INTO audit_changed_value (id, log_id, name, delta_from, delta_to) VALUES (10315, 10305, 'Name', NULL, 'Epic Status');
INSERT INTO audit_changed_value (id, log_id, name, delta_from, delta_to) VALUES (10316, 10305, 'Description', NULL, 'Epic Status field for JIRA Software use only.');
INSERT INTO audit_changed_value (id, log_id, name, delta_from, delta_to) VALUES (10317, 10305, 'Type', NULL, 'Status of Epic');
INSERT INTO audit_changed_value (id, log_id, name, delta_from, delta_to) VALUES (10318, 10306, 'Name', NULL, 'Epic Colour');
INSERT INTO audit_changed_value (id, log_id, name, delta_from, delta_to) VALUES (10319, 10306, 'Description', NULL, 'Epic Colour field for JIRA Software use only.');
INSERT INTO audit_changed_value (id, log_id, name, delta_from, delta_to) VALUES (10320, 10306, 'Type', NULL, 'Colour of Epic');
INSERT INTO audit_changed_value (id, log_id, name, delta_from, delta_to) VALUES (10321, 10307, 'Name', NULL, 'Epic Link');
INSERT INTO audit_changed_value (id, log_id, name, delta_from, delta_to) VALUES (10322, 10307, 'Description', NULL, 'Choose an epic to assign this issue to.');
INSERT INTO audit_changed_value (id, log_id, name, delta_from, delta_to) VALUES (10323, 10307, 'Type', NULL, 'Epic Link Relationship');
INSERT INTO audit_changed_value (id, log_id, name, delta_from, delta_to) VALUES (10326, 10308, 'Type', NULL, 'JIRA Sprint Field');
INSERT INTO audit_changed_value (id, log_id, name, delta_from, delta_to) VALUES (10327, 10309, 'Name', NULL, 'Rank');
INSERT INTO audit_changed_value (id, log_id, name, delta_from, delta_to) VALUES (10328, 10309, 'Description', NULL, 'Global rank field for JIRA Software use only.');
INSERT INTO audit_changed_value (id, log_id, name, delta_from, delta_to) VALUES (10329, 10309, 'Type', NULL, 'Global Rank');


--
-- Name: audit_changed_value_id_seq; Type: SEQUENCE SET; Schema: public; Owner: jira
--

SELECT pg_catalog.setval('audit_changed_value_id_seq', 10329, true);


--
-- Data for Name: audit_item; Type: TABLE DATA; Schema: public; Owner: jira
--

INSERT INTO audit_item (id, log_id, object_type, object_id, object_name, object_parent_id, object_parent_name) VALUES (10000, 10002, 'USER', 'admin', 'admin', '1', 'JIRA Internal Directory');
INSERT INTO audit_item (id, log_id, object_type, object_id, object_name, object_parent_id, object_parent_name) VALUES (10001, 10003, 'USER', 'admin', 'admin', '1', 'JIRA Internal Directory');
INSERT INTO audit_item (id, log_id, object_type, object_id, object_name, object_parent_id, object_parent_name) VALUES (10100, 10219, 'SCHEME', '10100', 'HSP: Task Management Workflow Scheme', NULL, NULL);
INSERT INTO audit_item (id, log_id, object_type, object_id, object_name, object_parent_id, object_parent_name) VALUES (10101, 10221, 'USER', 'admin', 'admin', '1', 'JIRA Internal Directory');


--
-- Name: audit_item_id_seq; Type: SEQUENCE SET; Schema: public; Owner: jira
--

SELECT pg_catalog.setval('audit_item_id_seq', 10200, false);


--
-- Data for Name: audit_log; Type: TABLE DATA; Schema: public; Owner: jira
--

INSERT INTO audit_log (id, remote_address, created, author_key, summary, category, object_type, object_id, object_name, object_parent_id, object_parent_name, author_type, event_source_name, description, long_description, search_field) VALUES (10000, '0:0:0:0:0:0:0:1', '2015-08-12 12:04:51.103+00', NULL, 'New license added', 'system', 'LICENSE', '0', 'SEN', '0', 'License SEN', 0, '', NULL, '', '0:0:0:0:0:0:0:1 new license added system sen jira development 17/jul/14 testing with businessuser role. bg9t-xuv4-kzzh-b01w unlimited 5');
INSERT INTO audit_log (id, remote_address, created, author_key, summary, category, object_type, object_id, object_name, object_parent_id, object_parent_name, author_type, event_source_name, description, long_description, search_field) VALUES (10001, '0:0:0:0:0:0:0:1', '2015-08-12 12:06:43.425+00', NULL, 'User created', 'user management', 'USER', 'admin', 'admin', '1', 'JIRA Internal Directory', 0, '', NULL, '', '0:0:0:0:0:0:0:1 user created management admin jira internal directory admin@example.com active');
INSERT INTO audit_log (id, remote_address, created, author_key, summary, category, object_type, object_id, object_name, object_parent_id, object_parent_name, author_type, event_source_name, description, long_description, search_field) VALUES (10002, '0:0:0:0:0:0:0:1', '2015-08-12 12:06:43.457+00', NULL, 'User added to group', 'group management', 'GROUP', NULL, 'jira-users', '1', 'JIRA Internal Directory', 0, '', NULL, '', '0:0:0:0:0:0:0:1 user added to group management jira-users jira internal directory admin');
INSERT INTO audit_log (id, remote_address, created, author_key, summary, category, object_type, object_id, object_name, object_parent_id, object_parent_name, author_type, event_source_name, description, long_description, search_field) VALUES (10003, '0:0:0:0:0:0:0:1', '2015-08-12 12:06:43.475+00', NULL, 'User added to group', 'group management', 'GROUP', NULL, 'jira-administrators', '1', 'JIRA Internal Directory', 0, '', NULL, '', '0:0:0:0:0:0:0:1 user added to group management jira-administrators jira internal directory admin');
INSERT INTO audit_log (id, remote_address, created, author_key, summary, category, object_type, object_id, object_name, object_parent_id, object_parent_name, author_type, event_source_name, description, long_description, search_field) VALUES (10100, NULL, '2017-02-17 11:08:32.764+00', NULL, 'Not moving license location', 'migration', 'LICENSE', '0', 'No change', '0', '', 1, 'Move6xLicenseTo70Store', NULL, 'License entered during import supersedes all licenses in data.', 'not moving license location jira.auditing.category.migration move6xlicenseto70store');
INSERT INTO audit_log (id, remote_address, created, author_key, summary, category, object_type, object_id, object_name, object_parent_id, object_parent_name, author_type, event_source_name, description, long_description, search_field) VALUES (10101, NULL, '2017-02-17 11:08:32.768+00', NULL, 'Not moving old Service Desk license - license supplied by user', 'migration', 'LICENSE', '0', 'No change', '0', '', 1, 'Move6xServiceDeskLicenseTo70Store', NULL, 'The person importing JIRA has supplied a license to use; any existing Service Desk licenseinstalled in your system will be ignored in preference of the new license.', 'not moving old service desk license - supplied by user jira.auditing.category.migration move6xservicedesklicenseto70store');
INSERT INTO audit_log (id, remote_address, created, author_key, summary, category, object_type, object_id, object_name, object_parent_id, object_parent_name, author_type, event_source_name, description, long_description, search_field) VALUES (10102, NULL, '2017-02-17 11:08:32.768+00', NULL, 'Migrated groups to jira-core: 2', 'migration', 'APPLICATION_ROLE', '0', 'jira-core', '0', '', 0, 'UseBasedMigrationImpl', NULL, 'Group with USE permission migrated to a role to ensure continued access for associated users.', 'migrated groups to jira-core: 2 jira.auditing.category.migration usebasedmigrationimpl jira-administrators use jira-core jira-users (default)');
INSERT INTO audit_log (id, remote_address, created, author_key, summary, category, object_type, object_id, object_name, object_parent_id, object_parent_name, author_type, event_source_name, description, long_description, search_field) VALUES (10103, NULL, '2017-02-17 11:08:32.775+00', NULL, 'Migrated groups to jira-software: 2', 'migration', 'APPLICATION_ROLE', '0', 'jira-software', '0', '', 0, 'UseBasedMigrationImpl', NULL, 'Group with USE permission migrated to a role to ensure continued access for associated users.', 'migrated groups to jira-software: 2 jira.auditing.category.migration usebasedmigrationimpl jira-administrators use jira-software jira-users (default)');
INSERT INTO audit_log (id, remote_address, created, author_key, summary, category, object_type, object_id, object_name, object_parent_id, object_parent_name, author_type, event_source_name, description, long_description, search_field) VALUES (10309, '127.0.0.1', '2017-05-15 11:38:16.189+00', 'admin', 'Custom field created', 'fields', 'CUSTOM_FIELD', 'customfield_10106', 'Rank', NULL, NULL, 1, '', NULL, '', 'admin 127.0.0.1 custom field created fields rank global for jira software use only.');
INSERT INTO audit_log (id, remote_address, created, author_key, summary, category, object_type, object_id, object_name, object_parent_id, object_parent_name, author_type, event_source_name, description, long_description, search_field) VALUES (10104, NULL, '2017-02-17 11:08:32.811+00', NULL, 'Setting the application defaults', 'migration', 'APPLICATION_ROLE', '0', 'jira-core', '0', '', 0, 'DefaultApplicationServiceImpl', NULL, 'Applications were marked as default, based on the product license. New users will be created with respect to the default applications selection.', 'setting the application defaults jira.auditing.category.migration defaultapplicationserviceimpl jira-core (default)');
INSERT INTO audit_log (id, remote_address, created, author_key, summary, category, object_type, object_id, object_name, object_parent_id, object_parent_name, author_type, event_source_name, description, long_description, search_field) VALUES (10200, NULL, '2017-02-17 11:08:34.837+00', NULL, 'Custom field created', 'fields', 'CUSTOM_FIELD', 'customfield_10000', 'Test sessions', NULL, NULL, 0, '', NULL, '', 'custom field created fields test sessions this is programmatically by capture for jira. jira');
INSERT INTO audit_log (id, remote_address, created, author_key, summary, category, object_type, object_id, object_name, object_parent_id, object_parent_name, author_type, event_source_name, description, long_description, search_field) VALUES (10201, NULL, '2017-02-17 11:08:35.032+00', NULL, 'Custom field created', 'fields', 'CUSTOM_FIELD', 'customfield_10001', 'Raised during', NULL, NULL, 0, '', NULL, '', 'custom field created fields raised during this is programmatically by capture for jira. jira test session');
INSERT INTO audit_log (id, remote_address, created, author_key, summary, category, object_type, object_id, object_name, object_parent_id, object_parent_name, author_type, event_source_name, description, long_description, search_field) VALUES (10202, NULL, '2017-02-17 11:08:35.055+00', NULL, 'Custom field created', 'fields', 'CUSTOM_FIELD', 'customfield_10002', 'Bonfire User Agent', NULL, NULL, 0, '', NULL, '', 'custom field created fields bonfire user agent this is programatically by bonfire. capture for jira text');
INSERT INTO audit_log (id, remote_address, created, author_key, summary, category, object_type, object_id, object_name, object_parent_id, object_parent_name, author_type, event_source_name, description, long_description, search_field) VALUES (10203, NULL, '2017-02-17 11:08:35.06+00', NULL, 'Custom field created', 'fields', 'CUSTOM_FIELD', 'customfield_10003', 'Bonfire Browser', NULL, NULL, 0, '', NULL, '', 'custom field created fields bonfire browser this is programatically by bonfire. capture for jira text');
INSERT INTO audit_log (id, remote_address, created, author_key, summary, category, object_type, object_id, object_name, object_parent_id, object_parent_name, author_type, event_source_name, description, long_description, search_field) VALUES (10204, NULL, '2017-02-17 11:08:35.064+00', NULL, 'Custom field created', 'fields', 'CUSTOM_FIELD', 'customfield_10004', 'Bonfire Operating System', NULL, NULL, 0, '', NULL, '', 'custom field created fields bonfire operating system this is programatically by bonfire. capture for jira text');
INSERT INTO audit_log (id, remote_address, created, author_key, summary, category, object_type, object_id, object_name, object_parent_id, object_parent_name, author_type, event_source_name, description, long_description, search_field) VALUES (10205, NULL, '2017-02-17 11:08:35.072+00', NULL, 'Custom field created', 'fields', 'CUSTOM_FIELD', 'customfield_10005', 'Bonfire URL', NULL, NULL, 0, '', NULL, '', 'custom field created fields bonfire url this is programatically by bonfire. capture for jira text');
INSERT INTO audit_log (id, remote_address, created, author_key, summary, category, object_type, object_id, object_name, object_parent_id, object_parent_name, author_type, event_source_name, description, long_description, search_field) VALUES (10206, NULL, '2017-02-17 11:08:35.077+00', NULL, 'Custom field created', 'fields', 'CUSTOM_FIELD', 'customfield_10006', 'Bonfire Screen Resolution', NULL, NULL, 0, '', NULL, '', 'custom field created fields bonfire screen resolution this is programatically by bonfire. capture for jira text');
INSERT INTO audit_log (id, remote_address, created, author_key, summary, category, object_type, object_id, object_name, object_parent_id, object_parent_name, author_type, event_source_name, description, long_description, search_field) VALUES (10207, NULL, '2017-02-17 11:08:35.082+00', NULL, 'Custom field created', 'fields', 'CUSTOM_FIELD', 'customfield_10007', 'Bonfire jQuery Version', NULL, NULL, 0, '', NULL, '', 'custom field created fields bonfire jquery version this is programatically by bonfire. capture for jira text');
INSERT INTO audit_log (id, remote_address, created, author_key, summary, category, object_type, object_id, object_name, object_parent_id, object_parent_name, author_type, event_source_name, description, long_description, search_field) VALUES (10208, NULL, '2017-02-17 11:08:35.087+00', NULL, 'Custom field created', 'fields', 'CUSTOM_FIELD', 'customfield_10008', 'Bonfire Document Mode', NULL, NULL, 0, '', NULL, '', 'custom field created fields bonfire document mode this is programatically by bonfire. capture for jira text');
INSERT INTO audit_log (id, remote_address, created, author_key, summary, category, object_type, object_id, object_name, object_parent_id, object_parent_name, author_type, event_source_name, description, long_description, search_field) VALUES (10209, NULL, '2017-02-17 11:08:35.101+00', NULL, 'Custom field created', 'fields', 'CUSTOM_FIELD', 'customfield_10009', 'Testing status', NULL, NULL, 0, '', NULL, '', 'custom field created fields testing status this is programmatically by capture for jira. jira');
INSERT INTO audit_log (id, remote_address, created, author_key, summary, category, object_type, object_id, object_name, object_parent_id, object_parent_name, author_type, event_source_name, description, long_description, search_field) VALUES (10210, NULL, '2017-02-17 11:08:35.117+00', NULL, 'Custom field updated', 'fields', 'CUSTOM_FIELD', 'customfield_10002', 'Capture for JIRA User Agent', NULL, NULL, 0, '', NULL, '', 'custom field updated fields capture for jira user agent bonfire this is created programatically by bonfire. jira.');
INSERT INTO audit_log (id, remote_address, created, author_key, summary, category, object_type, object_id, object_name, object_parent_id, object_parent_name, author_type, event_source_name, description, long_description, search_field) VALUES (10211, NULL, '2017-02-17 11:08:35.143+00', NULL, 'Custom field updated', 'fields', 'CUSTOM_FIELD', 'customfield_10003', 'Capture for JIRA Browser', NULL, NULL, 0, '', NULL, '', 'custom field updated fields capture for jira browser bonfire this is created programatically by bonfire. jira.');
INSERT INTO audit_log (id, remote_address, created, author_key, summary, category, object_type, object_id, object_name, object_parent_id, object_parent_name, author_type, event_source_name, description, long_description, search_field) VALUES (10212, NULL, '2017-02-17 11:08:35.147+00', NULL, 'Custom field updated', 'fields', 'CUSTOM_FIELD', 'customfield_10004', 'Capture for JIRA Operating System', NULL, NULL, 0, '', NULL, '', 'custom field updated fields capture for jira operating system bonfire this is created programatically by bonfire. jira.');
INSERT INTO audit_log (id, remote_address, created, author_key, summary, category, object_type, object_id, object_name, object_parent_id, object_parent_name, author_type, event_source_name, description, long_description, search_field) VALUES (10213, NULL, '2017-02-17 11:08:35.149+00', NULL, 'Custom field updated', 'fields', 'CUSTOM_FIELD', 'customfield_10005', 'Capture for JIRA URL', NULL, NULL, 0, '', NULL, '', 'custom field updated fields capture for jira url bonfire this is created programatically by bonfire. jira.');
INSERT INTO audit_log (id, remote_address, created, author_key, summary, category, object_type, object_id, object_name, object_parent_id, object_parent_name, author_type, event_source_name, description, long_description, search_field) VALUES (10214, NULL, '2017-02-17 11:08:35.152+00', NULL, 'Custom field updated', 'fields', 'CUSTOM_FIELD', 'customfield_10006', 'Capture for JIRA Screen Resolution', NULL, NULL, 0, '', NULL, '', 'custom field updated fields capture for jira screen resolution bonfire this is created programatically by bonfire. jira.');
INSERT INTO audit_log (id, remote_address, created, author_key, summary, category, object_type, object_id, object_name, object_parent_id, object_parent_name, author_type, event_source_name, description, long_description, search_field) VALUES (10215, NULL, '2017-02-17 11:08:35.155+00', NULL, 'Custom field updated', 'fields', 'CUSTOM_FIELD', 'customfield_10007', 'Capture for JIRA jQuery Version', NULL, NULL, 0, '', NULL, '', 'custom field updated fields capture for jira jquery version bonfire this is created programatically by bonfire. jira.');
INSERT INTO audit_log (id, remote_address, created, author_key, summary, category, object_type, object_id, object_name, object_parent_id, object_parent_name, author_type, event_source_name, description, long_description, search_field) VALUES (10216, NULL, '2017-02-17 11:08:35.157+00', NULL, 'Custom field updated', 'fields', 'CUSTOM_FIELD', 'customfield_10008', 'Capture for JIRA Document Mode', NULL, NULL, 0, '', NULL, '', 'custom field updated fields capture for jira document mode bonfire this is created programatically by bonfire. jira.');
INSERT INTO audit_log (id, remote_address, created, author_key, summary, category, object_type, object_id, object_name, object_parent_id, object_parent_name, author_type, event_source_name, description, long_description, search_field) VALUES (10217, '0:0:0:0:0:0:0:1', '2017-02-17 11:10:33.058+00', 'admin', 'Workflow created', 'workflows', 'WORKFLOW', 'HSP: Task Management Workflow', 'HSP: Task Management Workflow', NULL, NULL, 1, '', NULL, '', 'admin 0:0:0:0:0:0:0:1 workflow created workflows hsp: task management');
INSERT INTO audit_log (id, remote_address, created, author_key, summary, category, object_type, object_id, object_name, object_parent_id, object_parent_name, author_type, event_source_name, description, long_description, search_field) VALUES (10218, '0:0:0:0:0:0:0:1', '2017-02-17 11:10:33.167+00', 'admin', 'Workflow scheme created', 'workflows', 'SCHEME', '10100', 'HSP: Task Management Workflow Scheme', NULL, NULL, 1, '', NULL, '', 'admin 0:0:0:0:0:0:0:1 workflow scheme created workflows hsp: task management');
INSERT INTO audit_log (id, remote_address, created, author_key, summary, category, object_type, object_id, object_name, object_parent_id, object_parent_name, author_type, event_source_name, description, long_description, search_field) VALUES (10219, '0:0:0:0:0:0:0:1', '2017-02-17 11:10:33.177+00', 'admin', 'Workflow scheme added to project', 'workflows', 'PROJECT', '10000', 'Homosapien', NULL, NULL, 1, '', NULL, '', 'admin 0:0:0:0:0:0:0:1 workflow scheme added to project workflows homosapien hsp: task management');
INSERT INTO audit_log (id, remote_address, created, author_key, summary, category, object_type, object_id, object_name, object_parent_id, object_parent_name, author_type, event_source_name, description, long_description, search_field) VALUES (10220, '0:0:0:0:0:0:0:1', '2017-02-17 11:10:33.421+00', 'admin', 'Workflow updated', 'workflows', 'WORKFLOW', 'HSP: Task Management Workflow', 'HSP: Task Management Workflow', NULL, NULL, 1, '', NULL, '', 'admin 0:0:0:0:0:0:0:1 workflow updated workflows hsp: task management');
INSERT INTO audit_log (id, remote_address, created, author_key, summary, category, object_type, object_id, object_name, object_parent_id, object_parent_name, author_type, event_source_name, description, long_description, search_field) VALUES (10221, '0:0:0:0:0:0:0:1', '2017-02-17 11:10:33.637+00', 'admin', 'Project created', 'projects', 'PROJECT', '10000', 'Homosapien', NULL, NULL, 1, '', NULL, '', 'admin 0:0:0:0:0:0:0:1 project created projects homosapien jira internal directory hsp unassigned');
INSERT INTO audit_log (id, remote_address, created, author_key, summary, category, object_type, object_id, object_name, object_parent_id, object_parent_name, author_type, event_source_name, description, long_description, search_field) VALUES (10300, '127.0.0.1', '2017-05-15 11:38:14.797+00', 'admin', 'Custom field created', 'fields', 'CUSTOM_FIELD', 'customfield_10100', 'development', NULL, NULL, 1, '', NULL, '', 'admin 127.0.0.1 custom field created fields development includes summary panel information used in jql dev');
INSERT INTO audit_log (id, remote_address, created, author_key, summary, category, object_type, object_id, object_name, object_parent_id, object_parent_name, author_type, event_source_name, description, long_description, search_field) VALUES (10301, '127.0.0.1', '2017-05-15 11:38:14.929+00', 'admin', 'Permission scheme updated', 'permissions', 'SCHEME', '0', 'Default Permission Scheme', NULL, NULL, 1, '', NULL, '', 'admin 127.0.0.1 permission scheme updated permissions default manage sprints project role administrators');
INSERT INTO audit_log (id, remote_address, created, author_key, summary, category, object_type, object_id, object_name, object_parent_id, object_parent_name, author_type, event_source_name, description, long_description, search_field) VALUES (10302, '127.0.0.1', '2017-05-15 11:38:14.938+00', 'admin', 'Permission scheme updated', 'permissions', 'SCHEME', '0', 'Default Permission Scheme', NULL, NULL, 1, '', NULL, '', 'admin 127.0.0.1 permission scheme updated permissions default manage sprints project role administrators');
INSERT INTO audit_log (id, remote_address, created, author_key, summary, category, object_type, object_id, object_name, object_parent_id, object_parent_name, author_type, event_source_name, description, long_description, search_field) VALUES (10303, '127.0.0.1', '2017-05-15 11:38:14.944+00', 'admin', 'Permission scheme updated', 'permissions', 'SCHEME', '0', 'Default Permission Scheme', NULL, NULL, 1, '', NULL, '', 'admin 127.0.0.1 permission scheme updated permissions default manage sprints project role administrators');
INSERT INTO audit_log (id, remote_address, created, author_key, summary, category, object_type, object_id, object_name, object_parent_id, object_parent_name, author_type, event_source_name, description, long_description, search_field) VALUES (10304, '127.0.0.1', '2017-05-15 11:38:15.01+00', 'admin', 'Custom field created', 'fields', 'CUSTOM_FIELD', 'customfield_10101', 'Epic Name', NULL, NULL, 1, '', NULL, '', 'admin 127.0.0.1 custom field created fields epic name provide a short to identify this epic. of');
INSERT INTO audit_log (id, remote_address, created, author_key, summary, category, object_type, object_id, object_name, object_parent_id, object_parent_name, author_type, event_source_name, description, long_description, search_field) VALUES (10305, '127.0.0.1', '2017-05-15 11:38:15.07+00', 'admin', 'Custom field created', 'fields', 'CUSTOM_FIELD', 'customfield_10102', 'Epic Status', NULL, NULL, 1, '', NULL, '', 'admin 127.0.0.1 custom field created fields epic status for jira software use only. of');
INSERT INTO audit_log (id, remote_address, created, author_key, summary, category, object_type, object_id, object_name, object_parent_id, object_parent_name, author_type, event_source_name, description, long_description, search_field) VALUES (10306, '127.0.0.1', '2017-05-15 11:38:15.094+00', 'admin', 'Custom field created', 'fields', 'CUSTOM_FIELD', 'customfield_10103', 'Epic Colour', NULL, NULL, 1, '', NULL, '', 'admin 127.0.0.1 custom field created fields epic colour for jira software use only. of');
INSERT INTO audit_log (id, remote_address, created, author_key, summary, category, object_type, object_id, object_name, object_parent_id, object_parent_name, author_type, event_source_name, description, long_description, search_field) VALUES (10307, '127.0.0.1', '2017-05-15 11:38:15.124+00', 'admin', 'Custom field created', 'fields', 'CUSTOM_FIELD', 'customfield_10104', 'Epic Link', NULL, NULL, 1, '', NULL, '', 'admin 127.0.0.1 custom field created fields epic link choose an to assign this issue to. relationship');
INSERT INTO audit_log (id, remote_address, created, author_key, summary, category, object_type, object_id, object_name, object_parent_id, object_parent_name, author_type, event_source_name, description, long_description, search_field) VALUES (10308, '127.0.0.1', '2017-05-15 11:38:16.157+00', 'admin', 'Custom field created', 'fields', 'CUSTOM_FIELD', 'customfield_10105', 'Sprint', NULL, NULL, 1, '', NULL, '', 'admin 127.0.0.1 custom field created fields sprint jira software');


--
-- Name: audit_log_id_seq; Type: SEQUENCE SET; Schema: public; Owner: jira
--

SELECT pg_catalog.setval('audit_log_id_seq', 10309, true);


--
-- Data for Name: avatar; Type: TABLE DATA; Schema: public; Owner: jira
--

INSERT INTO avatar (id, filename, contenttype, avatartype, owner, systemavatar) VALUES (10111, 'Avatar-12.png', 'image/png', 'user', NULL, 1);
INSERT INTO avatar (id, filename, contenttype, avatartype, owner, systemavatar) VALUES (10112, 'Avatar-13.png', 'image/png', 'user', NULL, 1);
INSERT INTO avatar (id, filename, contenttype, avatartype, owner, systemavatar) VALUES (10113, 'Avatar-14.png', 'image/png', 'user', NULL, 1);
INSERT INTO avatar (id, filename, contenttype, avatartype, owner, systemavatar) VALUES (10114, 'Avatar-15.png', 'image/png', 'user', NULL, 1);
INSERT INTO avatar (id, filename, contenttype, avatartype, owner, systemavatar) VALUES (10115, 'Avatar-16.png', 'image/png', 'user', NULL, 1);
INSERT INTO avatar (id, filename, contenttype, avatartype, owner, systemavatar) VALUES (10116, 'Avatar-17.png', 'image/png', 'user', NULL, 1);
INSERT INTO avatar (id, filename, contenttype, avatartype, owner, systemavatar) VALUES (10117, 'Avatar-18.png', 'image/png', 'user', NULL, 1);
INSERT INTO avatar (id, filename, contenttype, avatartype, owner, systemavatar) VALUES (10118, 'Avatar-19.png', 'image/png', 'user', NULL, 1);
INSERT INTO avatar (id, filename, contenttype, avatartype, owner, systemavatar) VALUES (10119, 'Avatar-20.png', 'image/png', 'user', NULL, 1);
INSERT INTO avatar (id, filename, contenttype, avatartype, owner, systemavatar) VALUES (10120, 'Avatar-21.png', 'image/png', 'user', NULL, 1);
INSERT INTO avatar (id, filename, contenttype, avatartype, owner, systemavatar) VALUES (10121, 'Avatar-22.png', 'image/png', 'user', NULL, 1);
INSERT INTO avatar (id, filename, contenttype, avatartype, owner, systemavatar) VALUES (10122, 'Avatar-default.svg', 'image/svg+xml', 'user', NULL, 1);
INSERT INTO avatar (id, filename, contenttype, avatartype, owner, systemavatar) VALUES (10123, 'Avatar-unknown.png', 'image/png', 'user', NULL, 1);
INSERT INTO avatar (id, filename, contenttype, avatartype, owner, systemavatar) VALUES (10200, 'cloud.svg', 'image/svg+xml', 'project', NULL, 1);
INSERT INTO avatar (id, filename, contenttype, avatartype, owner, systemavatar) VALUES (10201, 'spanner.svg', 'image/svg+xml', 'project', NULL, 1);
INSERT INTO avatar (id, filename, contenttype, avatartype, owner, systemavatar) VALUES (10202, 'cd.svg', 'image/svg+xml', 'project', NULL, 1);
INSERT INTO avatar (id, filename, contenttype, avatartype, owner, systemavatar) VALUES (10203, 'money.svg', 'image/svg+xml', 'project', NULL, 1);
INSERT INTO avatar (id, filename, contenttype, avatartype, owner, systemavatar) VALUES (10204, 'mouse-hand.svg', 'image/svg+xml', 'project', NULL, 1);
INSERT INTO avatar (id, filename, contenttype, avatartype, owner, systemavatar) VALUES (10205, 'yeti.svg', 'image/svg+xml', 'project', NULL, 1);
INSERT INTO avatar (id, filename, contenttype, avatartype, owner, systemavatar) VALUES (10206, 'power.svg', 'image/svg+xml', 'project', NULL, 1);
INSERT INTO avatar (id, filename, contenttype, avatartype, owner, systemavatar) VALUES (10207, 'refresh.svg', 'image/svg+xml', 'project', NULL, 1);
INSERT INTO avatar (id, filename, contenttype, avatartype, owner, systemavatar) VALUES (10208, 'phone.svg', 'image/svg+xml', 'project', NULL, 1);
INSERT INTO avatar (id, filename, contenttype, avatartype, owner, systemavatar) VALUES (10209, 'settings.svg', 'image/svg+xml', 'project', NULL, 1);
INSERT INTO avatar (id, filename, contenttype, avatartype, owner, systemavatar) VALUES (10210, 'storm.svg', 'image/svg+xml', 'project', NULL, 1);
INSERT INTO avatar (id, filename, contenttype, avatartype, owner, systemavatar) VALUES (10211, 'plane.svg', 'image/svg+xml', 'project', NULL, 1);
INSERT INTO avatar (id, filename, contenttype, avatartype, owner, systemavatar) VALUES (10300, 'genericissue.svg', 'image/svg+xml', 'issuetype', NULL, 1);
INSERT INTO avatar (id, filename, contenttype, avatartype, owner, systemavatar) VALUES (10303, 'bug.svg', 'image/svg+xml', 'issuetype', NULL, 1);
INSERT INTO avatar (id, filename, contenttype, avatartype, owner, systemavatar) VALUES (10304, 'defect.svg', 'image/svg+xml', 'issuetype', NULL, 1);
INSERT INTO avatar (id, filename, contenttype, avatartype, owner, systemavatar) VALUES (10306, 'documentation.svg', 'image/svg+xml', 'issuetype', NULL, 1);
INSERT INTO avatar (id, filename, contenttype, avatartype, owner, systemavatar) VALUES (10307, 'epic.svg', 'image/svg+xml', 'issuetype', NULL, 1);
INSERT INTO avatar (id, filename, contenttype, avatartype, owner, systemavatar) VALUES (10308, 'exclamation.svg', 'image/svg+xml', 'issuetype', NULL, 1);
INSERT INTO avatar (id, filename, contenttype, avatartype, owner, systemavatar) VALUES (10345, 'male_4.svg', 'image/svg+xml', 'user', NULL, 1);
INSERT INTO avatar (id, filename, contenttype, avatartype, owner, systemavatar) VALUES (10346, 'male_5.svg', 'image/svg+xml', 'user', NULL, 1);
INSERT INTO avatar (id, filename, contenttype, avatartype, owner, systemavatar) VALUES (10347, 'male_6.svg', 'image/svg+xml', 'user', NULL, 1);
INSERT INTO avatar (id, filename, contenttype, avatartype, owner, systemavatar) VALUES (10348, 'male_8.svg', 'image/svg+xml', 'user', NULL, 1);
INSERT INTO avatar (id, filename, contenttype, avatartype, owner, systemavatar) VALUES (10349, 'owl.svg', 'image/svg+xml', 'user', NULL, 1);
INSERT INTO avatar (id, filename, contenttype, avatartype, owner, systemavatar) VALUES (10350, 'pirate.svg', 'image/svg+xml', 'user', NULL, 1);
INSERT INTO avatar (id, filename, contenttype, avatartype, owner, systemavatar) VALUES (10351, 'robot.svg', 'image/svg+xml', 'user', NULL, 1);
INSERT INTO avatar (id, filename, contenttype, avatartype, owner, systemavatar) VALUES (10352, 'vampire.svg', 'image/svg+xml', 'user', NULL, 1);
INSERT INTO avatar (id, filename, contenttype, avatartype, owner, systemavatar) VALUES (10309, 'design_task.svg', 'image/svg+xml', 'issuetype', NULL, 1);
INSERT INTO avatar (id, filename, contenttype, avatartype, owner, systemavatar) VALUES (10310, 'improvement.svg', 'image/svg+xml', 'issuetype', NULL, 1);
INSERT INTO avatar (id, filename, contenttype, avatartype, owner, systemavatar) VALUES (10311, 'newfeature.svg', 'image/svg+xml', 'issuetype', NULL, 1);
INSERT INTO avatar (id, filename, contenttype, avatartype, owner, systemavatar) VALUES (10312, 'remove_feature.svg', 'image/svg+xml', 'issuetype', NULL, 1);
INSERT INTO avatar (id, filename, contenttype, avatartype, owner, systemavatar) VALUES (10313, 'requirement.svg', 'image/svg+xml', 'issuetype', NULL, 1);
INSERT INTO avatar (id, filename, contenttype, avatartype, owner, systemavatar) VALUES (10314, 'sales.svg', 'image/svg+xml', 'issuetype', NULL, 1);
INSERT INTO avatar (id, filename, contenttype, avatartype, owner, systemavatar) VALUES (10315, 'story.svg', 'image/svg+xml', 'issuetype', NULL, 1);
INSERT INTO avatar (id, filename, contenttype, avatartype, owner, systemavatar) VALUES (10316, 'subtask.svg', 'image/svg+xml', 'issuetype', NULL, 1);
INSERT INTO avatar (id, filename, contenttype, avatartype, owner, systemavatar) VALUES (10318, 'task.svg', 'image/svg+xml', 'issuetype', NULL, 1);
INSERT INTO avatar (id, filename, contenttype, avatartype, owner, systemavatar) VALUES (10000, 'codegeist.png', 'image/png', 'project', NULL, 1);
INSERT INTO avatar (id, filename, contenttype, avatartype, owner, systemavatar) VALUES (10320, 'question.svg', 'image/svg+xml', 'issuetype', NULL, 1);
INSERT INTO avatar (id, filename, contenttype, avatartype, owner, systemavatar) VALUES (10001, 'bird.svg', 'image/svg+xml', 'project', NULL, 1);
INSERT INTO avatar (id, filename, contenttype, avatartype, owner, systemavatar) VALUES (10321, 'development_task.svg', 'image/svg+xml', 'issuetype', NULL, 1);
INSERT INTO avatar (id, filename, contenttype, avatartype, owner, systemavatar) VALUES (10002, 'jm_black.png', 'image/png', 'project', NULL, 1);
INSERT INTO avatar (id, filename, contenttype, avatartype, owner, systemavatar) VALUES (10322, 'feedback.svg', 'image/svg+xml', 'issuetype', NULL, 1);
INSERT INTO avatar (id, filename, contenttype, avatartype, owner, systemavatar) VALUES (10003, 'jm_brown.png', 'image/png', 'project', NULL, 1);
INSERT INTO avatar (id, filename, contenttype, avatartype, owner, systemavatar) VALUES (10323, 'request_access.svg', 'image/svg+xml', 'issuetype', NULL, 1);
INSERT INTO avatar (id, filename, contenttype, avatartype, owner, systemavatar) VALUES (10004, 'jm_orange.png', 'image/png', 'project', NULL, 1);
INSERT INTO avatar (id, filename, contenttype, avatartype, owner, systemavatar) VALUES (10005, 'jm_red.png', 'image/png', 'project', NULL, 1);
INSERT INTO avatar (id, filename, contenttype, avatartype, owner, systemavatar) VALUES (10324, 'default.svg', 'image/svg+xml', 'project', NULL, 1);
INSERT INTO avatar (id, filename, contenttype, avatartype, owner, systemavatar) VALUES (10006, 'jm_white.png', 'image/png', 'project', NULL, 1);
INSERT INTO avatar (id, filename, contenttype, avatartype, owner, systemavatar) VALUES (10325, 'code.svg', 'image/svg+xml', 'project', NULL, 1);
INSERT INTO avatar (id, filename, contenttype, avatartype, owner, systemavatar) VALUES (10007, 'jm_yellow.png', 'image/png', 'project', NULL, 1);
INSERT INTO avatar (id, filename, contenttype, avatartype, owner, systemavatar) VALUES (10008, 'monster.png', 'image/png', 'project', NULL, 1);
INSERT INTO avatar (id, filename, contenttype, avatartype, owner, systemavatar) VALUES (10326, 'coffee.svg', 'image/svg+xml', 'project', NULL, 1);
INSERT INTO avatar (id, filename, contenttype, avatartype, owner, systemavatar) VALUES (10009, 'nature.svg', 'image/svg+xml', 'project', NULL, 1);
INSERT INTO avatar (id, filename, contenttype, avatartype, owner, systemavatar) VALUES (10327, 'design.svg', 'image/svg+xml', 'project', NULL, 1);
INSERT INTO avatar (id, filename, contenttype, avatartype, owner, systemavatar) VALUES (10010, 'koala.svg', 'image/svg+xml', 'project', NULL, 1);
INSERT INTO avatar (id, filename, contenttype, avatartype, owner, systemavatar) VALUES (10011, 'rocket.svg', 'image/svg+xml', 'project', NULL, 1);
INSERT INTO avatar (id, filename, contenttype, avatartype, owner, systemavatar) VALUES (10328, 'drill.svg', 'image/svg+xml', 'project', NULL, 1);
INSERT INTO avatar (id, filename, contenttype, avatartype, owner, systemavatar) VALUES (10100, 'Avatar-1.png', 'image/png', 'user', NULL, 1);
INSERT INTO avatar (id, filename, contenttype, avatartype, owner, systemavatar) VALUES (10101, 'Avatar-2.png', 'image/png', 'user', NULL, 1);
INSERT INTO avatar (id, filename, contenttype, avatartype, owner, systemavatar) VALUES (10102, 'Avatar-3.png', 'image/png', 'user', NULL, 1);
INSERT INTO avatar (id, filename, contenttype, avatartype, owner, systemavatar) VALUES (10329, 'food.svg', 'image/svg+xml', 'project', NULL, 1);
INSERT INTO avatar (id, filename, contenttype, avatartype, owner, systemavatar) VALUES (10103, 'Avatar-4.png', 'image/png', 'user', NULL, 1);
INSERT INTO avatar (id, filename, contenttype, avatartype, owner, systemavatar) VALUES (10104, 'Avatar-5.png', 'image/png', 'user', NULL, 1);
INSERT INTO avatar (id, filename, contenttype, avatartype, owner, systemavatar) VALUES (10330, 'notes.svg', 'image/svg+xml', 'project', NULL, 1);
INSERT INTO avatar (id, filename, contenttype, avatartype, owner, systemavatar) VALUES (10105, 'Avatar-6.png', 'image/png', 'user', NULL, 1);
INSERT INTO avatar (id, filename, contenttype, avatartype, owner, systemavatar) VALUES (10106, 'Avatar-7.png', 'image/png', 'user', NULL, 1);
INSERT INTO avatar (id, filename, contenttype, avatartype, owner, systemavatar) VALUES (10331, 'red-flag.svg', 'image/svg+xml', 'project', NULL, 1);
INSERT INTO avatar (id, filename, contenttype, avatartype, owner, systemavatar) VALUES (10107, 'Avatar-8.png', 'image/png', 'user', NULL, 1);
INSERT INTO avatar (id, filename, contenttype, avatartype, owner, systemavatar) VALUES (10108, 'Avatar-9.png', 'image/png', 'user', NULL, 1);
INSERT INTO avatar (id, filename, contenttype, avatartype, owner, systemavatar) VALUES (10332, 'science.svg', 'image/svg+xml', 'project', NULL, 1);
INSERT INTO avatar (id, filename, contenttype, avatartype, owner, systemavatar) VALUES (10109, 'Avatar-10.png', 'image/png', 'user', NULL, 1);
INSERT INTO avatar (id, filename, contenttype, avatartype, owner, systemavatar) VALUES (10110, 'Avatar-11.png', 'image/png', 'user', NULL, 1);
INSERT INTO avatar (id, filename, contenttype, avatartype, owner, systemavatar) VALUES (10333, 'support.svg', 'image/svg+xml', 'project', NULL, 1);
INSERT INTO avatar (id, filename, contenttype, avatartype, owner, systemavatar) VALUES (10334, 'bull.svg', 'image/svg+xml', 'user', NULL, 1);
INSERT INTO avatar (id, filename, contenttype, avatartype, owner, systemavatar) VALUES (10335, 'cat.svg', 'image/svg+xml', 'user', NULL, 1);
INSERT INTO avatar (id, filename, contenttype, avatartype, owner, systemavatar) VALUES (10336, 'dog.svg', 'image/svg+xml', 'user', NULL, 1);
INSERT INTO avatar (id, filename, contenttype, avatartype, owner, systemavatar) VALUES (10337, 'female_1.svg', 'image/svg+xml', 'user', NULL, 1);
INSERT INTO avatar (id, filename, contenttype, avatartype, owner, systemavatar) VALUES (10338, 'female_2.svg', 'image/svg+xml', 'user', NULL, 1);
INSERT INTO avatar (id, filename, contenttype, avatartype, owner, systemavatar) VALUES (10339, 'female_3.svg', 'image/svg+xml', 'user', NULL, 1);
INSERT INTO avatar (id, filename, contenttype, avatartype, owner, systemavatar) VALUES (10340, 'female_4.svg', 'image/svg+xml', 'user', NULL, 1);
INSERT INTO avatar (id, filename, contenttype, avatartype, owner, systemavatar) VALUES (10341, 'ghost.svg', 'image/svg+xml', 'user', NULL, 1);
INSERT INTO avatar (id, filename, contenttype, avatartype, owner, systemavatar) VALUES (10342, 'male_1.svg', 'image/svg+xml', 'user', NULL, 1);
INSERT INTO avatar (id, filename, contenttype, avatartype, owner, systemavatar) VALUES (10343, 'male_2.svg', 'image/svg+xml', 'user', NULL, 1);
INSERT INTO avatar (id, filename, contenttype, avatartype, owner, systemavatar) VALUES (10344, 'male_3.svg', 'image/svg+xml', 'user', NULL, 1);


--
-- Name: avatar_id_seq; Type: SEQUENCE SET; Schema: public; Owner: jira
--

SELECT pg_catalog.setval('avatar_id_seq', 10400, false);


--
-- Data for Name: board; Type: TABLE DATA; Schema: public; Owner: jira
--



--
-- Name: board_id_seq; Type: SEQUENCE SET; Schema: public; Owner: jira
--

SELECT pg_catalog.setval('board_id_seq', 10000, false);


--
-- Data for Name: boardproject; Type: TABLE DATA; Schema: public; Owner: jira
--



--
-- Data for Name: changegroup; Type: TABLE DATA; Schema: public; Owner: jira
--

INSERT INTO changegroup (id, issueid, author, created, initialgroup) VALUES (10000, 10000, 'admin', '2017-02-17 11:13:02.346+00', NULL);


--
-- Name: changegroup_id_seq; Type: SEQUENCE SET; Schema: public; Owner: jira
--

SELECT pg_catalog.setval('changegroup_id_seq', 10100, false);


--
-- Data for Name: changeitem; Type: TABLE DATA; Schema: public; Owner: jira
--

INSERT INTO changeitem (id, groupid, fieldtype, field, oldvalue, oldstring, newvalue, newstring, fieldid, nextchanged) VALUES (10000, 10000, 'jira', 'Attachment', NULL, NULL, '10000', 'capture-for-jira-screenshot-20170217-121255-658.png', 'attachment', NULL);


--
-- Name: changeitem_id_seq; Type: SEQUENCE SET; Schema: public; Owner: jira
--

SELECT pg_catalog.setval('changeitem_id_seq', 10100, false);


--
-- Data for Name: clusteredjob; Type: TABLE DATA; Schema: public; Owner: jira
--

INSERT INTO clusteredjob (id, job_id, job_runner_key, sched_type, interval_millis, first_run, cron_expression, time_zone, next_run, version, parameters) VALUES (10001, 'com.atlassian.jira.service.JiraService:10002', 'com.atlassian.jira.service.DefaultServiceManager', 'C', NULL, NULL, '0 0 10 * * ?', NULL, 1487926800000, 3, '\xaced000573720037636f6d2e676f6f676c652e636f6d6d6f6e2e636f6c6c6563742e496d6d757461626c6542694d61702453657269616c697a6564466f726d000000000000000002000078720035636f6d2e676f6f676c652e636f6d6d6f6e2e636f6c6c6563742e496d6d757461626c654d61702453657269616c697a6564466f726d00000000000000000200025b00046b6579737400135b4c6a6176612f6c616e672f4f626a6563743b5b000676616c75657371007e00027870757200135b4c6a6176612e6c616e672e4f626a6563743b90ce589f1073296c020000787000000001740033636f6d2e61746c61737369616e2e6a6972612e736572766963652e536572766963654d616e616765723a7365727669636549647571007e0004000000017372000e6a6176612e6c616e672e4c6f6e673b8be490cc8f23df0200014a000576616c7565787200106a6176612e6c616e672e4e756d62657286ac951d0b94e08b02000078700000000000002712');
INSERT INTO clusteredjob (id, job_id, job_runner_key, sched_type, interval_millis, first_run, cron_expression, time_zone, next_run, version, parameters) VALUES (10101, 'com.atlassian.jira.service.JiraService:10001', 'com.atlassian.jira.service.DefaultServiceManager', 'C', NULL, NULL, '0 55 1/12 * * ?', NULL, 1487940900000, 3, '\xaced000573720037636f6d2e676f6f676c652e636f6d6d6f6e2e636f6c6c6563742e496d6d757461626c6542694d61702453657269616c697a6564466f726d000000000000000002000078720035636f6d2e676f6f676c652e636f6d6d6f6e2e636f6c6c6563742e496d6d757461626c654d61702453657269616c697a6564466f726d00000000000000000200025b00046b6579737400135b4c6a6176612f6c616e672f4f626a6563743b5b000676616c75657371007e00027870757200135b4c6a6176612e6c616e672e4f626a6563743b90ce589f1073296c020000787000000001740033636f6d2e61746c61737369616e2e6a6972612e736572766963652e536572766963654d616e616765723a7365727669636549647571007e0004000000017372000e6a6176612e6c616e672e4c6f6e673b8be490cc8f23df0200014a000576616c7565787200106a6176612e6c616e672e4e756d62657286ac951d0b94e08b02000078700000000000002711');
INSERT INTO clusteredjob (id, job_id, job_runner_key, sched_type, interval_millis, first_run, cron_expression, time_zone, next_run, version, parameters) VALUES (10104, 'CompatibilityPluginScheduler.JobId.LocalPluginLicenseNotificationJob-job', 'CompatibilityPluginScheduler.JobRunnerKey.LocalPluginLicenseNotificationJob-job-handler', 'I', 86400000, 1439352415341, NULL, NULL, 1488005431606, 4, NULL);
INSERT INTO clusteredjob (id, job_id, job_runner_key, sched_type, interval_millis, first_run, cron_expression, time_zone, next_run, version, parameters) VALUES (10106, 'CompatibilityPluginScheduler.JobId.PluginRequestCheckJob-job', 'CompatibilityPluginScheduler.JobRunnerKey.PluginRequestCheckJob-job-handler', 'I', 3600000, 1439352415365, NULL, NULL, 1487922631360, 4, NULL);
INSERT INTO clusteredjob (id, job_id, job_runner_key, sched_type, interval_millis, first_run, cron_expression, time_zone, next_run, version, parameters) VALUES (10107, 'CompatibilityPluginScheduler.JobId.PluginUpdateCheckJob-job', 'CompatibilityPluginScheduler.JobRunnerKey.PluginUpdateCheckJob-job-handler', 'I', 86400000, 1439392073489, NULL, NULL, 1488005431593, 3, NULL);
INSERT INTO clusteredjob (id, job_id, job_runner_key, sched_type, interval_millis, first_run, cron_expression, time_zone, next_run, version, parameters) VALUES (10108, 'CompatibilityPluginScheduler.JobId.InstanceTopologyJob-job', 'CompatibilityPluginScheduler.JobRunnerKey.InstanceTopologyJob-job-handler', 'I', 86400000, 1439412676445, NULL, NULL, 1488005431597, 3, NULL);
INSERT INTO clusteredjob (id, job_id, job_runner_key, sched_type, interval_millis, first_run, cron_expression, time_zone, next_run, version, parameters) VALUES (10500, 'analytics-collection', 'com.atlassian.plugins.authentication.impl.analytics.StatisticsCollectionService', 'C', NULL, NULL, '0 0 23 * * ?', NULL, 1487973600000, 1, NULL);
INSERT INTO clusteredjob (id, job_id, job_runner_key, sched_type, interval_millis, first_run, cron_expression, time_zone, next_run, version, parameters) VALUES (10501, 'assertionId-cleanup', 'com.atlassian.plugins.authentication.impl.web.saml.AssertionValidationService', 'I', 3600000, 1487922620032, NULL, NULL, 1487922620032, 1, NULL);
INSERT INTO clusteredjob (id, job_id, job_runner_key, sched_type, interval_millis, first_run, cron_expression, time_zone, next_run, version, parameters) VALUES (10601, 'com.atlassian.jira.projectconfig.analytics.AnalyticsScheduler', 'com.atlassian.jira.projectconfig.analytics.AnalyticsScheduler', 'I', 604800000, 1487922625902, NULL, NULL, 1487922625902, 1, NULL);
INSERT INTO clusteredjob (id, job_id, job_runner_key, sched_type, interval_millis, first_run, cron_expression, time_zone, next_run, version, parameters) VALUES (10700, 'com.atlassian.jira.service.JiraService:10100', 'com.atlassian.jira.service.DefaultServiceManager', 'C', NULL, NULL, '17 56 1 * * ?', NULL, 1494892577000, 1, '\xaced000573720037636f6d2e676f6f676c652e636f6d6d6f6e2e636f6c6c6563742e496d6d757461626c6542694d61702453657269616c697a6564466f726d000000000000000002000078720035636f6d2e676f6f676c652e636f6d6d6f6e2e636f6c6c6563742e496d6d757461626c654d61702453657269616c697a6564466f726d00000000000000000200025b00046b6579737400135b4c6a6176612f6c616e672f4f626a6563743b5b000676616c75657371007e00027870757200135b4c6a6176612e6c616e672e4f626a6563743b90ce589f1073296c020000787000000001740033636f6d2e61746c61737369616e2e6a6972612e736572766963652e536572766963654d616e616765723a7365727669636549647571007e0004000000017372000e6a6176612e6c616e672e4c6f6e673b8be490cc8f23df0200014a000576616c7565787200106a6176612e6c616e672e4e756d62657286ac951d0b94e08b02000078700000000000002774');
INSERT INTO clusteredjob (id, job_id, job_runner_key, sched_type, interval_millis, first_run, cron_expression, time_zone, next_run, version, parameters) VALUES (10701, 'com.atlassian.jira.service.JiraService:10101', 'com.atlassian.jira.service.DefaultServiceManager', 'C', NULL, NULL, '8 47 * * * ?', NULL, 1494848828000, 1, '\xaced000573720037636f6d2e676f6f676c652e636f6d6d6f6e2e636f6c6c6563742e496d6d757461626c6542694d61702453657269616c697a6564466f726d000000000000000002000078720035636f6d2e676f6f676c652e636f6d6d6f6e2e636f6c6c6563742e496d6d757461626c654d61702453657269616c697a6564466f726d00000000000000000200025b00046b6579737400135b4c6a6176612f6c616e672f4f626a6563743b5b000676616c75657371007e00027870757200135b4c6a6176612e6c616e672e4f626a6563743b90ce589f1073296c020000787000000001740033636f6d2e61746c61737369616e2e6a6972612e736572766963652e536572766963654d616e616765723a7365727669636549647571007e0004000000017372000e6a6176612e6c616e672e4c6f6e673b8be490cc8f23df0200014a000576616c7565787200106a6176612e6c616e672e4e756d62657286ac951d0b94e08b02000078700000000000002775');
INSERT INTO clusteredjob (id, job_id, job_runner_key, sched_type, interval_millis, first_run, cron_expression, time_zone, next_run, version, parameters) VALUES (10706, 'com.atlassian.jira.task.adhoc.AdHocUpgradeJobRunner', 'com.atlassian.jira.task.adhoc.AdHocUpgradeJobRunner', 'I', 86400000, 1494903245870, NULL, NULL, 1494903245870, 1, NULL);
INSERT INTO clusteredjob (id, job_id, job_runner_key, sched_type, interval_millis, first_run, cron_expression, time_zone, next_run, version, parameters) VALUES (10707, 'com.atlassian.greenhopper.service.api.remote.CreationConversationCleaner', 'com.atlassian.greenhopper.service.api.remote.CreationConversationCleaner', 'C', NULL, NULL, '0 0 0 * * ?', NULL, 1494885600000, 1, NULL);
INSERT INTO clusteredjob (id, job_id, job_runner_key, sched_type, interval_millis, first_run, cron_expression, time_zone, next_run, version, parameters) VALUES (10705, 'com.atlassian.jira.scheduler.CleanRunDetailsJobRunner', 'com.atlassian.jira.scheduler.CleanRunDetailsJobRunner', 'I', 604800000, NULL, NULL, NULL, 1495453096116, 2, NULL);
INSERT INTO clusteredjob (id, job_id, job_runner_key, sched_type, interval_millis, first_run, cron_expression, time_zone, next_run, version, parameters) VALUES (10708, '24ec482d-9c69-43bd-bcdf-13e619147a0c-CrowdDirectorySynchroniserJobRunner', '24ec482d-9c69-43bd-bcdf-13e619147a0c-CrowdDirectorySynchroniserJobRunner', 'I', 3600000, 1494850813031, NULL, NULL, 1494850813031, 1, NULL);
INSERT INTO clusteredjob (id, job_id, job_runner_key, sched_type, interval_millis, first_run, cron_expression, time_zone, next_run, version, parameters) VALUES (10709, 'com.atlassian.jira.web.action.issue.DefaultTemporaryWebAttachmentsMonitor', 'com.atlassian.jira.web.action.issue.DefaultTemporaryWebAttachmentsMonitor', 'I', 3600000, 1494851896236, NULL, NULL, 1494851896236, 1, NULL);
INSERT INTO clusteredjob (id, job_id, job_runner_key, sched_type, interval_millis, first_run, cron_expression, time_zone, next_run, version, parameters) VALUES (10710, 'com.atlassian.jira.task.progress.CompleteTasksCleanupJob', 'com.atlassian.jira.task.progress.CompleteTasksCleanupJob', 'I', 1209600000, NULL, NULL, NULL, 1496057896247, 2, NULL);
INSERT INTO clusteredjob (id, job_id, job_runner_key, sched_type, interval_millis, first_run, cron_expression, time_zone, next_run, version, parameters) VALUES (10712, 'CompatibilityPluginScheduler.JobId.Service Provider Session Remover', 'CompatibilityPluginScheduler.JobRunnerKey.Service Provider Session Remover', 'I', 28800000, 1494877096249, NULL, NULL, 1494877096249, 1, NULL);
INSERT INTO clusteredjob (id, job_id, job_runner_key, sched_type, interval_millis, first_run, cron_expression, time_zone, next_run, version, parameters) VALUES (10711, 'com.atlassian.jira.user.UserHistoryDatabaseCompactor', 'com.atlassian.jira.user.UserHistoryDatabaseCompactor', 'I', 86400000, NULL, NULL, NULL, 1494934696249, 2, NULL);
INSERT INTO clusteredjob (id, job_id, job_runner_key, sched_type, interval_millis, first_run, cron_expression, time_zone, next_run, version, parameters) VALUES (10713, 'data-provider-cleanup', 'com.atlassian.jira.plugin.devstatus.provider.DataProviderCleanupJob', 'I', 1800000, 1494850096279, NULL, NULL, 1494850096279, 1, NULL);
INSERT INTO clusteredjob (id, job_id, job_runner_key, sched_type, interval_millis, first_run, cron_expression, time_zone, next_run, version, parameters) VALUES (10714, 'com.atlassian.jira.plugins.dvcs.scheduler.DvcsScheduler:job', 'com.atlassian.jira.plugins.dvcs.scheduler.DvcsScheduler', 'I', 3600000, 1494851426617, NULL, NULL, 1494851426617, 1, NULL);


--
-- Name: clusteredjob_id_seq; Type: SEQUENCE SET; Schema: public; Owner: jira
--

SELECT pg_catalog.setval('clusteredjob_id_seq', 10714, true);


--
-- Data for Name: clusterlockstatus; Type: TABLE DATA; Schema: public; Owner: jira
--



--
-- Name: clusterlockstatus_id_seq; Type: SEQUENCE SET; Schema: public; Owner: jira
--

SELECT pg_catalog.setval('clusterlockstatus_id_seq', 10000, false);


--
-- Data for Name: clustermessage; Type: TABLE DATA; Schema: public; Owner: jira
--



--
-- Name: clustermessage_id_seq; Type: SEQUENCE SET; Schema: public; Owner: jira
--

SELECT pg_catalog.setval('clustermessage_id_seq', 10000, false);


--
-- Data for Name: clusternode; Type: TABLE DATA; Schema: public; Owner: jira
--



--
-- Data for Name: clusternodeheartbeat; Type: TABLE DATA; Schema: public; Owner: jira
--



--
-- Data for Name: columnlayout; Type: TABLE DATA; Schema: public; Owner: jira
--



--
-- Name: columnlayout_id_seq; Type: SEQUENCE SET; Schema: public; Owner: jira
--

SELECT pg_catalog.setval('columnlayout_id_seq', 10000, false);


--
-- Data for Name: columnlayoutitem; Type: TABLE DATA; Schema: public; Owner: jira
--



--
-- Name: columnlayoutitem_id_seq; Type: SEQUENCE SET; Schema: public; Owner: jira
--

SELECT pg_catalog.setval('columnlayoutitem_id_seq', 10000, false);


--
-- Data for Name: component; Type: TABLE DATA; Schema: public; Owner: jira
--



--
-- Name: component_id_seq; Type: SEQUENCE SET; Schema: public; Owner: jira
--

SELECT pg_catalog.setval('component_id_seq', 10000, false);


--
-- Data for Name: configurationcontext; Type: TABLE DATA; Schema: public; Owner: jira
--

INSERT INTO configurationcontext (id, projectcategory, project, customfield, fieldconfigscheme) VALUES (10000, NULL, NULL, 'issuetype', 10000);
INSERT INTO configurationcontext (id, projectcategory, project, customfield, fieldconfigscheme) VALUES (10100, NULL, NULL, 'customfield_10000', 10100);
INSERT INTO configurationcontext (id, projectcategory, project, customfield, fieldconfigscheme) VALUES (10101, NULL, NULL, 'customfield_10001', 10101);
INSERT INTO configurationcontext (id, projectcategory, project, customfield, fieldconfigscheme) VALUES (10102, NULL, NULL, 'customfield_10002', 10102);
INSERT INTO configurationcontext (id, projectcategory, project, customfield, fieldconfigscheme) VALUES (10103, NULL, NULL, 'customfield_10003', 10103);
INSERT INTO configurationcontext (id, projectcategory, project, customfield, fieldconfigscheme) VALUES (10104, NULL, NULL, 'customfield_10004', 10104);
INSERT INTO configurationcontext (id, projectcategory, project, customfield, fieldconfigscheme) VALUES (10105, NULL, NULL, 'customfield_10005', 10105);
INSERT INTO configurationcontext (id, projectcategory, project, customfield, fieldconfigscheme) VALUES (10106, NULL, NULL, 'customfield_10006', 10106);
INSERT INTO configurationcontext (id, projectcategory, project, customfield, fieldconfigscheme) VALUES (10107, NULL, NULL, 'customfield_10007', 10107);
INSERT INTO configurationcontext (id, projectcategory, project, customfield, fieldconfigscheme) VALUES (10108, NULL, NULL, 'customfield_10008', 10108);
INSERT INTO configurationcontext (id, projectcategory, project, customfield, fieldconfigscheme) VALUES (10109, NULL, NULL, 'customfield_10009', 10109);
INSERT INTO configurationcontext (id, projectcategory, project, customfield, fieldconfigscheme) VALUES (10110, NULL, 10000, 'issuetype', 10110);
INSERT INTO configurationcontext (id, projectcategory, project, customfield, fieldconfigscheme) VALUES (10200, NULL, NULL, 'customfield_10100', 10200);
INSERT INTO configurationcontext (id, projectcategory, project, customfield, fieldconfigscheme) VALUES (10201, NULL, NULL, 'customfield_10101', 10201);
INSERT INTO configurationcontext (id, projectcategory, project, customfield, fieldconfigscheme) VALUES (10202, NULL, NULL, 'customfield_10102', 10202);
INSERT INTO configurationcontext (id, projectcategory, project, customfield, fieldconfigscheme) VALUES (10203, NULL, NULL, 'customfield_10103', 10203);
INSERT INTO configurationcontext (id, projectcategory, project, customfield, fieldconfigscheme) VALUES (10204, NULL, NULL, 'customfield_10104', 10204);
INSERT INTO configurationcontext (id, projectcategory, project, customfield, fieldconfigscheme) VALUES (10205, NULL, NULL, 'customfield_10105', 10205);
INSERT INTO configurationcontext (id, projectcategory, project, customfield, fieldconfigscheme) VALUES (10206, NULL, NULL, 'customfield_10106', 10206);


--
-- Name: configurationcontext_id_seq; Type: SEQUENCE SET; Schema: public; Owner: jira
--

SELECT pg_catalog.setval('configurationcontext_id_seq', 10206, true);


--
-- Data for Name: connect_addons_f4ed3a; Type: TABLE DATA; Schema: public; Owner: jira
--



--
-- Data for Name: connect_addon_dependencies_f4ed3a; Type: TABLE DATA; Schema: public; Owner: jira
--



--
-- Data for Name: connect_addon_descriptors_f4ed3a; Type: TABLE DATA; Schema: public; Owner: jira
--



--
-- Data for Name: connect_addon_listings_f4ed3a; Type: TABLE DATA; Schema: public; Owner: jira
--



--
-- Data for Name: connect_addon_remnant_f4ed3a; Type: TABLE DATA; Schema: public; Owner: jira
--



--
-- Data for Name: connect_addon_scopes_f4ed3a; Type: TABLE DATA; Schema: public; Owner: jira
--



--
-- Data for Name: connect_plugin_modules_f4ed3a; Type: TABLE DATA; Schema: public; Owner: jira
--



--
-- Data for Name: customfield; Type: TABLE DATA; Schema: public; Owner: jira
--

INSERT INTO customfield (id, cfkey, customfieldtypekey, customfieldsearcherkey, cfname, description, defaultvalue, fieldtype, project, issuetype) VALUES (10000, NULL, 'com.atlassian.bonfire.plugin:bonfire-multi-session-cft', 'com.atlassian.bonfire.plugin:bonfire-session-searcher', 'Test sessions', 'This custom field is created programmatically by Capture for JIRA.', NULL, NULL, NULL, NULL);
INSERT INTO customfield (id, cfkey, customfieldtypekey, customfieldsearcherkey, cfname, description, defaultvalue, fieldtype, project, issuetype) VALUES (10001, NULL, 'com.atlassian.bonfire.plugin:bonfire-session-cft', 'com.atlassian.bonfire.plugin:bonfire-session-searcher', 'Raised during', 'This custom field is created programmatically by Capture for JIRA.', NULL, NULL, NULL, NULL);
INSERT INTO customfield (id, cfkey, customfieldtypekey, customfieldsearcherkey, cfname, description, defaultvalue, fieldtype, project, issuetype) VALUES (10002, NULL, 'com.atlassian.bonfire.plugin:bonfire-text', 'com.atlassian.jira.plugin.system.customfieldtypes:textsearcher', 'Capture for JIRA User Agent', 'This Custom Field is created programatically by Capture for JIRA.', NULL, NULL, NULL, NULL);
INSERT INTO customfield (id, cfkey, customfieldtypekey, customfieldsearcherkey, cfname, description, defaultvalue, fieldtype, project, issuetype) VALUES (10003, NULL, 'com.atlassian.bonfire.plugin:bonfire-text', 'com.atlassian.jira.plugin.system.customfieldtypes:textsearcher', 'Capture for JIRA Browser', 'This Custom Field is created programatically by Capture for JIRA.', NULL, NULL, NULL, NULL);
INSERT INTO customfield (id, cfkey, customfieldtypekey, customfieldsearcherkey, cfname, description, defaultvalue, fieldtype, project, issuetype) VALUES (10004, NULL, 'com.atlassian.bonfire.plugin:bonfire-text', 'com.atlassian.jira.plugin.system.customfieldtypes:textsearcher', 'Capture for JIRA Operating System', 'This Custom Field is created programatically by Capture for JIRA.', NULL, NULL, NULL, NULL);
INSERT INTO customfield (id, cfkey, customfieldtypekey, customfieldsearcherkey, cfname, description, defaultvalue, fieldtype, project, issuetype) VALUES (10005, NULL, 'com.atlassian.bonfire.plugin:bonfire-text', 'com.atlassian.jira.plugin.system.customfieldtypes:textsearcher', 'Capture for JIRA URL', 'This Custom Field is created programatically by Capture for JIRA.', NULL, NULL, NULL, NULL);
INSERT INTO customfield (id, cfkey, customfieldtypekey, customfieldsearcherkey, cfname, description, defaultvalue, fieldtype, project, issuetype) VALUES (10006, NULL, 'com.atlassian.bonfire.plugin:bonfire-text', 'com.atlassian.jira.plugin.system.customfieldtypes:textsearcher', 'Capture for JIRA Screen Resolution', 'This Custom Field is created programatically by Capture for JIRA.', NULL, NULL, NULL, NULL);
INSERT INTO customfield (id, cfkey, customfieldtypekey, customfieldsearcherkey, cfname, description, defaultvalue, fieldtype, project, issuetype) VALUES (10007, NULL, 'com.atlassian.bonfire.plugin:bonfire-text', 'com.atlassian.jira.plugin.system.customfieldtypes:textsearcher', 'Capture for JIRA jQuery Version', 'This Custom Field is created programatically by Capture for JIRA.', NULL, NULL, NULL, NULL);
INSERT INTO customfield (id, cfkey, customfieldtypekey, customfieldsearcherkey, cfname, description, defaultvalue, fieldtype, project, issuetype) VALUES (10008, NULL, 'com.atlassian.bonfire.plugin:bonfire-text', 'com.atlassian.jira.plugin.system.customfieldtypes:textsearcher', 'Capture for JIRA Document Mode', 'This Custom Field is created programatically by Capture for JIRA.', NULL, NULL, NULL, NULL);
INSERT INTO customfield (id, cfkey, customfieldtypekey, customfieldsearcherkey, cfname, description, defaultvalue, fieldtype, project, issuetype) VALUES (10009, NULL, 'com.atlassian.bonfire.plugin:bonfire-testing-status-cft', 'com.atlassian.bonfire.plugin:bonfire-testingstatus-searcher', 'Testing status', 'This custom field is created programmatically by Capture for JIRA.', NULL, NULL, NULL, NULL);
INSERT INTO customfield (id, cfkey, customfieldtypekey, customfieldsearcherkey, cfname, description, defaultvalue, fieldtype, project, issuetype) VALUES (10100, NULL, 'com.atlassian.jira.plugins.jira-development-integration-plugin:devsummarycf', 'com.atlassian.jira.plugins.jira-development-integration-plugin:devsummarysearcher', 'development', 'Includes development summary panel information used in JQL', NULL, NULL, NULL, NULL);
INSERT INTO customfield (id, cfkey, customfieldtypekey, customfieldsearcherkey, cfname, description, defaultvalue, fieldtype, project, issuetype) VALUES (10101, NULL, 'com.pyxis.greenhopper.jira:gh-epic-label', 'com.pyxis.greenhopper.jira:gh-epic-label-searcher', 'Epic Name', 'Provide a short name to identify this epic.', NULL, NULL, NULL, NULL);
INSERT INTO customfield (id, cfkey, customfieldtypekey, customfieldsearcherkey, cfname, description, defaultvalue, fieldtype, project, issuetype) VALUES (10102, NULL, 'com.pyxis.greenhopper.jira:gh-epic-status', 'com.pyxis.greenhopper.jira:gh-epic-status-searcher', 'Epic Status', 'Epic Status field for JIRA Software use only.', NULL, NULL, NULL, NULL);
INSERT INTO customfield (id, cfkey, customfieldtypekey, customfieldsearcherkey, cfname, description, defaultvalue, fieldtype, project, issuetype) VALUES (10103, NULL, 'com.pyxis.greenhopper.jira:gh-epic-color', 'com.pyxis.greenhopper.jira:gh-epic-color-searcher', 'Epic Colour', 'Epic Colour field for JIRA Software use only.', NULL, NULL, NULL, NULL);
INSERT INTO customfield (id, cfkey, customfieldtypekey, customfieldsearcherkey, cfname, description, defaultvalue, fieldtype, project, issuetype) VALUES (10104, NULL, 'com.pyxis.greenhopper.jira:gh-epic-link', 'com.pyxis.greenhopper.jira:gh-epic-link-searcher', 'Epic Link', 'Choose an epic to assign this issue to.', NULL, NULL, NULL, NULL);
INSERT INTO customfield (id, cfkey, customfieldtypekey, customfieldsearcherkey, cfname, description, defaultvalue, fieldtype, project, issuetype) VALUES (10105, NULL, 'com.pyxis.greenhopper.jira:gh-sprint', 'com.pyxis.greenhopper.jira:gh-sprint-searcher', 'Sprint', 'JIRA Software sprint field', NULL, NULL, NULL, NULL);
INSERT INTO customfield (id, cfkey, customfieldtypekey, customfieldsearcherkey, cfname, description, defaultvalue, fieldtype, project, issuetype) VALUES (10106, NULL, 'com.pyxis.greenhopper.jira:gh-lexo-rank', 'com.pyxis.greenhopper.jira:gh-lexo-rank-searcher', 'Rank', 'Global rank field for JIRA Software use only.', NULL, NULL, NULL, NULL);


--
-- Name: customfield_id_seq; Type: SEQUENCE SET; Schema: public; Owner: jira
--

SELECT pg_catalog.setval('customfield_id_seq', 10106, true);


--
-- Data for Name: customfieldoption; Type: TABLE DATA; Schema: public; Owner: jira
--

INSERT INTO customfieldoption (id, customfield, customfieldconfig, parentoptionid, sequence, customvalue, optiontype, disabled) VALUES (10000, 10102, 10202, NULL, 0, 'To Do', NULL, 'N');
INSERT INTO customfieldoption (id, customfield, customfieldconfig, parentoptionid, sequence, customvalue, optiontype, disabled) VALUES (10001, 10102, 10202, NULL, 1, 'In Progress', NULL, 'N');
INSERT INTO customfieldoption (id, customfield, customfieldconfig, parentoptionid, sequence, customvalue, optiontype, disabled) VALUES (10002, 10102, 10202, NULL, 2, 'Done', NULL, 'N');


--
-- Name: customfieldoption_id_seq; Type: SEQUENCE SET; Schema: public; Owner: jira
--

SELECT pg_catalog.setval('customfieldoption_id_seq', 10002, true);


--
-- Data for Name: customfieldvalue; Type: TABLE DATA; Schema: public; Owner: jira
--

INSERT INTO customfieldvalue (id, issue, customfield, parentkey, stringvalue, numbervalue, textvalue, datevalue, valuetype) VALUES (10019, 10002, 10006, NULL, NULL, NULL, '1440x900', NULL, NULL);
INSERT INTO customfieldvalue (id, issue, customfield, parentkey, stringvalue, numbervalue, textvalue, datevalue, valuetype) VALUES (10020, 10002, 10008, NULL, NULL, NULL, 'Standards (CSS1Compat)', NULL, NULL);
INSERT INTO customfieldvalue (id, issue, customfield, parentkey, stringvalue, numbervalue, textvalue, datevalue, valuetype) VALUES (10021, 10003, 10001, NULL, '10011', NULL, NULL, NULL, NULL);
INSERT INTO customfieldvalue (id, issue, customfield, parentkey, stringvalue, numbervalue, textvalue, datevalue, valuetype) VALUES (10022, 10003, 10002, NULL, NULL, NULL, 'Mozilla/5.0 (Macintosh; Intel Mac OS X 10_11_6) AppleWebKit/537.36 (KHTML, like Gecko) Chrome/56.0.2924.87 Safari/537.36', NULL, NULL);
INSERT INTO customfieldvalue (id, issue, customfield, parentkey, stringvalue, numbervalue, textvalue, datevalue, valuetype) VALUES (10023, 10003, 10003, NULL, NULL, NULL, 'Chrome 56.0.2924.87', NULL, NULL);
INSERT INTO customfieldvalue (id, issue, customfield, parentkey, stringvalue, numbervalue, textvalue, datevalue, valuetype) VALUES (10024, 10003, 10004, NULL, NULL, NULL, 'Intel Mac OS X 10_11_6', NULL, NULL);
INSERT INTO customfieldvalue (id, issue, customfield, parentkey, stringvalue, numbervalue, textvalue, datevalue, valuetype) VALUES (10025, 10003, 10005, NULL, NULL, NULL, 'http://localhost:2990/jira/secure/SessionNavigator.jspa', NULL, NULL);
INSERT INTO customfieldvalue (id, issue, customfield, parentkey, stringvalue, numbervalue, textvalue, datevalue, valuetype) VALUES (10026, 10003, 10006, NULL, NULL, NULL, '1440x900', NULL, NULL);
INSERT INTO customfieldvalue (id, issue, customfield, parentkey, stringvalue, numbervalue, textvalue, datevalue, valuetype) VALUES (10027, 10003, 10008, NULL, NULL, NULL, 'Standards (CSS1Compat)', NULL, NULL);
INSERT INTO customfieldvalue (id, issue, customfield, parentkey, stringvalue, numbervalue, textvalue, datevalue, valuetype) VALUES (10028, 10004, 10001, NULL, '10012', NULL, NULL, NULL, NULL);
INSERT INTO customfieldvalue (id, issue, customfield, parentkey, stringvalue, numbervalue, textvalue, datevalue, valuetype) VALUES (10100, 10200, 10001, NULL, '10013', NULL, NULL, NULL, NULL);
INSERT INTO customfieldvalue (id, issue, customfield, parentkey, stringvalue, numbervalue, textvalue, datevalue, valuetype) VALUES (10101, 10200, 10002, NULL, NULL, NULL, 'Mozilla/5.0 (Macintosh; Intel Mac OS X 10_11_6) AppleWebKit/537.36 (KHTML, like Gecko) Chrome/56.0.2924.87 Safari/537.36', NULL, NULL);
INSERT INTO customfieldvalue (id, issue, customfield, parentkey, stringvalue, numbervalue, textvalue, datevalue, valuetype) VALUES (10102, 10200, 10003, NULL, NULL, NULL, 'Chrome 56.0.2924.87', NULL, NULL);
INSERT INTO customfieldvalue (id, issue, customfield, parentkey, stringvalue, numbervalue, textvalue, datevalue, valuetype) VALUES (10103, 10200, 10004, NULL, NULL, NULL, 'Intel Mac OS X 10_11_6', NULL, NULL);
INSERT INTO customfieldvalue (id, issue, customfield, parentkey, stringvalue, numbervalue, textvalue, datevalue, valuetype) VALUES (10104, 10200, 10005, NULL, NULL, NULL, 'http://localhost:2990/jira/secure/SessionNavigator.jspa', NULL, NULL);
INSERT INTO customfieldvalue (id, issue, customfield, parentkey, stringvalue, numbervalue, textvalue, datevalue, valuetype) VALUES (10105, 10200, 10006, NULL, NULL, NULL, '1440x900', NULL, NULL);
INSERT INTO customfieldvalue (id, issue, customfield, parentkey, stringvalue, numbervalue, textvalue, datevalue, valuetype) VALUES (10106, 10200, 10008, NULL, NULL, NULL, 'Standards (CSS1Compat)', NULL, NULL);
INSERT INTO customfieldvalue (id, issue, customfield, parentkey, stringvalue, numbervalue, textvalue, datevalue, valuetype) VALUES (10107, 10100, 10009, NULL, 'Hello World', NULL, NULL, NULL, NULL);
INSERT INTO customfieldvalue (id, issue, customfield, parentkey, stringvalue, numbervalue, textvalue, datevalue, valuetype) VALUES (10000, 10000, 10001, NULL, '10006', NULL, NULL, NULL, NULL);
INSERT INTO customfieldvalue (id, issue, customfield, parentkey, stringvalue, numbervalue, textvalue, datevalue, valuetype) VALUES (10001, 10000, 10002, NULL, NULL, NULL, 'Mozilla/5.0 (Macintosh; Intel Mac OS X 10_11_6) AppleWebKit/537.36 (KHTML, like Gecko) Chrome/56.0.2924.87 Safari/537.36', NULL, NULL);
INSERT INTO customfieldvalue (id, issue, customfield, parentkey, stringvalue, numbervalue, textvalue, datevalue, valuetype) VALUES (10002, 10000, 10003, NULL, NULL, NULL, 'Chrome 56.0.2924.87', NULL, NULL);
INSERT INTO customfieldvalue (id, issue, customfield, parentkey, stringvalue, numbervalue, textvalue, datevalue, valuetype) VALUES (10003, 10000, 10004, NULL, NULL, NULL, 'Intel Mac OS X 10_11_6', NULL, NULL);
INSERT INTO customfieldvalue (id, issue, customfield, parentkey, stringvalue, numbervalue, textvalue, datevalue, valuetype) VALUES (10004, 10000, 10005, NULL, NULL, NULL, 'http://localhost:2990/jira/secure/SessionNavigator.jspa', NULL, NULL);
INSERT INTO customfieldvalue (id, issue, customfield, parentkey, stringvalue, numbervalue, textvalue, datevalue, valuetype) VALUES (10005, 10000, 10006, NULL, NULL, NULL, '1440x900', NULL, NULL);
INSERT INTO customfieldvalue (id, issue, customfield, parentkey, stringvalue, numbervalue, textvalue, datevalue, valuetype) VALUES (10006, 10000, 10008, NULL, NULL, NULL, 'Standards (CSS1Compat)', NULL, NULL);
INSERT INTO customfieldvalue (id, issue, customfield, parentkey, stringvalue, numbervalue, textvalue, datevalue, valuetype) VALUES (10007, 10001, 10001, NULL, '10006', NULL, NULL, NULL, NULL);
INSERT INTO customfieldvalue (id, issue, customfield, parentkey, stringvalue, numbervalue, textvalue, datevalue, valuetype) VALUES (10008, 10001, 10002, NULL, NULL, NULL, 'Mozilla/5.0 (Macintosh; Intel Mac OS X 10_11_6) AppleWebKit/537.36 (KHTML, like Gecko) Chrome/56.0.2924.87 Safari/537.36', NULL, NULL);
INSERT INTO customfieldvalue (id, issue, customfield, parentkey, stringvalue, numbervalue, textvalue, datevalue, valuetype) VALUES (10009, 10001, 10003, NULL, NULL, NULL, 'Chrome 56.0.2924.87', NULL, NULL);
INSERT INTO customfieldvalue (id, issue, customfield, parentkey, stringvalue, numbervalue, textvalue, datevalue, valuetype) VALUES (10010, 10001, 10004, NULL, NULL, NULL, 'Intel Mac OS X 10_11_6', NULL, NULL);
INSERT INTO customfieldvalue (id, issue, customfield, parentkey, stringvalue, numbervalue, textvalue, datevalue, valuetype) VALUES (10011, 10001, 10005, NULL, NULL, NULL, 'http://localhost:2990/jira/secure/SessionNavigator.jspa', NULL, NULL);
INSERT INTO customfieldvalue (id, issue, customfield, parentkey, stringvalue, numbervalue, textvalue, datevalue, valuetype) VALUES (10012, 10001, 10006, NULL, NULL, NULL, '1440x900', NULL, NULL);
INSERT INTO customfieldvalue (id, issue, customfield, parentkey, stringvalue, numbervalue, textvalue, datevalue, valuetype) VALUES (10013, 10001, 10008, NULL, NULL, NULL, 'Standards (CSS1Compat)', NULL, NULL);
INSERT INTO customfieldvalue (id, issue, customfield, parentkey, stringvalue, numbervalue, textvalue, datevalue, valuetype) VALUES (10014, 10002, 10001, NULL, '10011', NULL, NULL, NULL, NULL);
INSERT INTO customfieldvalue (id, issue, customfield, parentkey, stringvalue, numbervalue, textvalue, datevalue, valuetype) VALUES (10015, 10002, 10002, NULL, NULL, NULL, 'Mozilla/5.0 (Macintosh; Intel Mac OS X 10_11_6) AppleWebKit/537.36 (KHTML, like Gecko) Chrome/56.0.2924.87 Safari/537.36', NULL, NULL);
INSERT INTO customfieldvalue (id, issue, customfield, parentkey, stringvalue, numbervalue, textvalue, datevalue, valuetype) VALUES (10016, 10002, 10003, NULL, NULL, NULL, 'Chrome 56.0.2924.87', NULL, NULL);
INSERT INTO customfieldvalue (id, issue, customfield, parentkey, stringvalue, numbervalue, textvalue, datevalue, valuetype) VALUES (10017, 10002, 10004, NULL, NULL, NULL, 'Intel Mac OS X 10_11_6', NULL, NULL);
INSERT INTO customfieldvalue (id, issue, customfield, parentkey, stringvalue, numbervalue, textvalue, datevalue, valuetype) VALUES (10018, 10002, 10005, NULL, NULL, NULL, 'http://localhost:2990/jira/secure/SessionNavigator.jspa', NULL, NULL);


--
-- Name: customfieldvalue_id_seq; Type: SEQUENCE SET; Schema: public; Owner: jira
--

SELECT pg_catalog.setval('customfieldvalue_id_seq', 10200, false);


--
-- Data for Name: cwd_application; Type: TABLE DATA; Schema: public; Owner: jira
--

INSERT INTO cwd_application (id, application_name, lower_application_name, created_date, updated_date, active, description, application_type, credential) VALUES (1, 'crowd-embedded', 'crowd-embedded', '2013-02-28 10:57:51.302+00', '2013-02-28 10:57:51.302+00', 1, '', 'CROWD', 'X');


--
-- Data for Name: cwd_application_address; Type: TABLE DATA; Schema: public; Owner: jira
--



--
-- Name: cwd_application_id_seq; Type: SEQUENCE SET; Schema: public; Owner: jira
--

SELECT pg_catalog.setval('cwd_application_id_seq', 10000, false);


--
-- Data for Name: cwd_directory; Type: TABLE DATA; Schema: public; Owner: jira
--

INSERT INTO cwd_directory (id, directory_name, lower_directory_name, created_date, updated_date, active, description, impl_class, lower_impl_class, directory_type, directory_position) VALUES (1, 'JIRA Internal Directory', 'jira internal directory', '2013-02-28 10:57:51.308+00', '2013-02-28 10:57:51.308+00', 1, 'JIRA default internal directory', 'com.atlassian.crowd.directory.InternalDirectory', 'com.atlassian.crowd.directory.internaldirectory', 'INTERNAL', 0);


--
-- Data for Name: cwd_directory_attribute; Type: TABLE DATA; Schema: public; Owner: jira
--

INSERT INTO cwd_directory_attribute (directory_id, attribute_name, attribute_value) VALUES (1, 'user_encryption_method', 'atlassian-security');


--
-- Name: cwd_directory_id_seq; Type: SEQUENCE SET; Schema: public; Owner: jira
--

SELECT pg_catalog.setval('cwd_directory_id_seq', 10000, false);


--
-- Data for Name: cwd_directory_operation; Type: TABLE DATA; Schema: public; Owner: jira
--

INSERT INTO cwd_directory_operation (directory_id, operation_type) VALUES (1, 'CREATE_GROUP');
INSERT INTO cwd_directory_operation (directory_id, operation_type) VALUES (1, 'CREATE_ROLE');
INSERT INTO cwd_directory_operation (directory_id, operation_type) VALUES (1, 'CREATE_USER');
INSERT INTO cwd_directory_operation (directory_id, operation_type) VALUES (1, 'DELETE_GROUP');
INSERT INTO cwd_directory_operation (directory_id, operation_type) VALUES (1, 'DELETE_ROLE');
INSERT INTO cwd_directory_operation (directory_id, operation_type) VALUES (1, 'DELETE_USER');
INSERT INTO cwd_directory_operation (directory_id, operation_type) VALUES (1, 'UPDATE_GROUP');
INSERT INTO cwd_directory_operation (directory_id, operation_type) VALUES (1, 'UPDATE_GROUP_ATTRIBUTE');
INSERT INTO cwd_directory_operation (directory_id, operation_type) VALUES (1, 'UPDATE_ROLE');
INSERT INTO cwd_directory_operation (directory_id, operation_type) VALUES (1, 'UPDATE_ROLE_ATTRIBUTE');
INSERT INTO cwd_directory_operation (directory_id, operation_type) VALUES (1, 'UPDATE_USER');
INSERT INTO cwd_directory_operation (directory_id, operation_type) VALUES (1, 'UPDATE_USER_ATTRIBUTE');


--
-- Data for Name: cwd_group; Type: TABLE DATA; Schema: public; Owner: jira
--

INSERT INTO cwd_group (id, group_name, lower_group_name, active, local, created_date, updated_date, description, lower_description, group_type, directory_id) VALUES (10000, 'jira-administrators', 'jira-administrators', 1, 0, '2013-02-28 10:57:51.326+00', '2013-02-28 10:57:51.326+00', '', NULL, 'GROUP', 1);
INSERT INTO cwd_group (id, group_name, lower_group_name, active, local, created_date, updated_date, description, lower_description, group_type, directory_id) VALUES (10001, 'jira-developers', 'jira-developers', 1, 0, '2013-02-28 10:57:51.326+00', '2013-02-28 10:57:51.326+00', '', NULL, 'GROUP', 1);
INSERT INTO cwd_group (id, group_name, lower_group_name, active, local, created_date, updated_date, description, lower_description, group_type, directory_id) VALUES (10002, 'jira-users', 'jira-users', 1, 0, '2013-02-28 10:57:51.326+00', '2013-02-28 10:57:51.326+00', '', NULL, 'GROUP', 1);


--
-- Data for Name: cwd_group_attributes; Type: TABLE DATA; Schema: public; Owner: jira
--



--
-- Name: cwd_group_attributes_id_seq; Type: SEQUENCE SET; Schema: public; Owner: jira
--

SELECT pg_catalog.setval('cwd_group_attributes_id_seq', 10000, false);


--
-- Name: cwd_group_id_seq; Type: SEQUENCE SET; Schema: public; Owner: jira
--

SELECT pg_catalog.setval('cwd_group_id_seq', 10100, false);


--
-- Data for Name: cwd_membership; Type: TABLE DATA; Schema: public; Owner: jira
--

INSERT INTO cwd_membership (id, parent_id, child_id, membership_type, group_type, parent_name, lower_parent_name, child_name, lower_child_name, directory_id) VALUES (10000, 10002, 10000, 'GROUP_USER', NULL, 'jira-users', 'jira-users', 'admin', 'admin', 1);
INSERT INTO cwd_membership (id, parent_id, child_id, membership_type, group_type, parent_name, lower_parent_name, child_name, lower_child_name, directory_id) VALUES (10001, 10000, 10000, 'GROUP_USER', NULL, 'jira-administrators', 'jira-administrators', 'admin', 'admin', 1);


--
-- Name: cwd_membership_id_seq; Type: SEQUENCE SET; Schema: public; Owner: jira
--

SELECT pg_catalog.setval('cwd_membership_id_seq', 10100, false);


--
-- Data for Name: cwd_user; Type: TABLE DATA; Schema: public; Owner: jira
--

INSERT INTO cwd_user (id, directory_id, user_name, lower_user_name, active, created_date, updated_date, first_name, lower_first_name, last_name, lower_last_name, display_name, lower_display_name, email_address, lower_email_address, credential, deleted_externally, external_id, localservicedeskuser) VALUES (10000, 1, 'admin', 'admin', 1, '2015-08-12 12:06:43.179+00', '2015-08-12 12:06:43.179+00', '', '', 'admin', 'admin', 'admin', 'admin', 'admin@example.com', 'admin@example.com', '{PKCS5S2}17H8A/5vIeZ8+6k3Kfjygr1ahliKBvvxs5aR37LV3OGHmcm+o6XBWMwFYd7mznKQ', NULL, '6f3feada-822e-45ce-b9b2-6729faef4138', NULL);


--
-- Data for Name: cwd_user_attributes; Type: TABLE DATA; Schema: public; Owner: jira
--

INSERT INTO cwd_user_attributes (id, user_id, directory_id, attribute_name, attribute_value, lower_attribute_value) VALUES (10000, 10000, 1, 'passwordLastChanged', '1439352403184', '1439352403184');
INSERT INTO cwd_user_attributes (id, user_id, directory_id, attribute_name, attribute_value, lower_attribute_value) VALUES (10001, 10000, 1, 'requiresPasswordChange', 'false', 'false');
INSERT INTO cwd_user_attributes (id, user_id, directory_id, attribute_name, attribute_value, lower_attribute_value) VALUES (10002, 10000, 1, 'invalidPasswordAttempts', '0', '0');
INSERT INTO cwd_user_attributes (id, user_id, directory_id, attribute_name, attribute_value, lower_attribute_value) VALUES (10003, 10000, 1, 'password.reset.request.expiry', '1439438803463', '1439438803463');
INSERT INTO cwd_user_attributes (id, user_id, directory_id, attribute_name, attribute_value, lower_attribute_value) VALUES (10004, 10000, 1, 'password.reset.request.token', 'e7dbd5272b8e438b9c882700ea07b6dc50b5efae', 'e7dbd5272b8e438b9c882700ea07b6dc50b5efae');
INSERT INTO cwd_user_attributes (id, user_id, directory_id, attribute_name, attribute_value, lower_attribute_value) VALUES (10005, 10000, 1, 'login.currentFailedCount', '0', '0');
INSERT INTO cwd_user_attributes (id, user_id, directory_id, attribute_name, attribute_value, lower_attribute_value) VALUES (10006, 10000, 1, 'login.lastLoginMillis', '1487919107087', '1487919107087');
INSERT INTO cwd_user_attributes (id, user_id, directory_id, attribute_name, attribute_value, lower_attribute_value) VALUES (10007, 10000, 1, 'login.count', '5', '5');
INSERT INTO cwd_user_attributes (id, user_id, directory_id, attribute_name, attribute_value, lower_attribute_value) VALUES (10100, 10000, 1, 'lastAuthenticated', '1487919107070', '1487919107070');
INSERT INTO cwd_user_attributes (id, user_id, directory_id, attribute_name, attribute_value, lower_attribute_value) VALUES (10101, 10000, 1, 'login.previousLoginMillis', '1487296807477', '1487296807477');
INSERT INTO cwd_user_attributes (id, user_id, directory_id, attribute_name, attribute_value, lower_attribute_value) VALUES (10200, 10000, 1, 'login.lastFailedLoginMillis', '1487296800628', '1487296800628');
INSERT INTO cwd_user_attributes (id, user_id, directory_id, attribute_name, attribute_value, lower_attribute_value) VALUES (10201, 10000, 1, 'login.totalFailedCount', '1', '1');


--
-- Name: cwd_user_attributes_id_seq; Type: SEQUENCE SET; Schema: public; Owner: jira
--

SELECT pg_catalog.setval('cwd_user_attributes_id_seq', 10300, false);


--
-- Name: cwd_user_id_seq; Type: SEQUENCE SET; Schema: public; Owner: jira
--

SELECT pg_catalog.setval('cwd_user_id_seq', 10100, false);


--
-- Data for Name: deadletter; Type: TABLE DATA; Schema: public; Owner: jira
--



--
-- Name: deadletter_id_seq; Type: SEQUENCE SET; Schema: public; Owner: jira
--

SELECT pg_catalog.setval('deadletter_id_seq', 10000, false);


--
-- Data for Name: draftworkflowscheme; Type: TABLE DATA; Schema: public; Owner: jira
--



--
-- Name: draftworkflowscheme_id_seq; Type: SEQUENCE SET; Schema: public; Owner: jira
--

SELECT pg_catalog.setval('draftworkflowscheme_id_seq', 10000, false);


--
-- Data for Name: draftworkflowschemeentity; Type: TABLE DATA; Schema: public; Owner: jira
--



--
-- Name: draftworkflowschemeentity_id_seq; Type: SEQUENCE SET; Schema: public; Owner: jira
--

SELECT pg_catalog.setval('draftworkflowschemeentity_id_seq', 10000, false);


--
-- Data for Name: entity_property; Type: TABLE DATA; Schema: public; Owner: jira
--

INSERT INTO entity_property (id, entity_name, entity_id, property_key, created, updated, json_value) VALUES (10000, 'ProjectProperty', 10000, 'searchRequests', '2017-02-17 11:10:33.627+00', '2017-02-17 11:10:33.627+00', '{"ids":[10000,10001]}');
INSERT INTO entity_property (id, entity_name, entity_id, property_key, created, updated, json_value) VALUES (10100, 'DashboardItemProperty', 10002, 'config', '2017-05-15 11:38:14.517+00', '2017-05-15 11:38:14.517+00', '{"isConfigured":"true"}');
INSERT INTO entity_property (id, entity_name, entity_id, property_key, created, updated, json_value) VALUES (10101, 'DashboardItemProperty', 10003, 'config', '2017-05-15 11:38:14.52+00', '2017-05-15 11:38:14.52+00', '{"isConfigured":"true","numofentries":"5","keys":"__all_projects__","title":"Your Company JIRA"}');


--
-- Name: entity_property_id_seq; Type: SEQUENCE SET; Schema: public; Owner: jira
--

SELECT pg_catalog.setval('entity_property_id_seq', 10101, true);


--
-- Data for Name: entity_property_index; Type: TABLE DATA; Schema: public; Owner: jira
--

INSERT INTO entity_property_index (id, entity_type, entity_id, property_key, property_path) VALUES (10000, 2, 10000, 'searchRequests', 'ids');


--
-- Data for Name: entity_property_index_document; Type: TABLE DATA; Schema: public; Owner: jira
--



--
-- Name: entity_property_index_document_id_seq; Type: SEQUENCE SET; Schema: public; Owner: jira
--

SELECT pg_catalog.setval('entity_property_index_document_id_seq', 10000, false);


--
-- Name: entity_property_index_id_seq; Type: SEQUENCE SET; Schema: public; Owner: jira
--

SELECT pg_catalog.setval('entity_property_index_id_seq', 10000, true);


--
-- Data for Name: entity_property_value; Type: TABLE DATA; Schema: public; Owner: jira
--

INSERT INTO entity_property_value (id, property_index_id, value_date, value_string, value_number, value_text, tokens) VALUES (10000, 10000, NULL, '10000', 10000.000000, '10000', NULL);
INSERT INTO entity_property_value (id, property_index_id, value_date, value_string, value_number, value_text, tokens) VALUES (10001, 10000, NULL, '10001', 10001.000000, '10001', NULL);


--
-- Name: entity_property_value_id_seq; Type: SEQUENCE SET; Schema: public; Owner: jira
--

SELECT pg_catalog.setval('entity_property_value_id_seq', 10001, true);


--
-- Data for Name: entity_translation; Type: TABLE DATA; Schema: public; Owner: jira
--

INSERT INTO entity_translation (id, entity_name, entity_id, locale, trans_name, trans_desc) VALUES (10000, 'CustomField', 10100, 'en_US', 'Development', '');
INSERT INTO entity_translation (id, entity_name, entity_id, locale, trans_name, trans_desc) VALUES (10001, 'CustomField', 10100, 'en_UK', 'Development', '');
INSERT INTO entity_translation (id, entity_name, entity_id, locale, trans_name, trans_desc) VALUES (10002, 'CustomField', 10100, 'fr_FR', 'Dveloppement', '');
INSERT INTO entity_translation (id, entity_name, entity_id, locale, trans_name, trans_desc) VALUES (10003, 'CustomField', 10100, 'es_ES', 'Desarrollo', '');
INSERT INTO entity_translation (id, entity_name, entity_id, locale, trans_name, trans_desc) VALUES (10004, 'CustomField', 10100, 'ja_JP', '', '');
INSERT INTO entity_translation (id, entity_name, entity_id, locale, trans_name, trans_desc) VALUES (10005, 'CustomField', 10100, 'ko_KR', '', '');
INSERT INTO entity_translation (id, entity_name, entity_id, locale, trans_name, trans_desc) VALUES (10006, 'CustomField', 10100, 'de_DE', 'Entwicklung', '');
INSERT INTO entity_translation (id, entity_name, entity_id, locale, trans_name, trans_desc) VALUES (10007, 'CustomField', 10100, 'pt_BR', 'Development', '');
INSERT INTO entity_translation (id, entity_name, entity_id, locale, trans_name, trans_desc) VALUES (10008, 'CustomField', 10100, 'pt_PT', 'Desenvolvimento', '');
INSERT INTO entity_translation (id, entity_name, entity_id, locale, trans_name, trans_desc) VALUES (10009, 'CustomField', 10100, 'ru_RU', '', '');


--
-- Name: entity_translation_id_seq; Type: SEQUENCE SET; Schema: public; Owner: jira
--

SELECT pg_catalog.setval('entity_translation_id_seq', 10009, true);


--
-- Data for Name: external_entities; Type: TABLE DATA; Schema: public; Owner: jira
--



--
-- Name: external_entities_id_seq; Type: SEQUENCE SET; Schema: public; Owner: jira
--

SELECT pg_catalog.setval('external_entities_id_seq', 10000, false);


--
-- Data for Name: externalgadget; Type: TABLE DATA; Schema: public; Owner: jira
--



--
-- Name: externalgadget_id_seq; Type: SEQUENCE SET; Schema: public; Owner: jira
--

SELECT pg_catalog.setval('externalgadget_id_seq', 10000, false);


--
-- Data for Name: favouriteassociations; Type: TABLE DATA; Schema: public; Owner: jira
--



--
-- Name: favouriteassociations_id_seq; Type: SEQUENCE SET; Schema: public; Owner: jira
--

SELECT pg_catalog.setval('favouriteassociations_id_seq', 10000, false);


--
-- Data for Name: feature; Type: TABLE DATA; Schema: public; Owner: jira
--

INSERT INTO feature (id, feature_name, feature_type, user_key) VALUES (10000, 'com.atlassian.jira.projects.ProjectCentricNavigation.Switch', 'site', '');
INSERT INTO feature (id, feature_name, feature_type, user_key) VALUES (10001, 'com.atlassian.jira.projects.issuenavigator', 'site', '');


--
-- Name: feature_id_seq; Type: SEQUENCE SET; Schema: public; Owner: jira
--

SELECT pg_catalog.setval('feature_id_seq', 10100, false);


--
-- Data for Name: fieldconfigscheme; Type: TABLE DATA; Schema: public; Owner: jira
--

INSERT INTO fieldconfigscheme (id, configname, description, fieldid, customfield, scope) VALUES (10000, 'Default Issue Type Scheme', 'Default issue type scheme is the list of global issue types. All newly created issue types will automatically be added to this scheme.', 'issuetype', NULL, NULL);
INSERT INTO fieldconfigscheme (id, configname, description, fieldid, customfield, scope) VALUES (10100, 'Default Configuration Scheme for Test sessions', 'Default configuration scheme generated by JIRA', 'customfield_10000', NULL, NULL);
INSERT INTO fieldconfigscheme (id, configname, description, fieldid, customfield, scope) VALUES (10101, 'Default Configuration Scheme for Raised during', 'Default configuration scheme generated by JIRA', 'customfield_10001', NULL, NULL);
INSERT INTO fieldconfigscheme (id, configname, description, fieldid, customfield, scope) VALUES (10102, 'Default Configuration Scheme for Bonfire User Agent', 'Default configuration scheme generated by JIRA', 'customfield_10002', NULL, NULL);
INSERT INTO fieldconfigscheme (id, configname, description, fieldid, customfield, scope) VALUES (10103, 'Default Configuration Scheme for Bonfire Browser', 'Default configuration scheme generated by JIRA', 'customfield_10003', NULL, NULL);
INSERT INTO fieldconfigscheme (id, configname, description, fieldid, customfield, scope) VALUES (10104, 'Default Configuration Scheme for Bonfire Operating System', 'Default configuration scheme generated by JIRA', 'customfield_10004', NULL, NULL);
INSERT INTO fieldconfigscheme (id, configname, description, fieldid, customfield, scope) VALUES (10105, 'Default Configuration Scheme for Bonfire URL', 'Default configuration scheme generated by JIRA', 'customfield_10005', NULL, NULL);
INSERT INTO fieldconfigscheme (id, configname, description, fieldid, customfield, scope) VALUES (10106, 'Default Configuration Scheme for Bonfire Screen Resolution', 'Default configuration scheme generated by JIRA', 'customfield_10006', NULL, NULL);
INSERT INTO fieldconfigscheme (id, configname, description, fieldid, customfield, scope) VALUES (10107, 'Default Configuration Scheme for Bonfire jQuery Version', 'Default configuration scheme generated by JIRA', 'customfield_10007', NULL, NULL);
INSERT INTO fieldconfigscheme (id, configname, description, fieldid, customfield, scope) VALUES (10108, 'Default Configuration Scheme for Bonfire Document Mode', 'Default configuration scheme generated by JIRA', 'customfield_10008', NULL, NULL);
INSERT INTO fieldconfigscheme (id, configname, description, fieldid, customfield, scope) VALUES (10109, 'Default Configuration Scheme for Testing status', 'Default configuration scheme generated by JIRA', 'customfield_10009', NULL, NULL);
INSERT INTO fieldconfigscheme (id, configname, description, fieldid, customfield, scope) VALUES (10110, 'HSP: Task Management Issue Type Scheme', NULL, 'issuetype', NULL, NULL);
INSERT INTO fieldconfigscheme (id, configname, description, fieldid, customfield, scope) VALUES (10200, 'Default Configuration Scheme for development', 'Default configuration scheme generated by JIRA', 'customfield_10100', NULL, NULL);
INSERT INTO fieldconfigscheme (id, configname, description, fieldid, customfield, scope) VALUES (10201, 'Default Configuration Scheme for Epic Name', 'Default configuration scheme generated by JIRA', 'customfield_10101', NULL, NULL);
INSERT INTO fieldconfigscheme (id, configname, description, fieldid, customfield, scope) VALUES (10202, 'Default Configuration Scheme for Epic Status', 'Default configuration scheme generated by JIRA', 'customfield_10102', NULL, NULL);
INSERT INTO fieldconfigscheme (id, configname, description, fieldid, customfield, scope) VALUES (10203, 'Default Configuration Scheme for Epic Colour', 'Default configuration scheme generated by JIRA', 'customfield_10103', NULL, NULL);
INSERT INTO fieldconfigscheme (id, configname, description, fieldid, customfield, scope) VALUES (10204, 'Default Configuration Scheme for Epic Link', 'Default configuration scheme generated by JIRA', 'customfield_10104', NULL, NULL);
INSERT INTO fieldconfigscheme (id, configname, description, fieldid, customfield, scope) VALUES (10205, 'Default Configuration Scheme for Sprint', 'Default configuration scheme generated by JIRA', 'customfield_10105', NULL, NULL);
INSERT INTO fieldconfigscheme (id, configname, description, fieldid, customfield, scope) VALUES (10206, 'Default Configuration Scheme for Rank', 'Default configuration scheme generated by JIRA', 'customfield_10106', NULL, NULL);


--
-- Name: fieldconfigscheme_id_seq; Type: SEQUENCE SET; Schema: public; Owner: jira
--

SELECT pg_catalog.setval('fieldconfigscheme_id_seq', 10206, true);


--
-- Data for Name: fieldconfigschemeissuetype; Type: TABLE DATA; Schema: public; Owner: jira
--

INSERT INTO fieldconfigschemeissuetype (id, issuetype, fieldconfigscheme, fieldconfiguration) VALUES (10200, NULL, 10100, 10100);
INSERT INTO fieldconfigschemeissuetype (id, issuetype, fieldconfigscheme, fieldconfiguration) VALUES (10201, NULL, 10101, 10101);
INSERT INTO fieldconfigschemeissuetype (id, issuetype, fieldconfigscheme, fieldconfiguration) VALUES (10202, NULL, 10102, 10102);
INSERT INTO fieldconfigschemeissuetype (id, issuetype, fieldconfigscheme, fieldconfiguration) VALUES (10203, NULL, 10103, 10103);
INSERT INTO fieldconfigschemeissuetype (id, issuetype, fieldconfigscheme, fieldconfiguration) VALUES (10204, NULL, 10104, 10104);
INSERT INTO fieldconfigschemeissuetype (id, issuetype, fieldconfigscheme, fieldconfiguration) VALUES (10205, NULL, 10105, 10105);
INSERT INTO fieldconfigschemeissuetype (id, issuetype, fieldconfigscheme, fieldconfiguration) VALUES (10206, NULL, 10106, 10106);
INSERT INTO fieldconfigschemeissuetype (id, issuetype, fieldconfigscheme, fieldconfiguration) VALUES (10207, NULL, 10107, 10107);
INSERT INTO fieldconfigschemeissuetype (id, issuetype, fieldconfigscheme, fieldconfiguration) VALUES (10208, NULL, 10108, 10108);
INSERT INTO fieldconfigschemeissuetype (id, issuetype, fieldconfigscheme, fieldconfiguration) VALUES (10209, NULL, 10109, 10109);
INSERT INTO fieldconfigschemeissuetype (id, issuetype, fieldconfigscheme, fieldconfiguration) VALUES (10211, NULL, 10110, 10110);
INSERT INTO fieldconfigschemeissuetype (id, issuetype, fieldconfigscheme, fieldconfiguration) VALUES (10100, NULL, 10000, 10000);
INSERT INTO fieldconfigschemeissuetype (id, issuetype, fieldconfigscheme, fieldconfiguration) VALUES (10300, NULL, 10200, 10200);
INSERT INTO fieldconfigschemeissuetype (id, issuetype, fieldconfigscheme, fieldconfiguration) VALUES (10301, '10100', 10201, 10201);
INSERT INTO fieldconfigschemeissuetype (id, issuetype, fieldconfigscheme, fieldconfiguration) VALUES (10302, '10100', 10202, 10202);
INSERT INTO fieldconfigschemeissuetype (id, issuetype, fieldconfigscheme, fieldconfiguration) VALUES (10303, '10100', 10203, 10203);
INSERT INTO fieldconfigschemeissuetype (id, issuetype, fieldconfigscheme, fieldconfiguration) VALUES (10304, NULL, 10204, 10204);
INSERT INTO fieldconfigschemeissuetype (id, issuetype, fieldconfigscheme, fieldconfiguration) VALUES (10305, NULL, 10205, 10205);
INSERT INTO fieldconfigschemeissuetype (id, issuetype, fieldconfigscheme, fieldconfiguration) VALUES (10306, NULL, 10206, 10206);


--
-- Name: fieldconfigschemeissuetype_id_seq; Type: SEQUENCE SET; Schema: public; Owner: jira
--

SELECT pg_catalog.setval('fieldconfigschemeissuetype_id_seq', 10306, true);


--
-- Data for Name: fieldconfiguration; Type: TABLE DATA; Schema: public; Owner: jira
--

INSERT INTO fieldconfiguration (id, configname, description, fieldid, customfield, scope) VALUES (10000, 'Default Configuration for Issue Type', 'Default configuration generated by JIRA', 'issuetype', NULL, NULL);
INSERT INTO fieldconfiguration (id, configname, description, fieldid, customfield, scope) VALUES (10100, 'Default Configuration for Test sessions', 'Default configuration generated by JIRA', 'customfield_10000', NULL, NULL);
INSERT INTO fieldconfiguration (id, configname, description, fieldid, customfield, scope) VALUES (10101, 'Default Configuration for Raised during', 'Default configuration generated by JIRA', 'customfield_10001', NULL, NULL);
INSERT INTO fieldconfiguration (id, configname, description, fieldid, customfield, scope) VALUES (10102, 'Default Configuration for Bonfire User Agent', 'Default configuration generated by JIRA', 'customfield_10002', NULL, NULL);
INSERT INTO fieldconfiguration (id, configname, description, fieldid, customfield, scope) VALUES (10103, 'Default Configuration for Bonfire Browser', 'Default configuration generated by JIRA', 'customfield_10003', NULL, NULL);
INSERT INTO fieldconfiguration (id, configname, description, fieldid, customfield, scope) VALUES (10104, 'Default Configuration for Bonfire Operating System', 'Default configuration generated by JIRA', 'customfield_10004', NULL, NULL);
INSERT INTO fieldconfiguration (id, configname, description, fieldid, customfield, scope) VALUES (10105, 'Default Configuration for Bonfire URL', 'Default configuration generated by JIRA', 'customfield_10005', NULL, NULL);
INSERT INTO fieldconfiguration (id, configname, description, fieldid, customfield, scope) VALUES (10106, 'Default Configuration for Bonfire Screen Resolution', 'Default configuration generated by JIRA', 'customfield_10006', NULL, NULL);
INSERT INTO fieldconfiguration (id, configname, description, fieldid, customfield, scope) VALUES (10107, 'Default Configuration for Bonfire jQuery Version', 'Default configuration generated by JIRA', 'customfield_10007', NULL, NULL);
INSERT INTO fieldconfiguration (id, configname, description, fieldid, customfield, scope) VALUES (10108, 'Default Configuration for Bonfire Document Mode', 'Default configuration generated by JIRA', 'customfield_10008', NULL, NULL);
INSERT INTO fieldconfiguration (id, configname, description, fieldid, customfield, scope) VALUES (10109, 'Default Configuration for Testing status', 'Default configuration generated by JIRA', 'customfield_10009', NULL, NULL);
INSERT INTO fieldconfiguration (id, configname, description, fieldid, customfield, scope) VALUES (10110, 'Default Configuration for Issue Type', 'Default configuration generated by JIRA', 'issuetype', NULL, NULL);
INSERT INTO fieldconfiguration (id, configname, description, fieldid, customfield, scope) VALUES (10200, 'Default Configuration for development', 'Default configuration generated by JIRA', 'customfield_10100', NULL, NULL);
INSERT INTO fieldconfiguration (id, configname, description, fieldid, customfield, scope) VALUES (10201, 'Default Configuration for Epic Name', 'Default configuration generated by JIRA', 'customfield_10101', NULL, NULL);
INSERT INTO fieldconfiguration (id, configname, description, fieldid, customfield, scope) VALUES (10202, 'Default Configuration for Epic Status', 'Default configuration generated by JIRA', 'customfield_10102', NULL, NULL);
INSERT INTO fieldconfiguration (id, configname, description, fieldid, customfield, scope) VALUES (10203, 'Default Configuration for Epic Colour', 'Default configuration generated by JIRA', 'customfield_10103', NULL, NULL);
INSERT INTO fieldconfiguration (id, configname, description, fieldid, customfield, scope) VALUES (10204, 'Default Configuration for Epic Link', 'Default configuration generated by JIRA', 'customfield_10104', NULL, NULL);
INSERT INTO fieldconfiguration (id, configname, description, fieldid, customfield, scope) VALUES (10205, 'Default Configuration for Sprint', 'Default configuration generated by JIRA', 'customfield_10105', NULL, NULL);
INSERT INTO fieldconfiguration (id, configname, description, fieldid, customfield, scope) VALUES (10206, 'Default Configuration for Rank', 'Default configuration generated by JIRA', 'customfield_10106', NULL, NULL);


--
-- Name: fieldconfiguration_id_seq; Type: SEQUENCE SET; Schema: public; Owner: jira
--

SELECT pg_catalog.setval('fieldconfiguration_id_seq', 10206, true);


--
-- Data for Name: fieldlayout; Type: TABLE DATA; Schema: public; Owner: jira
--

INSERT INTO fieldlayout (id, name, description, layout_type, layoutscheme) VALUES (10000, 'Default Field Configuration', 'The default field configuration', 'default', NULL);


--
-- Name: fieldlayout_id_seq; Type: SEQUENCE SET; Schema: public; Owner: jira
--

SELECT pg_catalog.setval('fieldlayout_id_seq', 10100, false);


--
-- Data for Name: fieldlayoutitem; Type: TABLE DATA; Schema: public; Owner: jira
--

INSERT INTO fieldlayoutitem (id, fieldlayout, fieldidentifier, description, verticalposition, ishidden, isrequired, renderertype) VALUES (10212, 10000, 'summary', NULL, NULL, 'false', 'true', 'jira-text-renderer');
INSERT INTO fieldlayoutitem (id, fieldlayout, fieldidentifier, description, verticalposition, ishidden, isrequired, renderertype) VALUES (10213, 10000, 'issuetype', NULL, NULL, 'false', 'true', 'jira-text-renderer');
INSERT INTO fieldlayoutitem (id, fieldlayout, fieldidentifier, description, verticalposition, ishidden, isrequired, renderertype) VALUES (10214, 10000, 'security', NULL, NULL, 'false', 'false', 'jira-text-renderer');
INSERT INTO fieldlayoutitem (id, fieldlayout, fieldidentifier, description, verticalposition, ishidden, isrequired, renderertype) VALUES (10215, 10000, 'priority', NULL, NULL, 'false', 'false', 'jira-text-renderer');
INSERT INTO fieldlayoutitem (id, fieldlayout, fieldidentifier, description, verticalposition, ishidden, isrequired, renderertype) VALUES (10216, 10000, 'duedate', NULL, NULL, 'false', 'false', 'jira-text-renderer');
INSERT INTO fieldlayoutitem (id, fieldlayout, fieldidentifier, description, verticalposition, ishidden, isrequired, renderertype) VALUES (10217, 10000, 'components', NULL, NULL, 'false', 'false', 'frother-control-renderer');
INSERT INTO fieldlayoutitem (id, fieldlayout, fieldidentifier, description, verticalposition, ishidden, isrequired, renderertype) VALUES (10218, 10000, 'versions', NULL, NULL, 'false', 'false', 'frother-control-renderer');
INSERT INTO fieldlayoutitem (id, fieldlayout, fieldidentifier, description, verticalposition, ishidden, isrequired, renderertype) VALUES (10219, 10000, 'fixVersions', NULL, NULL, 'false', 'false', 'frother-control-renderer');
INSERT INTO fieldlayoutitem (id, fieldlayout, fieldidentifier, description, verticalposition, ishidden, isrequired, renderertype) VALUES (10220, 10000, 'assignee', NULL, NULL, 'false', 'false', 'jira-text-renderer');
INSERT INTO fieldlayoutitem (id, fieldlayout, fieldidentifier, description, verticalposition, ishidden, isrequired, renderertype) VALUES (10221, 10000, 'reporter', NULL, NULL, 'false', 'true', 'jira-text-renderer');
INSERT INTO fieldlayoutitem (id, fieldlayout, fieldidentifier, description, verticalposition, ishidden, isrequired, renderertype) VALUES (10222, 10000, 'environment', 'For example operating system, software platform and/or hardware specifications (include as appropriate for the issue).', NULL, 'false', 'false', 'atlassian-wiki-renderer');
INSERT INTO fieldlayoutitem (id, fieldlayout, fieldidentifier, description, verticalposition, ishidden, isrequired, renderertype) VALUES (10223, 10000, 'description', NULL, NULL, 'false', 'false', 'atlassian-wiki-renderer');
INSERT INTO fieldlayoutitem (id, fieldlayout, fieldidentifier, description, verticalposition, ishidden, isrequired, renderertype) VALUES (10224, 10000, 'timetracking', 'An estimate of how much work remains until this issue will be resolved.<br>The format of this is '' *w *d *h *m '' (representing weeks, days, hours and minutes - where * can be any number)<br>Examples: 4d, 5h 30m, 60m and 3w.<br>', NULL, 'false', 'false', 'jira-text-renderer');
INSERT INTO fieldlayoutitem (id, fieldlayout, fieldidentifier, description, verticalposition, ishidden, isrequired, renderertype) VALUES (10225, 10000, 'resolution', NULL, NULL, 'false', 'false', 'jira-text-renderer');
INSERT INTO fieldlayoutitem (id, fieldlayout, fieldidentifier, description, verticalposition, ishidden, isrequired, renderertype) VALUES (10226, 10000, 'attachment', NULL, NULL, 'false', 'false', 'jira-text-renderer');
INSERT INTO fieldlayoutitem (id, fieldlayout, fieldidentifier, description, verticalposition, ishidden, isrequired, renderertype) VALUES (10227, 10000, 'comment', NULL, NULL, 'false', 'false', 'atlassian-wiki-renderer');
INSERT INTO fieldlayoutitem (id, fieldlayout, fieldidentifier, description, verticalposition, ishidden, isrequired, renderertype) VALUES (10228, 10000, 'labels', NULL, NULL, 'false', 'false', 'jira-text-renderer');
INSERT INTO fieldlayoutitem (id, fieldlayout, fieldidentifier, description, verticalposition, ishidden, isrequired, renderertype) VALUES (10229, 10000, 'worklog', 'Allows work to be logged whilst creating, editing or transitioning issues.', NULL, 'false', 'false', 'atlassian-wiki-renderer');
INSERT INTO fieldlayoutitem (id, fieldlayout, fieldidentifier, description, verticalposition, ishidden, isrequired, renderertype) VALUES (10230, 10000, 'issuelinks', NULL, NULL, 'false', 'false', 'jira-text-renderer');
INSERT INTO fieldlayoutitem (id, fieldlayout, fieldidentifier, description, verticalposition, ishidden, isrequired, renderertype) VALUES (10231, 10000, 'customfield_10101', 'Provide a short name to identify this epic.', NULL, 'false', 'true', 'jira-text-renderer');
INSERT INTO fieldlayoutitem (id, fieldlayout, fieldidentifier, description, verticalposition, ishidden, isrequired, renderertype) VALUES (10232, 10000, 'customfield_10000', 'This custom field is created programmatically by Capture for JIRA.', NULL, 'false', 'false', 'jira-text-renderer');
INSERT INTO fieldlayoutitem (id, fieldlayout, fieldidentifier, description, verticalposition, ishidden, isrequired, renderertype) VALUES (10233, 10000, 'customfield_10001', 'This custom field is created programmatically by Capture for JIRA.', NULL, 'false', 'false', 'jira-text-renderer');
INSERT INTO fieldlayoutitem (id, fieldlayout, fieldidentifier, description, verticalposition, ishidden, isrequired, renderertype) VALUES (10234, 10000, 'customfield_10002', 'This Custom Field is created programatically by Capture for JIRA.', NULL, 'false', 'false', 'jira-text-renderer');
INSERT INTO fieldlayoutitem (id, fieldlayout, fieldidentifier, description, verticalposition, ishidden, isrequired, renderertype) VALUES (10235, 10000, 'customfield_10003', 'This Custom Field is created programatically by Capture for JIRA.', NULL, 'false', 'false', 'jira-text-renderer');
INSERT INTO fieldlayoutitem (id, fieldlayout, fieldidentifier, description, verticalposition, ishidden, isrequired, renderertype) VALUES (10236, 10000, 'customfield_10004', 'This Custom Field is created programatically by Capture for JIRA.', NULL, 'false', 'false', 'jira-text-renderer');
INSERT INTO fieldlayoutitem (id, fieldlayout, fieldidentifier, description, verticalposition, ishidden, isrequired, renderertype) VALUES (10237, 10000, 'customfield_10005', 'This Custom Field is created programatically by Capture for JIRA.', NULL, 'false', 'false', 'jira-text-renderer');
INSERT INTO fieldlayoutitem (id, fieldlayout, fieldidentifier, description, verticalposition, ishidden, isrequired, renderertype) VALUES (10238, 10000, 'customfield_10006', 'This Custom Field is created programatically by Capture for JIRA.', NULL, 'false', 'false', 'jira-text-renderer');
INSERT INTO fieldlayoutitem (id, fieldlayout, fieldidentifier, description, verticalposition, ishidden, isrequired, renderertype) VALUES (10239, 10000, 'customfield_10007', 'This Custom Field is created programatically by Capture for JIRA.', NULL, 'false', 'false', 'jira-text-renderer');
INSERT INTO fieldlayoutitem (id, fieldlayout, fieldidentifier, description, verticalposition, ishidden, isrequired, renderertype) VALUES (10240, 10000, 'customfield_10008', 'This Custom Field is created programatically by Capture for JIRA.', NULL, 'false', 'false', 'jira-text-renderer');
INSERT INTO fieldlayoutitem (id, fieldlayout, fieldidentifier, description, verticalposition, ishidden, isrequired, renderertype) VALUES (10241, 10000, 'customfield_10009', 'This custom field is created programmatically by Capture for JIRA.', NULL, 'false', 'false', 'jira-text-renderer');
INSERT INTO fieldlayoutitem (id, fieldlayout, fieldidentifier, description, verticalposition, ishidden, isrequired, renderertype) VALUES (10242, 10000, 'customfield_10100', 'Includes development summary panel information used in JQL', NULL, 'false', 'false', 'jira-text-renderer');
INSERT INTO fieldlayoutitem (id, fieldlayout, fieldidentifier, description, verticalposition, ishidden, isrequired, renderertype) VALUES (10243, 10000, 'customfield_10102', 'Epic Status field for JIRA Software use only.', NULL, 'false', 'false', 'jira-text-renderer');
INSERT INTO fieldlayoutitem (id, fieldlayout, fieldidentifier, description, verticalposition, ishidden, isrequired, renderertype) VALUES (10244, 10000, 'customfield_10103', 'Epic Colour field for JIRA Software use only.', NULL, 'false', 'false', 'jira-text-renderer');
INSERT INTO fieldlayoutitem (id, fieldlayout, fieldidentifier, description, verticalposition, ishidden, isrequired, renderertype) VALUES (10245, 10000, 'customfield_10104', 'Choose an epic to assign this issue to.', NULL, 'false', 'false', 'jira-text-renderer');
INSERT INTO fieldlayoutitem (id, fieldlayout, fieldidentifier, description, verticalposition, ishidden, isrequired, renderertype) VALUES (10246, 10000, 'customfield_10105', 'JIRA Software sprint field', NULL, 'false', 'false', 'jira-text-renderer');
INSERT INTO fieldlayoutitem (id, fieldlayout, fieldidentifier, description, verticalposition, ishidden, isrequired, renderertype) VALUES (10247, 10000, 'customfield_10106', 'Global rank field for JIRA Software use only.', NULL, 'false', 'false', 'jira-text-renderer');


--
-- Name: fieldlayoutitem_id_seq; Type: SEQUENCE SET; Schema: public; Owner: jira
--

SELECT pg_catalog.setval('fieldlayoutitem_id_seq', 10247, true);


--
-- Data for Name: fieldlayoutscheme; Type: TABLE DATA; Schema: public; Owner: jira
--



--
-- Name: fieldlayoutscheme_id_seq; Type: SEQUENCE SET; Schema: public; Owner: jira
--

SELECT pg_catalog.setval('fieldlayoutscheme_id_seq', 10000, false);


--
-- Data for Name: fieldlayoutschemeassociation; Type: TABLE DATA; Schema: public; Owner: jira
--



--
-- Name: fieldlayoutschemeassociation_id_seq; Type: SEQUENCE SET; Schema: public; Owner: jira
--

SELECT pg_catalog.setval('fieldlayoutschemeassociation_id_seq', 10000, false);


--
-- Data for Name: fieldlayoutschemeentity; Type: TABLE DATA; Schema: public; Owner: jira
--



--
-- Name: fieldlayoutschemeentity_id_seq; Type: SEQUENCE SET; Schema: public; Owner: jira
--

SELECT pg_catalog.setval('fieldlayoutschemeentity_id_seq', 10000, false);


--
-- Data for Name: fieldscope; Type: TABLE DATA; Schema: public; Owner: jira
--



--
-- Data for Name: fieldscreen; Type: TABLE DATA; Schema: public; Owner: jira
--

INSERT INTO fieldscreen (id, name, description, scope) VALUES (1, 'Default Screen', 'Allows to update all system fields.', NULL);
INSERT INTO fieldscreen (id, name, description, scope) VALUES (2, 'Workflow Screen', 'This screen is used in the workflow and enables you to assign issues', NULL);
INSERT INTO fieldscreen (id, name, description, scope) VALUES (3, 'Resolve Issue Screen', 'Allows to set resolution, change fix versions and assign an issue.', NULL);
INSERT INTO fieldscreen (id, name, description, scope) VALUES (10000, 'PM: Simple Issue Tracking Resolve Issue Screen', '', NULL);
INSERT INTO fieldscreen (id, name, description, scope) VALUES (10001, 'HSP: Task Management Create Issue Screen', '', NULL);
INSERT INTO fieldscreen (id, name, description, scope) VALUES (10002, 'HSP: Task Management Edit/View Issue Screen', '', NULL);


--
-- Name: fieldscreen_id_seq; Type: SEQUENCE SET; Schema: public; Owner: jira
--

SELECT pg_catalog.setval('fieldscreen_id_seq', 10100, false);


--
-- Data for Name: fieldscreenlayoutitem; Type: TABLE DATA; Schema: public; Owner: jira
--

INSERT INTO fieldscreenlayoutitem (id, fieldidentifier, sequence, fieldscreentab) VALUES (10016, 'fixVersions', 1, 10002);
INSERT INTO fieldscreenlayoutitem (id, fieldidentifier, sequence, fieldscreentab) VALUES (10017, 'assignee', 2, 10002);
INSERT INTO fieldscreenlayoutitem (id, fieldidentifier, sequence, fieldscreentab) VALUES (10018, 'worklog', 3, 10002);
INSERT INTO fieldscreenlayoutitem (id, fieldidentifier, sequence, fieldscreentab) VALUES (10100, 'labels', 14, 10000);
INSERT INTO fieldscreenlayoutitem (id, fieldidentifier, sequence, fieldscreentab) VALUES (10200, 'resolution', 0, 10100);
INSERT INTO fieldscreenlayoutitem (id, fieldidentifier, sequence, fieldscreentab) VALUES (10201, 'issuelinks', 1, 10100);
INSERT INTO fieldscreenlayoutitem (id, fieldidentifier, sequence, fieldscreentab) VALUES (10202, 'summary', 0, 10101);
INSERT INTO fieldscreenlayoutitem (id, fieldidentifier, sequence, fieldscreentab) VALUES (10203, 'issuetype', 1, 10101);
INSERT INTO fieldscreenlayoutitem (id, fieldidentifier, sequence, fieldscreentab) VALUES (10204, 'reporter', 2, 10101);
INSERT INTO fieldscreenlayoutitem (id, fieldidentifier, sequence, fieldscreentab) VALUES (10205, 'attachment', 3, 10101);
INSERT INTO fieldscreenlayoutitem (id, fieldidentifier, sequence, fieldscreentab) VALUES (10000, 'summary', 0, 10000);
INSERT INTO fieldscreenlayoutitem (id, fieldidentifier, sequence, fieldscreentab) VALUES (10206, 'duedate', 4, 10101);
INSERT INTO fieldscreenlayoutitem (id, fieldidentifier, sequence, fieldscreentab) VALUES (10001, 'issuetype', 1, 10000);
INSERT INTO fieldscreenlayoutitem (id, fieldidentifier, sequence, fieldscreentab) VALUES (10207, 'description', 5, 10101);
INSERT INTO fieldscreenlayoutitem (id, fieldidentifier, sequence, fieldscreentab) VALUES (10208, 'assignee', 6, 10101);
INSERT INTO fieldscreenlayoutitem (id, fieldidentifier, sequence, fieldscreentab) VALUES (10002, 'security', 2, 10000);
INSERT INTO fieldscreenlayoutitem (id, fieldidentifier, sequence, fieldscreentab) VALUES (10209, 'priority', 7, 10101);
INSERT INTO fieldscreenlayoutitem (id, fieldidentifier, sequence, fieldscreentab) VALUES (10210, 'labels', 8, 10101);
INSERT INTO fieldscreenlayoutitem (id, fieldidentifier, sequence, fieldscreentab) VALUES (10003, 'priority', 3, 10000);
INSERT INTO fieldscreenlayoutitem (id, fieldidentifier, sequence, fieldscreentab) VALUES (10211, 'summary', 0, 10102);
INSERT INTO fieldscreenlayoutitem (id, fieldidentifier, sequence, fieldscreentab) VALUES (10004, 'duedate', 4, 10000);
INSERT INTO fieldscreenlayoutitem (id, fieldidentifier, sequence, fieldscreentab) VALUES (10212, 'issuetype', 1, 10102);
INSERT INTO fieldscreenlayoutitem (id, fieldidentifier, sequence, fieldscreentab) VALUES (10005, 'components', 5, 10000);
INSERT INTO fieldscreenlayoutitem (id, fieldidentifier, sequence, fieldscreentab) VALUES (10213, 'reporter', 2, 10102);
INSERT INTO fieldscreenlayoutitem (id, fieldidentifier, sequence, fieldscreentab) VALUES (10006, 'versions', 6, 10000);
INSERT INTO fieldscreenlayoutitem (id, fieldidentifier, sequence, fieldscreentab) VALUES (10214, 'attachment', 3, 10102);
INSERT INTO fieldscreenlayoutitem (id, fieldidentifier, sequence, fieldscreentab) VALUES (10215, 'duedate', 4, 10102);
INSERT INTO fieldscreenlayoutitem (id, fieldidentifier, sequence, fieldscreentab) VALUES (10007, 'fixVersions', 7, 10000);
INSERT INTO fieldscreenlayoutitem (id, fieldidentifier, sequence, fieldscreentab) VALUES (10216, 'description', 5, 10102);
INSERT INTO fieldscreenlayoutitem (id, fieldidentifier, sequence, fieldscreentab) VALUES (10217, 'assignee', 6, 10102);
INSERT INTO fieldscreenlayoutitem (id, fieldidentifier, sequence, fieldscreentab) VALUES (10218, 'priority', 7, 10102);
INSERT INTO fieldscreenlayoutitem (id, fieldidentifier, sequence, fieldscreentab) VALUES (10008, 'assignee', 8, 10000);
INSERT INTO fieldscreenlayoutitem (id, fieldidentifier, sequence, fieldscreentab) VALUES (10219, 'labels', 8, 10102);
INSERT INTO fieldscreenlayoutitem (id, fieldidentifier, sequence, fieldscreentab) VALUES (10009, 'reporter', 9, 10000);
INSERT INTO fieldscreenlayoutitem (id, fieldidentifier, sequence, fieldscreentab) VALUES (10010, 'environment', 10, 10000);
INSERT INTO fieldscreenlayoutitem (id, fieldidentifier, sequence, fieldscreentab) VALUES (10011, 'description', 11, 10000);
INSERT INTO fieldscreenlayoutitem (id, fieldidentifier, sequence, fieldscreentab) VALUES (10012, 'timetracking', 12, 10000);
INSERT INTO fieldscreenlayoutitem (id, fieldidentifier, sequence, fieldscreentab) VALUES (10013, 'attachment', 13, 10000);
INSERT INTO fieldscreenlayoutitem (id, fieldidentifier, sequence, fieldscreentab) VALUES (10014, 'assignee', 0, 10001);
INSERT INTO fieldscreenlayoutitem (id, fieldidentifier, sequence, fieldscreentab) VALUES (10015, 'resolution', 0, 10002);


--
-- Name: fieldscreenlayoutitem_id_seq; Type: SEQUENCE SET; Schema: public; Owner: jira
--

SELECT pg_catalog.setval('fieldscreenlayoutitem_id_seq', 10300, false);


--
-- Data for Name: fieldscreenscheme; Type: TABLE DATA; Schema: public; Owner: jira
--

INSERT INTO fieldscreenscheme (id, name, description, scope) VALUES (1, 'Default Screen Scheme', 'Default Screen Scheme', NULL);
INSERT INTO fieldscreenscheme (id, name, description, scope) VALUES (10000, 'HSP: Task Management Screen Scheme', '', NULL);


--
-- Name: fieldscreenscheme_id_seq; Type: SEQUENCE SET; Schema: public; Owner: jira
--

SELECT pg_catalog.setval('fieldscreenscheme_id_seq', 10100, false);


--
-- Data for Name: fieldscreenschemeitem; Type: TABLE DATA; Schema: public; Owner: jira
--

INSERT INTO fieldscreenschemeitem (id, operation, fieldscreen, fieldscreenscheme) VALUES (10000, NULL, 1, 1);
INSERT INTO fieldscreenschemeitem (id, operation, fieldscreen, fieldscreenscheme) VALUES (10100, NULL, 10002, 10000);
INSERT INTO fieldscreenschemeitem (id, operation, fieldscreen, fieldscreenscheme) VALUES (10101, 0, 10001, 10000);


--
-- Name: fieldscreenschemeitem_id_seq; Type: SEQUENCE SET; Schema: public; Owner: jira
--

SELECT pg_catalog.setval('fieldscreenschemeitem_id_seq', 10200, false);


--
-- Data for Name: fieldscreentab; Type: TABLE DATA; Schema: public; Owner: jira
--

INSERT INTO fieldscreentab (id, name, description, sequence, fieldscreen) VALUES (10000, 'Field Tab', NULL, 0, 1);
INSERT INTO fieldscreentab (id, name, description, sequence, fieldscreen) VALUES (10001, 'Field Tab', NULL, 0, 2);
INSERT INTO fieldscreentab (id, name, description, sequence, fieldscreen) VALUES (10002, 'Field Tab', NULL, 0, 3);
INSERT INTO fieldscreentab (id, name, description, sequence, fieldscreen) VALUES (10100, 'Field Tab', NULL, 0, 10000);
INSERT INTO fieldscreentab (id, name, description, sequence, fieldscreen) VALUES (10101, 'Field Tab', NULL, 0, 10001);
INSERT INTO fieldscreentab (id, name, description, sequence, fieldscreen) VALUES (10102, 'Field Tab', NULL, 0, 10002);


--
-- Name: fieldscreentab_id_seq; Type: SEQUENCE SET; Schema: public; Owner: jira
--

SELECT pg_catalog.setval('fieldscreentab_id_seq', 10200, false);


--
-- Data for Name: fileattachment; Type: TABLE DATA; Schema: public; Owner: jira
--

INSERT INTO fileattachment (id, issueid, mimetype, filename, created, filesize, author, zip, thumbnailable) VALUES (10000, 10000, 'image/png', 'capture-for-jira-screenshot-20170217-121255-658.png', '2017-02-17 11:13:02.312+00', 227098, 'admin', NULL, 1);


--
-- Name: fileattachment_id_seq; Type: SEQUENCE SET; Schema: public; Owner: jira
--

SELECT pg_catalog.setval('fileattachment_id_seq', 10100, false);


--
-- Data for Name: filtersubscription; Type: TABLE DATA; Schema: public; Owner: jira
--



--
-- Name: filtersubscription_id_seq; Type: SEQUENCE SET; Schema: public; Owner: jira
--

SELECT pg_catalog.setval('filtersubscription_id_seq', 10000, false);


--
-- Data for Name: flyway_schema_version_182c39; Type: TABLE DATA; Schema: public; Owner: jira
--

INSERT INTO flyway_schema_version_182c39 (installed_rank, version, description, type, script, checksum, installed_by, installed_on, execution_time, success) VALUES (1, '0', '<< Flyway Baseline >>', 'BASELINE', '<< Flyway Baseline >>', NULL, 'jira', '2017-04-07 11:12:15.962973', 0, true);
INSERT INTO flyway_schema_version_182c39 (installed_rank, version, description, type, script, checksum, installed_by, installed_on, execution_time, success) VALUES (2, '0001.00', 'create tables', 'SQL', 'V0001_00__create_tables.sql', -903170625, 'jira', '2017-04-07 11:12:16.053439', 31, true);
INSERT INTO flyway_schema_version_182c39 (installed_rank, version, description, type, script, checksum, installed_by, installed_on, execution_time, success) VALUES (3, '0001.01', 'update constraints', 'SQL', 'V0001_01__update_constraints.sql', -2048038891, 'jira', '2017-04-07 11:12:16.104812', 12, true);


--
-- Data for Name: flyway_schema_version_21d670; Type: TABLE DATA; Schema: public; Owner: jira
--

INSERT INTO flyway_schema_version_21d670 (installed_rank, version, description, type, script, checksum, installed_by, installed_on, execution_time, success) VALUES (1, '0', '<< Flyway Baseline >>', 'BASELINE', '<< Flyway Baseline >>', NULL, 'jira', '2017-04-07 11:12:19.541848', 0, true);
INSERT INTO flyway_schema_version_21d670 (installed_rank, version, description, type, script, checksum, installed_by, installed_on, execution_time, success) VALUES (2, '0001.00', 'create tables', 'SQL', 'V0001_00__create_tables.sql', 908344376, 'jira', '2017-04-07 11:12:19.571021', 7, true);
INSERT INTO flyway_schema_version_21d670 (installed_rank, version, description, type, script, checksum, installed_by, installed_on, execution_time, success) VALUES (3, '0002.00', 'delete create whitelist table function', 'SQL', 'V0002_00__delete_create_whitelist_table_function.sql', 1234549489, 'jira', '2017-04-07 11:12:19.592168', 6, true);


--
-- Data for Name: flyway_schema_version_3b1893; Type: TABLE DATA; Schema: public; Owner: jira
--

INSERT INTO flyway_schema_version_3b1893 (installed_rank, version, description, type, script, checksum, installed_by, installed_on, execution_time, success) VALUES (1, '0', '<< Flyway Baseline >>', 'BASELINE', '<< Flyway Baseline >>', NULL, 'jira', '2017-04-07 11:12:17.222433', 0, true);
INSERT INTO flyway_schema_version_3b1893 (installed_rank, version, description, type, script, checksum, installed_by, installed_on, execution_time, success) VALUES (2, '0001.00', 'create tables', 'SQL', 'V0001_00__create_tables.sql', -1154968156, 'jira', '2017-04-07 11:12:17.248893', 7, true);


--
-- Data for Name: flyway_schema_version_550953; Type: TABLE DATA; Schema: public; Owner: jira
--

INSERT INTO flyway_schema_version_550953 (installed_rank, version, description, type, script, checksum, installed_by, installed_on, execution_time, success) VALUES (1, '0', '<< Flyway Baseline >>', 'BASELINE', '<< Flyway Baseline >>', NULL, 'jira', '2017-04-07 11:12:16.102073', 0, true);
INSERT INTO flyway_schema_version_550953 (installed_rank, version, description, type, script, checksum, installed_by, installed_on, execution_time, success) VALUES (2, '001.001', 'AO 550953 schema', 'SQL', 'V001_001__AO_550953_schema.sql', -1068023004, 'jira', '2017-04-07 11:12:16.14749', 9, true);
INSERT INTO flyway_schema_version_550953 (installed_rank, version, description, type, script, checksum, installed_by, installed_on, execution_time, success) VALUES (3, '001.002', 'AO 550953 schema', 'SQL', 'V001_002__AO_550953_schema.sql', 2066614633, 'jira', '2017-04-07 11:12:16.180145', 12, true);


--
-- Data for Name: flyway_schema_version_563aee; Type: TABLE DATA; Schema: public; Owner: jira
--

INSERT INTO flyway_schema_version_563aee (installed_rank, version, description, type, script, checksum, installed_by, installed_on, execution_time, success) VALUES (1, '0', '<< Flyway Baseline >>', 'BASELINE', '<< Flyway Baseline >>', NULL, 'jira', '2017-04-07 11:12:16.220529', 0, true);
INSERT INTO flyway_schema_version_563aee (installed_rank, version, description, type, script, checksum, installed_by, installed_on, execution_time, success) VALUES (2, '0001.00', 'create tables', 'SQL', 'V0001_00__create_tables.sql', 1368565022, 'jira', '2017-04-07 11:12:16.251991', 19, true);
INSERT INTO flyway_schema_version_563aee (installed_rank, version, description, type, script, checksum, installed_by, installed_on, execution_time, success) VALUES (3, '0001.01', 'remove case', 'SQL', 'V0001_01__remove_case.sql', -1662300257, 'jira', '2017-04-07 11:12:16.287253', 91, true);


--
-- Data for Name: flyway_schema_version_575bf5; Type: TABLE DATA; Schema: public; Owner: jira
--

INSERT INTO flyway_schema_version_575bf5 (installed_rank, version, description, type, script, checksum, installed_by, installed_on, execution_time, success) VALUES (1, '0', '<< Flyway Baseline >>', 'BASELINE', '<< Flyway Baseline >>', NULL, 'jira', '2017-05-15 13:35:02.715078', 0, true);


--
-- Data for Name: flyway_schema_version_587b34; Type: TABLE DATA; Schema: public; Owner: jira
--

INSERT INTO flyway_schema_version_587b34 (installed_rank, version, description, type, script, checksum, installed_by, installed_on, execution_time, success) VALUES (1, '0', '<< Flyway Baseline >>', 'BASELINE', '<< Flyway Baseline >>', NULL, 'jira', '2017-04-07 11:12:18.225189', 0, true);


--
-- Data for Name: flyway_schema_version_60db71; Type: TABLE DATA; Schema: public; Owner: jira
--

INSERT INTO flyway_schema_version_60db71 (installed_rank, version, description, type, script, checksum, installed_by, installed_on, execution_time, success) VALUES (1, '0', '<< Flyway Baseline >>', 'BASELINE', '<< Flyway Baseline >>', NULL, 'jira', '2017-05-15 13:35:01.433943', 0, true);
INSERT INTO flyway_schema_version_60db71 (installed_rank, version, description, type, script, checksum, installed_by, installed_on, execution_time, success) VALUES (2, '001', 'db schema', 'SQL', 'V001__db_schema.sql', -1102823950, 'jira', '2017-05-15 13:35:01.476428', 51, true);
INSERT INTO flyway_schema_version_60db71 (installed_rank, version, description, type, script, checksum, installed_by, installed_on, execution_time, success) VALUES (3, '002', 'db schema', 'SQL', 'V002__db_schema.sql', 1725829984, 'jira', '2017-05-15 13:35:01.544604', 6, true);
INSERT INTO flyway_schema_version_60db71 (installed_rank, version, description, type, script, checksum, installed_by, installed_on, execution_time, success) VALUES (4, '003', 'db schema', 'SQL', 'V003__db_schema.sql', 1505715982, 'jira', '2017-05-15 13:35:01.565558', 18, true);
INSERT INTO flyway_schema_version_60db71 (installed_rank, version, description, type, script, checksum, installed_by, installed_on, execution_time, success) VALUES (5, '004', 'db schema', 'SQL', 'V004__db_schema.sql', -1003028343, 'jira', '2017-05-15 13:35:01.598135', 4, true);
INSERT INTO flyway_schema_version_60db71 (installed_rank, version, description, type, script, checksum, installed_by, installed_on, execution_time, success) VALUES (6, '005', 'db schema', 'SQL', 'V005__db_schema.sql', 141220753, 'jira', '2017-05-15 13:35:01.616608', 8, true);


--
-- Data for Name: flyway_schema_version_a0b856; Type: TABLE DATA; Schema: public; Owner: jira
--

INSERT INTO flyway_schema_version_a0b856 (installed_rank, version, description, type, script, checksum, installed_by, installed_on, execution_time, success) VALUES (1, '0', '<< Flyway Baseline >>', 'BASELINE', '<< Flyway Baseline >>', NULL, 'jira', '2017-04-07 11:12:17.981636', 0, true);
INSERT INTO flyway_schema_version_a0b856 (installed_rank, version, description, type, script, checksum, installed_by, installed_on, execution_time, success) VALUES (2, '0001.00', 'create tables', 'SQL', 'V0001_00__create_tables.sql', -69534552, 'jira', '2017-04-07 11:12:18.020468', 8, true);
INSERT INTO flyway_schema_version_a0b856 (installed_rank, version, description, type, script, checksum, installed_by, installed_on, execution_time, success) VALUES (3, '0001.01', 'remove case', 'SQL', 'V0001_01__remove_case.sql', 1390263436, 'jira', '2017-04-07 11:12:18.048392', 16, true);
INSERT INTO flyway_schema_version_a0b856 (installed_rank, version, description, type, script, checksum, installed_by, installed_on, execution_time, success) VALUES (4, '0002.00', 'create AMQ store table', 'SQL', 'V0002_00__create_AMQ_store_table.sql', -1794539438, 'jira', '2017-04-07 11:12:18.078171', 12, true);


--
-- Data for Name: flyway_schema_version_b59607; Type: TABLE DATA; Schema: public; Owner: jira
--

INSERT INTO flyway_schema_version_b59607 (installed_rank, version, description, type, script, checksum, installed_by, installed_on, execution_time, success) VALUES (1, '0', '<< Flyway Baseline >>', 'BASELINE', '<< Flyway Baseline >>', NULL, 'jira', '2017-04-07 11:12:16.33139', 0, true);
INSERT INTO flyway_schema_version_b59607 (installed_rank, version, description, type, script, checksum, installed_by, installed_on, execution_time, success) VALUES (2, '001.001', 'CD909F schema', 'SQL', 'V001_001__CD909F_schema.sql', 254689986, 'jira', '2017-04-07 11:12:16.37718', 11, true);


--
-- Data for Name: flyway_schema_version_c18b68; Type: TABLE DATA; Schema: public; Owner: jira
--

INSERT INTO flyway_schema_version_c18b68 (installed_rank, version, description, type, script, checksum, installed_by, installed_on, execution_time, success) VALUES (1, '0', '<< Flyway Baseline >>', 'BASELINE', '<< Flyway Baseline >>', NULL, 'jira', '2017-04-07 11:12:15.963031', 0, true);


--
-- Data for Name: flyway_schema_version_deb285; Type: TABLE DATA; Schema: public; Owner: jira
--

INSERT INTO flyway_schema_version_deb285 (installed_rank, version, description, type, script, checksum, installed_by, installed_on, execution_time, success) VALUES (1, '0', '<< Flyway Baseline >>', 'BASELINE', '<< Flyway Baseline >>', NULL, 'jira', '2017-04-07 11:12:16.492809', 0, true);
INSERT INTO flyway_schema_version_deb285 (installed_rank, version, description, type, script, checksum, installed_by, installed_on, execution_time, success) VALUES (2, '01.01', 'AO DEB285 schema', 'SQL', 'V01_01__AO_DEB285_schema.sql', 1928136062, 'jira', '2017-04-07 11:12:16.55831', 21, true);
INSERT INTO flyway_schema_version_deb285 (installed_rank, version, description, type, script, checksum, installed_by, installed_on, execution_time, success) VALUES (3, '02.01', 'AO DEB285 schema', 'SQL', 'V02_01__AO_DEB285_schema.sql', -585350018, 'jira', '2017-04-07 11:12:16.595154', 25, true);


--
-- Data for Name: flyway_schema_version_ec1a8f; Type: TABLE DATA; Schema: public; Owner: jira
--

INSERT INTO flyway_schema_version_ec1a8f (installed_rank, version, description, type, script, checksum, installed_by, installed_on, execution_time, success) VALUES (1, '0', '<< Flyway Baseline >>', 'BASELINE', '<< Flyway Baseline >>', NULL, 'jira', '2017-04-07 11:12:17.588475', 0, true);
INSERT INTO flyway_schema_version_ec1a8f (installed_rank, version, description, type, script, checksum, installed_by, installed_on, execution_time, success) VALUES (2, '0001.00', 'create notification subcription tables', 'SQL', 'V0001_00__create_notification_subcription_tables.sql', -39654318, 'jira', '2017-05-15 13:35:03.012795', 8, true);


--
-- Data for Name: flyway_schema_version_ecd6b3; Type: TABLE DATA; Schema: public; Owner: jira
--

INSERT INTO flyway_schema_version_ecd6b3 (installed_rank, version, description, type, script, checksum, installed_by, installed_on, execution_time, success) VALUES (1, '0', '<< Flyway Baseline >>', 'BASELINE', '<< Flyway Baseline >>', NULL, 'jira', '2017-04-07 11:12:18.573381', 0, true);
INSERT INTO flyway_schema_version_ecd6b3 (installed_rank, version, description, type, script, checksum, installed_by, installed_on, execution_time, success) VALUES (2, '0001.00', 'create tables', 'SQL', 'V0001_00__create_tables.sql', -1898252442, 'jira', '2017-04-07 11:12:18.598378', 11, true);
INSERT INTO flyway_schema_version_ecd6b3 (installed_rank, version, description, type, script, checksum, installed_by, installed_on, execution_time, success) VALUES (3, '0001.01', 'update constraints', 'SQL', 'V0001_01__update_constraints.sql', -381655984, 'jira', '2017-04-07 11:12:18.618226', 10, true);


--
-- Data for Name: flyway_schema_version_f4ed3a; Type: TABLE DATA; Schema: public; Owner: jira
--

INSERT INTO flyway_schema_version_f4ed3a (installed_rank, version, description, type, script, checksum, installed_by, installed_on, execution_time, success) VALUES (1, '0', '<< Flyway Baseline >>', 'BASELINE', '<< Flyway Baseline >>', NULL, 'jira', '2017-04-07 11:12:19.155681', 0, true);
INSERT INTO flyway_schema_version_f4ed3a (installed_rank, version, description, type, script, checksum, installed_by, installed_on, execution_time, success) VALUES (2, '0001.00', 'create plugin module storage table', 'SQL', 'V0001_00__create_plugin_module_storage_table.sql', -1474962027, 'jira', '2017-04-07 11:12:19.180785', 5, true);
INSERT INTO flyway_schema_version_f4ed3a (installed_rank, version, description, type, script, checksum, installed_by, installed_on, execution_time, success) VALUES (3, '0003.00', 'create add on properties table', 'SQL', 'V0003_00__create_add_on_properties_table.sql', -234846127, 'jira', '2017-04-07 11:12:19.199279', 7, true);
INSERT INTO flyway_schema_version_f4ed3a (installed_rank, version, description, type, script, checksum, installed_by, installed_on, execution_time, success) VALUES (4, '0003.01', 'delete create addon properties function', 'SQL', 'V0003_01__delete_create_addon_properties_function.sql', -68903507, 'jira', '2017-04-07 11:12:19.232393', 4, true);
INSERT INTO flyway_schema_version_f4ed3a (installed_rank, version, description, type, script, checksum, installed_by, installed_on, execution_time, success) VALUES (5, '0004.00', 'create addon storage table', 'SQL', 'V0004_00__create_addon_storage_table.sql', 876605533, 'jira', '2017-04-07 11:12:19.251488', 45, true);
INSERT INTO flyway_schema_version_f4ed3a (installed_rank, version, description, type, script, checksum, installed_by, installed_on, execution_time, success) VALUES (6, '0005.00', 'delete dependency constraint', 'SQL', 'V0005_00__delete_dependency_constraint.sql', -239464993, 'jira', '2017-04-07 11:12:19.33083', 18, true);
INSERT INTO flyway_schema_version_f4ed3a (installed_rank, version, description, type, script, checksum, installed_by, installed_on, execution_time, success) VALUES (7, '0006.00', 'add license to listing info', 'SQL', 'V0006_00__add_license_to_listing_info.sql', -42142830, 'jira', '2017-04-07 11:12:19.362256', 12, true);
INSERT INTO flyway_schema_version_f4ed3a (installed_rank, version, description, type, script, checksum, installed_by, installed_on, execution_time, success) VALUES (8, '0007.00', 'remove baseurl unique constraint', 'SQL', 'V0007_00__remove_baseurl_unique_constraint.sql', -2042481440, 'jira', '2017-04-07 11:12:19.387611', 13, true);


--
-- Data for Name: flyway_schema_version_platform; Type: TABLE DATA; Schema: public; Owner: jira
--

INSERT INTO flyway_schema_version_platform (installed_rank, version, description, type, script, checksum, installed_by, installed_on, execution_time, success) VALUES (1, '0', '<< Flyway Baseline >>', 'BASELINE', '<< Flyway Baseline >>', NULL, 'jira', '2017-04-07 11:11:51.987932', 0, true);
INSERT INTO flyway_schema_version_platform (installed_rank, version, description, type, script, checksum, installed_by, installed_on, execution_time, success) VALUES (2, '001.001', 'jira initial schema', 'SQL', 'V001_001__jira_initial_schema.sql', 2054801107, 'jira', '2017-04-07 11:11:52.017625', 291, true);
INSERT INTO flyway_schema_version_platform (installed_rank, version, description, type, script, checksum, installed_by, installed_on, execution_time, success) VALUES (3, '001.002', 'customfieldvalue indexes', 'SQL', 'V001_002__customfieldvalue_indexes.sql', 1744691104, 'jira', '2017-04-07 11:11:52.319626', 14, true);
INSERT INTO flyway_schema_version_platform (installed_rank, version, description, type, script, checksum, installed_by, installed_on, execution_time, success) VALUES (4, '001.003', 'workflow scope', 'SQL', 'V001_003__workflow_scope.sql', 610289587, 'jira', '2017-04-07 11:11:52.341588', 4, true);
INSERT INTO flyway_schema_version_platform (installed_rank, version, description, type, script, checksum, installed_by, installed_on, execution_time, success) VALUES (5, '001.004', 'workflow scheme scope', 'SQL', 'V001_004__workflow_scheme_scope.sql', 737125005, 'jira', '2017-04-07 11:11:52.35338', 3, true);
INSERT INTO flyway_schema_version_platform (installed_rank, version, description, type, script, checksum, installed_by, installed_on, execution_time, success) VALUES (6, '001.005', 'scope entities', 'SQL', 'V001_005__scope_entities.sql', 1540751122, 'jira', '2017-04-07 11:11:52.363656', 5, true);
INSERT INTO flyway_schema_version_platform (installed_rank, version, description, type, script, checksum, installed_by, installed_on, execution_time, success) VALUES (7, '001.006', 'jira text trigram indices', 'SQL', 'V001_006__jira_text_trigram_indices.sql', -1143923949, 'jira', '2017-04-07 11:11:52.375874', 8, true);
INSERT INTO flyway_schema_version_platform (installed_rank, version, description, type, script, checksum, installed_by, installed_on, execution_time, success) VALUES (8, '001.007', 'issuefield option scope attributes', 'SQL', 'V001_007__issuefield_option_scope_attributes.sql', -1373309693, 'jira', '2017-04-07 11:11:52.391307', 6, true);
INSERT INTO flyway_schema_version_platform (installed_rank, version, description, type, script, checksum, installed_by, installed_on, execution_time, success) VALUES (9, '001.008', 'jql permission indexes indices', 'SQL', 'V001_008__jql_permission_indexes_indices.sql', -1040820290, 'jira', '2017-04-07 11:11:52.405666', 4, true);
INSERT INTO flyway_schema_version_platform (installed_rank, version, description, type, script, checksum, installed_by, installed_on, execution_time, success) VALUES (10, '001.009', 'entityproperty text trigram index', 'SQL', 'V001_009__entityproperty_text_trigram_index.sql', -566752524, 'jira', '2017-04-07 11:11:52.417632', 3, true);
INSERT INTO flyway_schema_version_platform (installed_rank, version, description, type, script, checksum, installed_by, installed_on, execution_time, success) VALUES (11, '001.010', 'changeitem fieldid', 'SQL', 'V001_010__changeitem_fieldid.sql', 1251239820, 'jira', '2017-04-07 11:11:52.428068', 4, true);
INSERT INTO flyway_schema_version_platform (installed_rank, version, description, type, script, checksum, installed_by, installed_on, execution_time, success) VALUES (12, '001.011', 'changeitem nextchanged', 'SQL', 'V001_011__changeitem_nextchanged.sql', 1595603572, 'jira', '2017-04-07 11:11:52.439075', 4, true);
INSERT INTO flyway_schema_version_platform (installed_rank, version, description, type, script, checksum, installed_by, installed_on, execution_time, success) VALUES (13, '001.012', 'issue field option id key unique constraint', 'SQL', 'V001_012__issue_field_option_id_key_unique_constraint.sql', -25260396, 'jira', '2017-04-07 11:11:52.449993', 4, true);
INSERT INTO flyway_schema_version_platform (installed_rank, version, description, type, script, checksum, installed_by, installed_on, execution_time, success) VALUES (14, '001.013', 'jiraworkflows unique name', 'SQL', 'V001_013__jiraworkflows_unique_name.sql', 1112620890, 'jira', '2017-04-07 11:11:52.46033', 3, true);
INSERT INTO flyway_schema_version_platform (installed_rank, version, description, type, script, checksum, installed_by, installed_on, execution_time, success) VALUES (15, '001.014', 'fieldlayoutitem fieldlayout index', 'SQL', 'V001_014__fieldlayoutitem_fieldlayout_index.sql', -45552659, 'jira', '2017-04-07 11:11:52.47025', 2, true);
INSERT INTO flyway_schema_version_platform (installed_rank, version, description, type, script, checksum, installed_by, installed_on, execution_time, success) VALUES (16, '001.015', 'field scope table', 'SQL', 'V001_015__field_scope_table.sql', -1962937983, 'jira', '2017-04-07 11:11:52.479698', 3, true);
INSERT INTO flyway_schema_version_platform (installed_rank, version, description, type, script, checksum, installed_by, installed_on, execution_time, success) VALUES (17, '001.016', 'issue field options scope attribute renamed', 'SQL', 'V001_016__issue_field_options_scope_attribute_renamed.sql', 1988961425, 'jira', '2017-04-07 11:11:52.48966', 9, true);
INSERT INTO flyway_schema_version_platform (installed_rank, version, description, type, script, checksum, installed_by, installed_on, execution_time, success) VALUES (18, '001.017', 'changegroup initialchange', 'SQL', 'V001_017__changegroup_initialchange.sql', -1995168176, 'jira', '2017-04-07 11:11:52.508057', 4, true);
INSERT INTO flyway_schema_version_platform (installed_rank, version, description, type, script, checksum, installed_by, installed_on, execution_time, success) VALUES (19, '001.018', 'indexes', 'SQL', 'V001_018__indexes.sql', -602035084, 'jira', '2017-04-07 11:11:52.520829', 8, true);
INSERT INTO flyway_schema_version_platform (installed_rank, version, description, type, script, checksum, installed_by, installed_on, execution_time, success) VALUES (20, '001.019', 'issue type scope', 'SQL', 'V001_019__issue_type_scope.sql', 1634437866, 'jira', '2017-04-07 11:11:52.537184', 5, true);
INSERT INTO flyway_schema_version_platform (installed_rank, version, description, type, script, checksum, installed_by, installed_on, execution_time, success) VALUES (21, '001.020', 'field scope index reorder', 'SQL', 'V001_020__field_scope_index_reorder.sql', -1683609577, 'jira', '2017-04-07 11:11:52.551229', 17, true);
INSERT INTO flyway_schema_version_platform (installed_rank, version, description, type, script, checksum, installed_by, installed_on, execution_time, success) VALUES (22, '001.021', 'issuekey indexes', 'SQL', 'V001_021__issuekey_indexes.sql', 595819640, 'jira', '2017-04-07 11:11:52.57935', 3, true);
INSERT INTO flyway_schema_version_platform (installed_rank, version, description, type, script, checksum, installed_by, installed_on, execution_time, success) VALUES (23, '001.022', 'tokens', 'SQL', 'V001_022__tokens.sql', 1993541698, 'jira', '2017-05-15 13:34:43.532016', 24, true);
INSERT INTO flyway_schema_version_platform (installed_rank, version, description, type, script, checksum, installed_by, installed_on, execution_time, success) VALUES (24, '001.023', 'entity property tokens', 'SQL', 'V001_023__entity_property_tokens.sql', -640647659, 'jira', '2017-05-15 13:34:43.570503', 6, true);
INSERT INTO flyway_schema_version_platform (installed_rank, version, description, type, script, checksum, installed_by, installed_on, execution_time, success) VALUES (25, '001.024', 'customfieldoption lower customvalue idx', 'SQL', 'V001_024__customfieldoption_lower_customvalue_idx.sql', -118148572, 'jira', '2017-05-15 13:34:43.588456', 5, true);
INSERT INTO flyway_schema_version_platform (installed_rank, version, description, type, script, checksum, installed_by, installed_on, execution_time, success) VALUES (26, '001.025', 'adhoc upgrade tasks table', 'SQL', 'V001_025__adhoc_upgrade_tasks_table.sql', 802661277, 'jira', '2017-05-15 13:34:43.604818', 4, true);
INSERT INTO flyway_schema_version_platform (installed_rank, version, description, type, script, checksum, installed_by, installed_on, execution_time, success) VALUES (27, '001.026', 'add default now to adhoc upgrade tasks', 'SQL', 'V001_026__add_default_now_to_adhoc_upgrade_tasks.sql', 599919298, 'jira', '2017-05-15 13:34:43.619591', 3, true);
INSERT INTO flyway_schema_version_platform (installed_rank, version, description, type, script, checksum, installed_by, installed_on, execution_time, success) VALUES (28, '001.027', 'jiraaction actiontype index', 'SQL', 'V001_027__jiraaction_actiontype_index.sql', 70143360, 'jira', '2017-05-15 13:34:43.632695', 2, true);
INSERT INTO flyway_schema_version_platform (installed_rank, version, description, type, script, checksum, installed_by, installed_on, execution_time, success) VALUES (29, '001.028', 'module state table', 'SQL', 'V001_028__module_state_table.sql', 1048546214, 'jira', '2017-05-15 13:34:43.645254', 4, true);
INSERT INTO flyway_schema_version_platform (installed_rank, version, description, type, script, checksum, installed_by, installed_on, execution_time, success) VALUES (30, '001.029', 'compound index schemepermissions', 'SQL', 'V001_029__compound_index_schemepermissions.sql', -730270233, 'jira', '2017-05-15 13:34:43.659158', 3, true);
INSERT INTO flyway_schema_version_platform (installed_rank, version, description, type, script, checksum, installed_by, installed_on, execution_time, success) VALUES (31, '001.030', 'customfieldvalue type and idx', 'SQL', 'V001_030__customfieldvalue_type_and_idx.sql', -1229807080, 'jira', '2017-05-15 13:34:43.671975', 4, true);
INSERT INTO flyway_schema_version_platform (installed_rank, version, description, type, script, checksum, installed_by, installed_on, execution_time, success) VALUES (32, '001.031', 'entity property index', 'SQL', 'V001_031__entity_property_index.sql', 573211151, 'jira', '2017-05-15 13:34:43.687461', 2, true);
INSERT INTO flyway_schema_version_platform (installed_rank, version, description, type, script, checksum, installed_by, installed_on, execution_time, success) VALUES (33, '001.032', 'add fk to jiraissuetokens', 'SQL', 'V001_032__add_fk_to_jiraissuetokens.sql', -1305892591, 'jira', '2017-05-15 13:34:43.698599', 6, true);
INSERT INTO flyway_schema_version_platform (installed_rank, version, description, type, script, checksum, installed_by, installed_on, execution_time, success) VALUES (34, '001.033', 'drop fk to jiraissuetokens', 'SQL', 'V001_033__drop_fk_to_jiraissuetokens.sql', -1141212161, 'jira', '2017-05-15 13:34:43.714392', 2, true);


--
-- Data for Name: flyway_schema_version_plugins; Type: TABLE DATA; Schema: public; Owner: jira
--

INSERT INTO flyway_schema_version_plugins (installed_rank, version, description, type, script, checksum, installed_by, installed_on, execution_time, success) VALUES (1, '0', '<< Flyway Baseline >>', 'BASELINE', '<< Flyway Baseline >>', NULL, 'jira', '2017-04-07 11:11:52.664497', 0, true);
INSERT INTO flyway_schema_version_plugins (installed_rank, version, description, type, script, checksum, installed_by, installed_on, execution_time, success) VALUES (2, '001.001', 'AO 013613 schema', 'SQL', 'V001_001__AO_013613_schema.sql', 796258525, 'jira', '2017-04-07 11:11:52.681472', 28, true);
INSERT INTO flyway_schema_version_plugins (installed_rank, version, description, type, script, checksum, installed_by, installed_on, execution_time, success) VALUES (3, '001.002', 'AO 0201F0 schema', 'SQL', 'V001_002__AO_0201F0_schema.sql', 616173421, 'jira', '2017-04-07 11:11:52.718918', 17, true);
INSERT INTO flyway_schema_version_plugins (installed_rank, version, description, type, script, checksum, installed_by, installed_on, execution_time, success) VALUES (4, '001.003', 'AO 098293 schema', 'SQL', 'V001_003__AO_098293_schema.sql', 913086223, 'jira', '2017-04-07 11:11:52.743589', 8, true);
INSERT INTO flyway_schema_version_plugins (installed_rank, version, description, type, script, checksum, installed_by, installed_on, execution_time, success) VALUES (5, '001.004', 'AO 2C4E5C schema', 'SQL', 'V001_004__AO_2C4E5C_schema.sql', 1755795776, 'jira', '2017-04-07 11:11:52.759365', 29, true);
INSERT INTO flyway_schema_version_plugins (installed_rank, version, description, type, script, checksum, installed_by, installed_on, execution_time, success) VALUES (6, '001.005', 'AO 21D670 schema', 'SQL', 'V001_005__AO_21D670_schema.sql', -1971900063, 'jira', '2017-04-07 11:11:52.797118', 11, true);
INSERT INTO flyway_schema_version_plugins (installed_rank, version, description, type, script, checksum, installed_by, installed_on, execution_time, success) VALUES (7, '001.006', 'AO 2D3BEA schema', 'SQL', 'V001_006__AO_2D3BEA_schema.sql', -693557018, 'jira', '2017-04-07 11:11:52.815764', 118, true);
INSERT INTO flyway_schema_version_plugins (installed_rank, version, description, type, script, checksum, installed_by, installed_on, execution_time, success) VALUES (8, '001.007', 'AO 319474 schema', 'SQL', 'V001_007__AO_319474_schema.sql', 1308647873, 'jira', '2017-04-07 11:11:52.942717', 21, true);
INSERT INTO flyway_schema_version_plugins (installed_rank, version, description, type, script, checksum, installed_by, installed_on, execution_time, success) VALUES (9, '001.008', 'AO 3A3ECC schema', 'SQL', 'V001_008__AO_3A3ECC_schema.sql', 872739523, 'jira', '2017-04-07 11:11:52.972313', 32, true);
INSERT INTO flyway_schema_version_plugins (installed_rank, version, description, type, script, checksum, installed_by, installed_on, execution_time, success) VALUES (10, '001.009', 'AO 3B1893 schema', 'SQL', 'V001_009__AO_3B1893_schema.sql', -1154968156, 'jira', '2017-04-07 11:11:53.012108', 13, true);
INSERT INTO flyway_schema_version_plugins (installed_rank, version, description, type, script, checksum, installed_by, installed_on, execution_time, success) VALUES (11, '001.010', 'AO 4AEACD schema', 'SQL', 'V001_010__AO_4AEACD_schema.sql', -242293928, 'jira', '2017-04-07 11:11:53.032916', 6, true);
INSERT INTO flyway_schema_version_plugins (installed_rank, version, description, type, script, checksum, installed_by, installed_on, execution_time, success) VALUES (12, '001.011', 'AO 4E8AE6 schema', 'SQL', 'V001_011__AO_4E8AE6_schema.sql', -366100810, 'jira', '2017-04-07 11:11:53.047242', 10, true);
INSERT INTO flyway_schema_version_plugins (installed_rank, version, description, type, script, checksum, installed_by, installed_on, execution_time, success) VALUES (13, '001.012', 'AO 54307E schema', 'SQL', 'V001_012__AO_54307E_schema.sql', 1617107411, 'jira', '2017-04-07 11:11:53.064546', 125, true);
INSERT INTO flyway_schema_version_plugins (installed_rank, version, description, type, script, checksum, installed_by, installed_on, execution_time, success) VALUES (14, '001.013', 'AO 550953 schema', 'SQL', 'V001_013__AO_550953_schema.sql', -1068023004, 'jira', '2017-04-07 11:11:53.198706', 8, true);
INSERT INTO flyway_schema_version_plugins (installed_rank, version, description, type, script, checksum, installed_by, installed_on, execution_time, success) VALUES (15, '001.014', 'AO 563AEE schema', 'SQL', 'V001_014__AO_563AEE_schema.sql', -1727208949, 'jira', '2017-04-07 11:11:53.216448', 26, true);
INSERT INTO flyway_schema_version_plugins (installed_rank, version, description, type, script, checksum, installed_by, installed_on, execution_time, success) VALUES (16, '001.015', 'AO 56464C schema', 'SQL', 'V001_015__AO_56464C_schema.sql', 1546129815, 'jira', '2017-04-07 11:11:53.250564', 21, true);
INSERT INTO flyway_schema_version_plugins (installed_rank, version, description, type, script, checksum, installed_by, installed_on, execution_time, success) VALUES (17, '001.016', 'AO 575BF5 schema', 'SQL', 'V001_016__AO_575BF5_schema.sql', -634726140, 'jira', '2017-04-07 11:11:53.280262', 29, true);
INSERT INTO flyway_schema_version_plugins (installed_rank, version, description, type, script, checksum, installed_by, installed_on, execution_time, success) VALUES (18, '001.017', 'AO 587B34 schema', 'SQL', 'V001_017__AO_587B34_schema.sql', -787618614, 'jira', '2017-04-07 11:11:53.316281', 13, true);
INSERT INTO flyway_schema_version_plugins (installed_rank, version, description, type, script, checksum, installed_by, installed_on, execution_time, success) VALUES (19, '001.018', 'AO 5FB9D7 schema', 'SQL', 'V001_018__AO_5FB9D7_schema.sql', 1901364740, 'jira', '2017-04-07 11:11:53.336737', 13, true);
INSERT INTO flyway_schema_version_plugins (installed_rank, version, description, type, script, checksum, installed_by, installed_on, execution_time, success) VALUES (20, '001.019', 'AO 60DB71 schema', 'SQL', 'V001_019__AO_60DB71_schema.sql', -1102823950, 'jira', '2017-04-07 11:11:53.35709', 78, true);
INSERT INTO flyway_schema_version_plugins (installed_rank, version, description, type, script, checksum, installed_by, installed_on, execution_time, success) VALUES (21, '001.020', 'AO 68DACE schema', 'SQL', 'V001_020__AO_68DACE_schema.sql', 2027513567, 'jira', '2017-04-07 11:11:53.45498', 18, true);
INSERT INTO flyway_schema_version_plugins (installed_rank, version, description, type, script, checksum, installed_by, installed_on, execution_time, success) VALUES (22, '001.021', 'AO 7A2604 schema', 'SQL', 'V001_021__AO_7A2604_schema.sql', -1011107641, 'jira', '2017-04-07 11:11:53.482777', 16, true);
INSERT INTO flyway_schema_version_plugins (installed_rank, version, description, type, script, checksum, installed_by, installed_on, execution_time, success) VALUES (23, '001.022', 'AO 82B313 schema', 'SQL', 'V001_022__AO_82B313_schema.sql', 115428247, 'jira', '2017-04-07 11:11:53.507394', 32, true);
INSERT INTO flyway_schema_version_plugins (installed_rank, version, description, type, script, checksum, installed_by, installed_on, execution_time, success) VALUES (24, '001.023', 'AO 86ED1B schema', 'SQL', 'V001_023__AO_86ED1B_schema.sql', -1924989967, 'jira', '2017-04-07 11:11:53.548604', 28, true);
INSERT INTO flyway_schema_version_plugins (installed_rank, version, description, type, script, checksum, installed_by, installed_on, execution_time, success) VALUES (25, '001.024', 'AO 88DE6A schema', 'SQL', 'V001_024__AO_88DE6A_schema.sql', -1932238830, 'jira', '2017-04-07 11:11:53.585312', 33, true);
INSERT INTO flyway_schema_version_plugins (installed_rank, version, description, type, script, checksum, installed_by, installed_on, execution_time, success) VALUES (26, '001.025', 'AO 9B2E3B schema', 'SQL', 'V001_025__AO_9B2E3B_schema.sql', 1120258714, 'jira', '2017-04-07 11:11:53.626497', 72, true);
INSERT INTO flyway_schema_version_plugins (installed_rank, version, description, type, script, checksum, installed_by, installed_on, execution_time, success) VALUES (27, '001.026', 'AO A0B856 schema', 'SQL', 'V001_026__AO_A0B856_schema.sql', 1332692463, 'jira', '2017-04-07 11:11:53.70548', 20, true);
INSERT INTO flyway_schema_version_plugins (installed_rank, version, description, type, script, checksum, installed_by, installed_on, execution_time, success) VALUES (28, '001.027', 'AO A415DF schema', 'SQL', 'V001_027__AO_A415DF_schema.sql', 191376258, 'jira', '2017-04-07 11:11:53.733915', 107, true);
INSERT INTO flyway_schema_version_plugins (installed_rank, version, description, type, script, checksum, installed_by, installed_on, execution_time, success) VALUES (29, '001.028', 'AO A44657 schema', 'SQL', 'V001_028__AO_A44657_schema.sql', 224230654, 'jira', '2017-04-07 11:11:53.850257', 6, true);
INSERT INTO flyway_schema_version_plugins (installed_rank, version, description, type, script, checksum, installed_by, installed_on, execution_time, success) VALUES (30, '001.029', 'AO AEFED0 schema', 'SQL', 'V001_029__AO_AEFED0_schema.sql', -1467247282, 'jira', '2017-04-07 11:11:53.863975', 41, true);
INSERT INTO flyway_schema_version_plugins (installed_rank, version, description, type, script, checksum, installed_by, installed_on, execution_time, success) VALUES (31, '001.030', 'AO B9A0F0 schema', 'SQL', 'V001_030__AO_B9A0F0_schema.sql', 1271460446, 'jira', '2017-04-07 11:11:53.913984', 21, true);
INSERT INTO flyway_schema_version_plugins (installed_rank, version, description, type, script, checksum, installed_by, installed_on, execution_time, success) VALUES (32, '001.031', 'AO C3C6E8 schema', 'SQL', 'V001_031__AO_C3C6E8_schema.sql', -1334219572, 'jira', '2017-04-07 11:11:53.94215', 30, true);
INSERT INTO flyway_schema_version_plugins (installed_rank, version, description, type, script, checksum, installed_by, installed_on, execution_time, success) VALUES (33, '001.032', 'AO CFF990 schema', 'SQL', 'V001_032__AO_CFF990_schema.sql', 840226556, 'jira', '2017-04-07 11:11:53.97953', 17, true);
INSERT INTO flyway_schema_version_plugins (installed_rank, version, description, type, script, checksum, installed_by, installed_on, execution_time, success) VALUES (34, '001.033', 'AO D9132D schema', 'SQL', 'V001_033__AO_D9132D_schema.sql', 1620070155, 'jira', '2017-04-07 11:11:54.005033', 185, true);
INSERT INTO flyway_schema_version_plugins (installed_rank, version, description, type, script, checksum, installed_by, installed_on, execution_time, success) VALUES (35, '001.034', 'AO E8B6CC schema', 'SQL', 'V001_034__AO_E8B6CC_schema.sql', 332584190, 'jira', '2017-04-07 11:11:54.199979', 86, true);
INSERT INTO flyway_schema_version_plugins (installed_rank, version, description, type, script, checksum, installed_by, installed_on, execution_time, success) VALUES (36, '001.035', 'AO ED979B schema', 'SQL', 'V001_035__AO_ED979B_schema.sql', -2077934456, 'jira', '2017-04-07 11:11:54.293728', 49, true);
INSERT INTO flyway_schema_version_plugins (installed_rank, version, description, type, script, checksum, installed_by, installed_on, execution_time, success) VALUES (37, '001.036', 'AO F1B27B schema', 'SQL', 'V001_036__AO_F1B27B_schema.sql', 150602426, 'jira', '2017-04-07 11:11:54.352105', 30, true);
INSERT INTO flyway_schema_version_plugins (installed_rank, version, description, type, script, checksum, installed_by, installed_on, execution_time, success) VALUES (38, '001.037', 'AO F4ED3A schema', 'SQL', 'V001_037__AO_F4ED3A_schema.sql', -1011342731, 'jira', '2017-04-07 11:11:54.390481', 16, true);
INSERT INTO flyway_schema_version_plugins (installed_rank, version, description, type, script, checksum, installed_by, installed_on, execution_time, success) VALUES (39, '001.038', 'AO C7F17E schema', 'SQL', 'V001_038__AO_C7F17E_schema.sql', -1944203560, 'jira', '2017-04-07 11:11:54.414033', 17, true);
INSERT INTO flyway_schema_version_plugins (installed_rank, version, description, type, script, checksum, installed_by, installed_on, execution_time, success) VALUES (40, '001.039', 'AO E8B6CC schema', 'SQL', 'V001_039__AO_E8B6CC_schema.sql', -714021173, 'jira', '2017-04-07 11:11:54.439849', 18, true);
INSERT INTO flyway_schema_version_plugins (installed_rank, version, description, type, script, checksum, installed_by, installed_on, execution_time, success) VALUES (41, '002.001', 'AO 013613 schema', 'SQL', 'V002_001__AO_013613_schema.sql', -1980773773, 'jira', '2017-04-07 11:11:54.465671', 19, true);
INSERT INTO flyway_schema_version_plugins (installed_rank, version, description, type, script, checksum, installed_by, installed_on, execution_time, success) VALUES (42, '002.002', 'AO 2D3BEA schema', 'SQL', 'V002_002__AO_2D3BEA_schema.sql', 250736076, 'jira', '2017-04-07 11:11:54.493162', 10, true);
INSERT INTO flyway_schema_version_plugins (installed_rank, version, description, type, script, checksum, installed_by, installed_on, execution_time, success) VALUES (43, '002.003', 'AO C3C6E8 schema', 'SQL', 'V002_003__AO_C3C6E8_schema.sql', -19133683, 'jira', '2017-04-07 11:11:54.511281', 11, true);
INSERT INTO flyway_schema_version_plugins (installed_rank, version, description, type, script, checksum, installed_by, installed_on, execution_time, success) VALUES (44, '003.001', 'AO 013613 schema', 'SQL', 'V003_001__AO_013613_schema.sql', -158311899, 'jira', '2017-04-07 11:11:54.529606', 7, true);
INSERT INTO flyway_schema_version_plugins (installed_rank, version, description, type, script, checksum, installed_by, installed_on, execution_time, success) VALUES (45, '003.002', 'AO 2D3BEA schema', 'SQL', 'V003_002__AO_2D3BEA_schema.sql', 1386656769, 'jira', '2017-04-07 11:11:54.545121', 7, true);
INSERT INTO flyway_schema_version_plugins (installed_rank, version, description, type, script, checksum, installed_by, installed_on, execution_time, success) VALUES (46, '003.003', 'AO 86ED1B schema', 'SQL', 'V003_003__AO_86ED1B_schema.sql', -883438983, 'jira', '2017-04-07 11:11:54.56079', 5, true);
INSERT INTO flyway_schema_version_plugins (installed_rank, version, description, type, script, checksum, installed_by, installed_on, execution_time, success) VALUES (47, '003.004', 'AO 098293 schema', 'SQL', 'V003_004__AO_098293_schema.sql', 1305560901, 'jira', '2017-04-07 11:11:54.572389', 13, true);
INSERT INTO flyway_schema_version_plugins (installed_rank, version, description, type, script, checksum, installed_by, installed_on, execution_time, success) VALUES (48, '003.005', 'AO 4AEACD schema', 'SQL', 'V003_005__AO_4AEACD_schema.sql', -12993870, 'jira', '2017-04-07 11:11:54.593475', 14, true);
INSERT INTO flyway_schema_version_plugins (installed_rank, version, description, type, script, checksum, installed_by, installed_on, execution_time, success) VALUES (49, '003.006', 'AO 5FB9D7 schema', 'SQL', 'V003_006__AO_5FB9D7_schema.sql', -94559817, 'jira', '2017-04-07 11:11:54.615899', 17, true);
INSERT INTO flyway_schema_version_plugins (installed_rank, version, description, type, script, checksum, installed_by, installed_on, execution_time, success) VALUES (50, '003.007', 'AO AEFED0 schema', 'SQL', 'V003_007__AO_AEFED0_schema.sql', -973190244, 'jira', '2017-04-07 11:11:54.641285', 14, true);
INSERT INTO flyway_schema_version_plugins (installed_rank, version, description, type, script, checksum, installed_by, installed_on, execution_time, success) VALUES (51, '003.008', 'AO E8B6CC schema', 'SQL', 'V003_008__AO_E8B6CC_schema.sql', -1530823815, 'jira', '2017-04-07 11:11:54.663363', 67, true);
INSERT INTO flyway_schema_version_plugins (installed_rank, version, description, type, script, checksum, installed_by, installed_on, execution_time, success) VALUES (52, '003.009', 'AO ED979B schema', 'SQL', 'V003_009__AO_ED979B_schema.sql', -335968738, 'jira', '2017-04-07 11:11:54.737909', 40, true);
INSERT INTO flyway_schema_version_plugins (installed_rank, version, description, type, script, checksum, installed_by, installed_on, execution_time, success) VALUES (53, '003.010', 'AO CFF990 schema', 'SQL', 'V003_010__AO_CFF990_schema.sql', -2028631505, 'jira', '2017-04-07 11:11:54.786831', 19, true);
INSERT INTO flyway_schema_version_plugins (installed_rank, version, description, type, script, checksum, installed_by, installed_on, execution_time, success) VALUES (54, '003.011', 'AO 563AEE schema', 'SQL', 'V003_011__AO_563AEE_schema.sql', 481216529, 'jira', '2017-04-07 11:11:54.813525', 11, true);
INSERT INTO flyway_schema_version_plugins (installed_rank, version, description, type, script, checksum, installed_by, installed_on, execution_time, success) VALUES (55, '003.012', 'AO 575BF5 schema', 'SQL', 'V003_012__AO_575BF5_schema.sql', -1358111536, 'jira', '2017-04-07 11:11:54.832477', 16, true);
INSERT INTO flyway_schema_version_plugins (installed_rank, version, description, type, script, checksum, installed_by, installed_on, execution_time, success) VALUES (56, '003.013', 'AO A0B856 schema', 'SQL', 'V003_013__AO_A0B856_schema.sql', 1504381328, 'jira', '2017-04-07 11:11:54.857606', 11, true);
INSERT INTO flyway_schema_version_plugins (installed_rank, version, description, type, script, checksum, installed_by, installed_on, execution_time, success) VALUES (57, '003.014', 'AO 013613 schema', 'SQL', 'V003_014__AO_013613_schema.sql', -158311899, 'jira', '2017-04-07 11:11:54.876605', 5, true);
INSERT INTO flyway_schema_version_plugins (installed_rank, version, description, type, script, checksum, installed_by, installed_on, execution_time, success) VALUES (58, '003.015', 'AO 2D3BEA schema', 'SQL', 'V003_015__AO_2D3BEA_schema.sql', 833784550, 'jira', '2017-04-07 11:11:54.889485', 6, true);
INSERT INTO flyway_schema_version_plugins (installed_rank, version, description, type, script, checksum, installed_by, installed_on, execution_time, success) VALUES (59, '003.016', 'AO 86ED1B schema', 'SQL', 'V003_016__AO_86ED1B_schema.sql', -182026051, 'jira', '2017-04-07 11:11:54.906106', 3, true);
INSERT INTO flyway_schema_version_plugins (installed_rank, version, description, type, script, checksum, installed_by, installed_on, execution_time, success) VALUES (60, '003.017', 'AO E8B6CC schema', 'SQL', 'V003_017__AO_E8B6CC_schema.sql', 1920482336, 'jira', '2017-05-15 13:34:43.822005', 6, true);


--
-- Data for Name: gadgetuserpreference; Type: TABLE DATA; Schema: public; Owner: jira
--

INSERT INTO gadgetuserpreference (id, portletconfiguration, userprefkey, userprefvalue) VALUES (10000, 10002, 'isConfigured', 'true');
INSERT INTO gadgetuserpreference (id, portletconfiguration, userprefkey, userprefvalue) VALUES (10001, 10003, 'keys', '__all_projects__');
INSERT INTO gadgetuserpreference (id, portletconfiguration, userprefkey, userprefvalue) VALUES (10002, 10003, 'isConfigured', 'true');
INSERT INTO gadgetuserpreference (id, portletconfiguration, userprefkey, userprefvalue) VALUES (10003, 10003, 'title', 'Your Company JIRA');
INSERT INTO gadgetuserpreference (id, portletconfiguration, userprefkey, userprefvalue) VALUES (10004, 10003, 'numofentries', '5');


--
-- Name: gadgetuserpreference_id_seq; Type: SEQUENCE SET; Schema: public; Owner: jira
--

SELECT pg_catalog.setval('gadgetuserpreference_id_seq', 10100, false);


--
-- Data for Name: genericconfiguration; Type: TABLE DATA; Schema: public; Owner: jira
--

INSERT INTO genericconfiguration (id, datatype, datakey, xmlvalue) VALUES (10000, 'DefaultValue', '10000', '<string>1</string>');
INSERT INTO genericconfiguration (id, datatype, datakey, xmlvalue) VALUES (10100, 'DefaultValue', '10110', '<string>10000</string>');
INSERT INTO genericconfiguration (id, datatype, datakey, xmlvalue) VALUES (10200, 'DefaultValue', '10202', '<long>10000</long>');


--
-- Name: genericconfiguration_id_seq; Type: SEQUENCE SET; Schema: public; Owner: jira
--

SELECT pg_catalog.setval('genericconfiguration_id_seq', 10200, true);


--
-- Data for Name: globalpermissionentry; Type: TABLE DATA; Schema: public; Owner: jira
--

INSERT INTO globalpermissionentry (id, permission, group_id) VALUES (10000, 'ADMINISTER', 'jira-administrators');
INSERT INTO globalpermissionentry (id, permission, group_id) VALUES (10001, 'USE', 'jira-users');
INSERT INTO globalpermissionentry (id, permission, group_id) VALUES (10002, 'USER_PICKER', 'jira-developers');
INSERT INTO globalpermissionentry (id, permission, group_id) VALUES (10003, 'MANAGE_GROUP_FILTER_SUBSCRIPTIONS', 'jira-developers');
INSERT INTO globalpermissionentry (id, permission, group_id) VALUES (10004, 'CREATE_SHARED_OBJECTS', 'jira-users');
INSERT INTO globalpermissionentry (id, permission, group_id) VALUES (10005, 'BULK_CHANGE', 'jira-users');
INSERT INTO globalpermissionentry (id, permission, group_id) VALUES (10006, 'SYSTEM_ADMIN', 'jira-administrators');


--
-- Name: globalpermissionentry_id_seq; Type: SEQUENCE SET; Schema: public; Owner: jira
--

SELECT pg_catalog.setval('globalpermissionentry_id_seq', 10100, false);


--
-- Data for Name: groupbase; Type: TABLE DATA; Schema: public; Owner: jira
--



--
-- Name: groupbase_id_seq; Type: SEQUENCE SET; Schema: public; Owner: jira
--

SELECT pg_catalog.setval('groupbase_id_seq', 10000, false);


--
-- Data for Name: issue_field_option; Type: TABLE DATA; Schema: public; Owner: jira
--



--
-- Data for Name: issue_field_option_attr; Type: TABLE DATA; Schema: public; Owner: jira
--



--
-- Name: issue_field_option_attr_id_seq; Type: SEQUENCE SET; Schema: public; Owner: jira
--

SELECT pg_catalog.setval('issue_field_option_attr_id_seq', 10000, false);


--
-- Name: issue_field_option_id_seq; Type: SEQUENCE SET; Schema: public; Owner: jira
--

SELECT pg_catalog.setval('issue_field_option_id_seq', 10000, false);


--
-- Data for Name: issue_field_option_scope; Type: TABLE DATA; Schema: public; Owner: jira
--



--
-- Name: issue_field_option_scope_id_seq; Type: SEQUENCE SET; Schema: public; Owner: jira
--

SELECT pg_catalog.setval('issue_field_option_scope_id_seq', 10000, false);


--
-- Data for Name: issuelink; Type: TABLE DATA; Schema: public; Owner: jira
--



--
-- Name: issuelink_id_seq; Type: SEQUENCE SET; Schema: public; Owner: jira
--

SELECT pg_catalog.setval('issuelink_id_seq', 10000, false);


--
-- Data for Name: issuelinktype; Type: TABLE DATA; Schema: public; Owner: jira
--

INSERT INTO issuelinktype (id, linkname, inward, outward, pstyle) VALUES (10000, 'Blocks', 'is blocked by', 'blocks', NULL);
INSERT INTO issuelinktype (id, linkname, inward, outward, pstyle) VALUES (10001, 'Cloners', 'is cloned by', 'clones', NULL);
INSERT INTO issuelinktype (id, linkname, inward, outward, pstyle) VALUES (10002, 'Duplicate', 'is duplicated by', 'duplicates', NULL);
INSERT INTO issuelinktype (id, linkname, inward, outward, pstyle) VALUES (10003, 'Relates', 'relates to', 'relates to', NULL);
INSERT INTO issuelinktype (id, linkname, inward, outward, pstyle) VALUES (10100, 'jira_subtask_link', 'jira_subtask_inward', 'jira_subtask_outward', 'jira_subtask');
INSERT INTO issuelinktype (id, linkname, inward, outward, pstyle) VALUES (10200, 'Epic-Story Link', 'has Epic', 'is Epic of', 'jira_gh_epic_story');


--
-- Name: issuelinktype_id_seq; Type: SEQUENCE SET; Schema: public; Owner: jira
--

SELECT pg_catalog.setval('issuelinktype_id_seq', 10200, true);


--
-- Data for Name: issuesecurityscheme; Type: TABLE DATA; Schema: public; Owner: jira
--



--
-- Name: issuesecurityscheme_id_seq; Type: SEQUENCE SET; Schema: public; Owner: jira
--

SELECT pg_catalog.setval('issuesecurityscheme_id_seq', 10000, false);


--
-- Data for Name: issuestatus; Type: TABLE DATA; Schema: public; Owner: jira
--

INSERT INTO issuestatus (id, sequence, pname, description, iconurl, statuscategory) VALUES ('4', 4, 'Reopened', 'This issue was once resolved, but the resolution was deemed incorrect. From here issues are either marked assigned or resolved.', '/images/icons/statuses/reopened.png', 2);
INSERT INTO issuestatus (id, sequence, pname, description, iconurl, statuscategory) VALUES ('5', 5, 'Resolved', 'A resolution has been taken, and it is awaiting verification by reporter. From here issues are either reopened, or are closed.', '/images/icons/statuses/resolved.png', 3);
INSERT INTO issuestatus (id, sequence, pname, description, iconurl, statuscategory) VALUES ('6', 6, 'Closed', 'The issue is considered finished, the resolution is correct. Issues which are closed can be reopened.', '/images/icons/statuses/closed.png', 3);
INSERT INTO issuestatus (id, sequence, pname, description, iconurl, statuscategory) VALUES ('10000', 7, 'To Do', NULL, '/images/icons/status_generic.gif', 2);
INSERT INTO issuestatus (id, sequence, pname, description, iconurl, statuscategory) VALUES ('10001', 8, 'Done', NULL, '/images/icons/status_generic.gif', 3);
INSERT INTO issuestatus (id, sequence, pname, description, iconurl, statuscategory) VALUES ('1', 1, 'Open', 'The issue is open and ready for the assignee to start work on it.', '/images/icons/statuses/open.png', 2);
INSERT INTO issuestatus (id, sequence, pname, description, iconurl, statuscategory) VALUES ('3', 3, 'In Progress', 'This issue is being actively worked on at the moment by the assignee.', '/images/icons/statuses/inprogress.png', 4);


--
-- Name: issuestatus_id_seq; Type: SEQUENCE SET; Schema: public; Owner: jira
--

SELECT pg_catalog.setval('issuestatus_id_seq', 10100, false);


--
-- Data for Name: issuetype; Type: TABLE DATA; Schema: public; Owner: jira
--

INSERT INTO issuetype (id, sequence, pname, pstyle, description, iconurl, avatar, scope) VALUES ('10000', NULL, 'Task', '', 'A task that needs to be done.', NULL, 10318, NULL);
INSERT INTO issuetype (id, sequence, pname, pstyle, description, iconurl, avatar, scope) VALUES ('10001', NULL, 'Sub-task', 'jira_subtask', 'The sub-task of the issue', NULL, 10316, NULL);
INSERT INTO issuetype (id, sequence, pname, pstyle, description, iconurl, avatar, scope) VALUES ('10100', NULL, 'Epic', NULL, 'A big user story that needs to be broken down. Created by JIRA Software - do not edit or delete.', '/images/icons/issuetypes/epic.svg', NULL, NULL);


--
-- Name: issuetype_id_seq; Type: SEQUENCE SET; Schema: public; Owner: jira
--

SELECT pg_catalog.setval('issuetype_id_seq', 10100, true);


--
-- Data for Name: issuetypescreenscheme; Type: TABLE DATA; Schema: public; Owner: jira
--

INSERT INTO issuetypescreenscheme (id, name, description, scope) VALUES (1, 'Default Issue Type Screen Scheme', 'The default issue type screen scheme', NULL);
INSERT INTO issuetypescreenscheme (id, name, description, scope) VALUES (10000, 'HSP: Task Management Issue Type Screen Scheme', '', NULL);


--
-- Name: issuetypescreenscheme_id_seq; Type: SEQUENCE SET; Schema: public; Owner: jira
--

SELECT pg_catalog.setval('issuetypescreenscheme_id_seq', 10100, false);


--
-- Data for Name: issuetypescreenschemeentity; Type: TABLE DATA; Schema: public; Owner: jira
--

INSERT INTO issuetypescreenschemeentity (id, issuetype, scheme, fieldscreenscheme) VALUES (10000, NULL, 1, 1);
INSERT INTO issuetypescreenschemeentity (id, issuetype, scheme, fieldscreenscheme) VALUES (10100, NULL, 10000, 10000);


--
-- Name: issuetypescreenschemeentity_id_seq; Type: SEQUENCE SET; Schema: public; Owner: jira
--

SELECT pg_catalog.setval('issuetypescreenschemeentity_id_seq', 10200, false);


--
-- Data for Name: jiraaction; Type: TABLE DATA; Schema: public; Owner: jira
--



--
-- Name: jiraaction_id_seq; Type: SEQUENCE SET; Schema: public; Owner: jira
--

SELECT pg_catalog.setval('jiraaction_id_seq', 10000, false);


--
-- Data for Name: jiradraftworkflows; Type: TABLE DATA; Schema: public; Owner: jira
--



--
-- Name: jiradraftworkflows_id_seq; Type: SEQUENCE SET; Schema: public; Owner: jira
--

SELECT pg_catalog.setval('jiradraftworkflows_id_seq', 10000, false);


--
-- Data for Name: jiraeventtype; Type: TABLE DATA; Schema: public; Owner: jira
--

INSERT INTO jiraeventtype (id, template_id, name, description, event_type) VALUES (1, NULL, 'Issue Created', 'This is the ''issue created'' event.', 'jira.system.event.type');
INSERT INTO jiraeventtype (id, template_id, name, description, event_type) VALUES (2, NULL, 'Issue Updated', 'This is the ''issue updated'' event.', 'jira.system.event.type');
INSERT INTO jiraeventtype (id, template_id, name, description, event_type) VALUES (3, NULL, 'Issue Assigned', 'This is the ''issue assigned'' event.', 'jira.system.event.type');
INSERT INTO jiraeventtype (id, template_id, name, description, event_type) VALUES (4, NULL, 'Issue Resolved', 'This is the ''issue resolved'' event.', 'jira.system.event.type');
INSERT INTO jiraeventtype (id, template_id, name, description, event_type) VALUES (5, NULL, 'Issue Closed', 'This is the ''issue closed'' event.', 'jira.system.event.type');
INSERT INTO jiraeventtype (id, template_id, name, description, event_type) VALUES (6, NULL, 'Issue Commented', 'This is the ''issue commented'' event.', 'jira.system.event.type');
INSERT INTO jiraeventtype (id, template_id, name, description, event_type) VALUES (7, NULL, 'Issue Reopened', 'This is the ''issue reopened'' event.', 'jira.system.event.type');
INSERT INTO jiraeventtype (id, template_id, name, description, event_type) VALUES (8, NULL, 'Issue Deleted', 'This is the ''issue deleted'' event.', 'jira.system.event.type');
INSERT INTO jiraeventtype (id, template_id, name, description, event_type) VALUES (9, NULL, 'Issue Moved', 'This is the ''issue moved'' event.', 'jira.system.event.type');
INSERT INTO jiraeventtype (id, template_id, name, description, event_type) VALUES (10, NULL, 'Work Logged On Issue', 'This is the ''work logged on issue'' event.', 'jira.system.event.type');
INSERT INTO jiraeventtype (id, template_id, name, description, event_type) VALUES (11, NULL, 'Work Started On Issue', 'This is the ''work started on issue'' event.', 'jira.system.event.type');
INSERT INTO jiraeventtype (id, template_id, name, description, event_type) VALUES (12, NULL, 'Work Stopped On Issue', 'This is the ''work stopped on issue'' event.', 'jira.system.event.type');
INSERT INTO jiraeventtype (id, template_id, name, description, event_type) VALUES (13, NULL, 'Generic Event', 'This is the ''generic event'' event.', 'jira.system.event.type');
INSERT INTO jiraeventtype (id, template_id, name, description, event_type) VALUES (14, NULL, 'Issue Comment Edited', 'This is the ''issue comment edited'' event.', 'jira.system.event.type');
INSERT INTO jiraeventtype (id, template_id, name, description, event_type) VALUES (15, NULL, 'Issue Worklog Updated', 'This is the ''issue worklog updated'' event.', 'jira.system.event.type');
INSERT INTO jiraeventtype (id, template_id, name, description, event_type) VALUES (16, NULL, 'Issue Worklog Deleted', 'This is the ''issue worklog deleted'' event.', 'jira.system.event.type');
INSERT INTO jiraeventtype (id, template_id, name, description, event_type) VALUES (17, NULL, 'Issue Comment Deleted', 'This is the ''issue comment deleted'' event.', 'jira.system.event.type');


--
-- Name: jiraeventtype_id_seq; Type: SEQUENCE SET; Schema: public; Owner: jira
--

SELECT pg_catalog.setval('jiraeventtype_id_seq', 10000, false);


--
-- Data for Name: jiraissue; Type: TABLE DATA; Schema: public; Owner: jira
--

INSERT INTO jiraissue (id, pkey, issuenum, project, reporter, assignee, creator, issuetype, summary, description, environment, priority, resolution, issuestatus, created, updated, duedate, resolutiondate, votes, watches, timeoriginalestimate, timeestimate, timespent, workflow_id, security, fixfor, component) VALUES (10000, 'HSP', 1, 10000, 'admin', NULL, 'admin', '10000', 'I1', NULL, NULL, '3', NULL, '10000', '2017-02-17 11:13:01.93+00', '2017-02-17 11:13:02.343+00', NULL, NULL, 0, 1, NULL, NULL, NULL, 10000, NULL, NULL, NULL);
INSERT INTO jiraissue (id, pkey, issuenum, project, reporter, assignee, creator, issuetype, summary, description, environment, priority, resolution, issuestatus, created, updated, duedate, resolutiondate, votes, watches, timeoriginalestimate, timeestimate, timespent, workflow_id, security, fixfor, component) VALUES (10001, 'HSP', 2, 10000, 'admin', NULL, 'admin', '10000', 'I2', NULL, NULL, '3', NULL, '10000', '2017-02-17 11:13:10.819+00', '2017-02-17 11:13:10.819+00', NULL, NULL, 0, 1, NULL, NULL, NULL, 10001, NULL, NULL, NULL);
INSERT INTO jiraissue (id, pkey, issuenum, project, reporter, assignee, creator, issuetype, summary, description, environment, priority, resolution, issuestatus, created, updated, duedate, resolutiondate, votes, watches, timeoriginalestimate, timeestimate, timespent, workflow_id, security, fixfor, component) VALUES (10002, 'HSP', 3, 10000, 'admin', NULL, 'admin', '10000', 'I3', NULL, NULL, '3', NULL, '10000', '2017-02-17 11:13:28.921+00', '2017-02-17 11:13:28.921+00', NULL, NULL, 0, 1, NULL, NULL, NULL, 10002, NULL, NULL, NULL);
INSERT INTO jiraissue (id, pkey, issuenum, project, reporter, assignee, creator, issuetype, summary, description, environment, priority, resolution, issuestatus, created, updated, duedate, resolutiondate, votes, watches, timeoriginalestimate, timeestimate, timespent, workflow_id, security, fixfor, component) VALUES (10003, 'HSP', 4, 10000, 'admin', NULL, 'admin', '10000', 'I4', NULL, NULL, '3', NULL, '10000', '2017-02-17 11:13:33.095+00', '2017-02-17 11:13:33.095+00', NULL, NULL, 0, 1, NULL, NULL, NULL, 10003, NULL, NULL, NULL);
INSERT INTO jiraissue (id, pkey, issuenum, project, reporter, assignee, creator, issuetype, summary, description, environment, priority, resolution, issuestatus, created, updated, duedate, resolutiondate, votes, watches, timeoriginalestimate, timeestimate, timespent, workflow_id, security, fixfor, component) VALUES (10004, 'HSP', 5, 10000, 'admin', NULL, 'admin', '10000', 'I4', NULL, NULL, '3', NULL, '10000', '2017-02-17 11:14:10.245+00', '2017-02-17 11:14:10.245+00', NULL, NULL, 0, 1, NULL, NULL, NULL, 10004, NULL, NULL, NULL);
INSERT INTO jiraissue (id, pkey, issuenum, project, reporter, assignee, creator, issuetype, summary, description, environment, priority, resolution, issuestatus, created, updated, duedate, resolutiondate, votes, watches, timeoriginalestimate, timeestimate, timespent, workflow_id, security, fixfor, component) VALUES (10100, 'HSP', 6, 10000, 'admin', NULL, 'admin', '10000', 'I6', NULL, NULL, '3', NULL, '10000', '2017-02-17 11:50:25.342+00', '2017-02-17 11:50:25.342+00', NULL, NULL, 0, 1, NULL, NULL, NULL, 10100, NULL, NULL, NULL);
INSERT INTO jiraissue (id, pkey, issuenum, project, reporter, assignee, creator, issuetype, summary, description, environment, priority, resolution, issuestatus, created, updated, duedate, resolutiondate, votes, watches, timeoriginalestimate, timeestimate, timespent, workflow_id, security, fixfor, component) VALUES (10200, 'HSP', 7, 10000, 'admin', NULL, 'admin', '10000', 'HSP-7', NULL, NULL, '3', NULL, '10000', '2017-02-24 06:52:43.562+00', '2017-02-24 06:52:43.562+00', NULL, NULL, 0, 1, NULL, NULL, NULL, 10200, NULL, NULL, NULL);


--
-- Name: jiraissue_id_seq; Type: SEQUENCE SET; Schema: public; Owner: jira
--

SELECT pg_catalog.setval('jiraissue_id_seq', 10300, false);


--
-- Data for Name: jiraissuetokens; Type: TABLE DATA; Schema: public; Owner: jira
--



--
-- Data for Name: jiraperms; Type: TABLE DATA; Schema: public; Owner: jira
--



--
-- Name: jiraperms_id_seq; Type: SEQUENCE SET; Schema: public; Owner: jira
--

SELECT pg_catalog.setval('jiraperms_id_seq', 10000, false);


--
-- Data for Name: jiraworkflows; Type: TABLE DATA; Schema: public; Owner: jira
--

INSERT INTO jiraworkflows (id, workflowname, creatorname, descriptor, islocked, scope) VALUES (10100, 'HSP: Task Management Workflow', NULL, '<?xml version="1.0" encoding="UTF-8"?>
<!DOCTYPE workflow PUBLIC "-//OpenSymphony Group//DTD OSWorkflow 2.8//EN" "http://www.opensymphony.com/osworkflow/workflow_2_8.dtd">
<workflow>
  <meta name="jira.description">Task Management workflow</meta>
  <meta name="jira.update.author.key">admin</meta>
  <meta name="jira.updated.date">1487293833420</meta>
  <initial-actions>
    <action id="1" name="Create">
      <meta name="jira.i18n.submit">common.forms.create</meta>
      <meta name="jira.i18n.title">common.forms.create</meta>
      <validators>
        <validator name="" type="class">
          <arg name="permission">Create Issue</arg>
          <arg name="class.name">com.atlassian.jira.workflow.validator.PermissionValidator</arg>
        </validator>
      </validators>
      <results>
        <unconditional-result old-status="null" status="open" step="1">
          <post-functions>
            <function type="class">
              <arg name="class.name">com.atlassian.jira.workflow.function.issue.IssueCreateFunction</arg>
            </function>
            <function type="class">
              <arg name="class.name">com.atlassian.jira.workflow.function.issue.IssueReindexFunction</arg>
            </function>
            <function type="class">
              <arg name="eventTypeId">1</arg>
              <arg name="class.name">com.atlassian.jira.workflow.function.event.FireIssueEventFunction</arg>
            </function>
          </post-functions>
        </unconditional-result>
      </results>
    </action>
  </initial-actions>
  <steps>
    <step id="1" name="To Do">
      <meta name="jira.status.id">10000</meta>
      <actions>
        <action id="21" name="Done">
          <meta name="jira.i18n.submit">jira.issuetracking.simple.workflow.action.done.name</meta>
          <meta name="jira.description"></meta>
          <meta name="jira.i18n.title">jira.issuetracking.simple.workflow.action.done.name</meta>
          <meta name="jira.fieldscreen.id"></meta>
          <restrict-to>
            <conditions type="AND">
              <condition type="class">
                <arg name="permission">RESOLVE_ISSUES</arg>
                <arg name="class.name">com.atlassian.jira.workflow.condition.PermissionCondition</arg>
              </condition>
              <condition type="class">
                <arg name="permission">RESOLVE_ISSUES</arg>
                <arg name="class.name">com.atlassian.jira.workflow.condition.PermissionCondition</arg>
              </condition>
            </conditions>
          </restrict-to>
          <results>
            <unconditional-result old-status="Not Done" status="Done" step="3">
              <post-functions>
                <function type="class">
                  <arg name="field.name">resolution</arg>
                  <arg name="field.value">10000</arg>
                  <arg name="class.name">com.atlassian.jira.workflow.function.issue.UpdateIssueFieldFunction</arg>
                </function>
                <function type="class">
                  <arg name="full.module.key">com.atlassian.jira.plugin.system.workflowupdateissuestatus-function</arg>
                  <arg name="class.name">com.atlassian.jira.workflow.function.issue.UpdateIssueStatusFunction</arg>
                </function>
                <function type="class">
                  <arg name="full.module.key">com.atlassian.jira.plugin.system.workflowcreatecomment-function</arg>
                  <arg name="class.name">com.atlassian.jira.workflow.function.misc.CreateCommentFunction</arg>
                </function>
                <function type="class">
                  <arg name="full.module.key">com.atlassian.jira.plugin.system.workflowgeneratechangehistory-function</arg>
                  <arg name="class.name">com.atlassian.jira.workflow.function.issue.GenerateChangeHistoryFunction</arg>
                </function>
                <function type="class">
                  <arg name="full.module.key">com.atlassian.jira.plugin.system.workflowreindexissue-function</arg>
                  <arg name="class.name">com.atlassian.jira.workflow.function.issue.IssueReindexFunction</arg>
                </function>
                <function type="class">
                  <arg name="eventTypeId">13</arg>
                  <arg name="full.module.key">com.atlassian.jira.plugin.system.workflowfireevent-function</arg>
                  <arg name="class.name">com.atlassian.jira.workflow.function.event.FireIssueEventFunction</arg>
                </function>
              </post-functions>
            </unconditional-result>
          </results>
        </action>
      </actions>
    </step>
    <step id="3" name="Done">
      <meta name="jira.status.id">10001</meta>
      <actions>
        <action id="51" name="Reopen">
          <meta name="jira.i18n.submit">jira.issuetracking.simple.workflow.action.reopen.name</meta>
          <meta name="jira.description"></meta>
          <meta name="jira.i18n.title">jira.issuetracking.simple.workflow.action.reopen.name</meta>
          <restrict-to>
            <conditions type="AND">
              <condition type="class">
                <arg name="permission">RESOLVE_ISSUES</arg>
                <arg name="class.name">com.atlassian.jira.workflow.condition.PermissionCondition</arg>
              </condition>
              <condition type="class">
                <arg name="permission">RESOLVE_ISSUES</arg>
                <arg name="class.name">com.atlassian.jira.workflow.condition.PermissionCondition</arg>
              </condition>
            </conditions>
          </restrict-to>
          <results>
            <unconditional-result old-status="Not Done" status="Done" step="1">
              <post-functions>
                <function type="class">
                  <arg name="field.name">resolution</arg>
                  <arg name="field.value"></arg>
                  <arg name="class.name">com.atlassian.jira.workflow.function.issue.UpdateIssueFieldFunction</arg>
                </function>
                <function type="class">
                  <arg name="full.module.key">com.atlassian.jira.plugin.system.workflowupdateissuestatus-function</arg>
                  <arg name="class.name">com.atlassian.jira.workflow.function.issue.UpdateIssueStatusFunction</arg>
                </function>
                <function type="class">
                  <arg name="full.module.key">com.atlassian.jira.plugin.system.workflowcreatecomment-function</arg>
                  <arg name="class.name">com.atlassian.jira.workflow.function.misc.CreateCommentFunction</arg>
                </function>
                <function type="class">
                  <arg name="full.module.key">com.atlassian.jira.plugin.system.workflowgeneratechangehistory-function</arg>
                  <arg name="class.name">com.atlassian.jira.workflow.function.issue.GenerateChangeHistoryFunction</arg>
                </function>
                <function type="class">
                  <arg name="full.module.key">com.atlassian.jira.plugin.system.workflowreindexissue-function</arg>
                  <arg name="class.name">com.atlassian.jira.workflow.function.issue.IssueReindexFunction</arg>
                </function>
                <function type="class">
                  <arg name="eventTypeId">13</arg>
                  <arg name="full.module.key">com.atlassian.jira.plugin.system.workflowfireevent-function</arg>
                  <arg name="class.name">com.atlassian.jira.workflow.function.event.FireIssueEventFunction</arg>
                </function>
              </post-functions>
            </unconditional-result>
          </results>
        </action>
      </actions>
    </step>
  </steps>
</workflow>
', NULL, NULL);
INSERT INTO jiraworkflows (id, workflowname, creatorname, descriptor, islocked, scope) VALUES (10000, 'classic default workflow', NULL, '<?xml version="1.0" encoding="UTF-8"?>
<!DOCTYPE workflow PUBLIC "-//OpenSymphony Group//DTD OSWorkflow 2.8//EN" "http://www.opensymphony.com/osworkflow/workflow_2_8.dtd">
<workflow>
  <meta name="jira.description">The classic JIRA default workflow</meta>
  <initial-actions>
    <action id="1" name="Create Issue">
      <meta name="opsbar-sequence">0</meta>
      <meta name="jira.i18n.title">common.forms.create</meta>
      <validators>
        <validator name="" type="class">
          <arg name="class.name">com.atlassian.jira.workflow.validator.PermissionValidator</arg>
          <arg name="permission">Create Issue</arg>
        </validator>
      </validators>
      <results>
        <unconditional-result old-status="Finished" status="Open" step="1">
          <post-functions>
            <function type="class">
              <arg name="class.name">com.atlassian.jira.workflow.function.issue.IssueCreateFunction</arg>
            </function>
            <function type="class">
              <arg name="class.name">com.atlassian.jira.workflow.function.event.FireIssueEventFunction</arg>
              <arg name="eventTypeId">1</arg>
            </function>
          </post-functions>
        </unconditional-result>
      </results>
    </action>
  </initial-actions>
  <common-actions>
    <action id="2" name="Close Issue" view="resolveissue">
      <meta name="opsbar-sequence">60</meta>
      <meta name="jira.i18n.submit">closeissue.close</meta>
      <meta name="jira.i18n.description">closeissue.desc</meta>
      <meta name="jira.i18n.title">closeissue.title</meta>
      <restrict-to>
        <conditions type="AND">
          <condition type="class">
            <arg name="class.name">com.atlassian.jira.workflow.condition.PermissionCondition</arg>
            <arg name="permission">Resolve Issue</arg>
          </condition>
          <condition type="class">
            <arg name="class.name">com.atlassian.jira.workflow.condition.PermissionCondition</arg>
            <arg name="permission">Close Issue</arg>
          </condition>
        </conditions>
      </restrict-to>
      <results>
        <unconditional-result old-status="Finished" status="Closed" step="6">
          <post-functions>
            <function type="class">
              <arg name="class.name">com.atlassian.jira.workflow.function.issue.UpdateIssueStatusFunction</arg>
            </function>
            <function type="class">
              <arg name="class.name">com.atlassian.jira.workflow.function.misc.CreateCommentFunction</arg>
            </function>
            <function type="class">
              <arg name="class.name">com.atlassian.jira.workflow.function.issue.GenerateChangeHistoryFunction</arg>
            </function>
            <function type="class">
              <arg name="class.name">com.atlassian.jira.workflow.function.issue.IssueReindexFunction</arg>
            </function>
            <function type="class">
              <arg name="class.name">com.atlassian.jira.workflow.function.event.FireIssueEventFunction</arg>
              <arg name="eventTypeId">5</arg>
            </function>
          </post-functions>
        </unconditional-result>
      </results>
    </action>
    <action id="3" name="Reopen Issue" view="commentassign">
      <meta name="opsbar-sequence">80</meta>
      <meta name="jira.i18n.submit">issue.operations.reopen.issue</meta>
      <meta name="jira.i18n.description">issue.operations.reopen.description</meta>
      <meta name="jira.i18n.title">issue.operations.reopen.issue</meta>
      <restrict-to>
        <conditions>
          <condition type="class">
            <arg name="class.name">com.atlassian.jira.workflow.condition.PermissionCondition</arg>
            <arg name="permission">Resolve Issue</arg>
          </condition>
        </conditions>
      </restrict-to>
      <results>
        <unconditional-result old-status="Finished" status="Reopened" step="5">
          <post-functions>
            <function type="class">
              <arg name="class.name">com.atlassian.jira.workflow.function.issue.UpdateIssueFieldFunction</arg>
              <arg name="field.value"></arg>
              <arg name="field.name">resolution</arg>
            </function>
            <function type="class">
              <arg name="class.name">com.atlassian.jira.workflow.function.issue.UpdateIssueStatusFunction</arg>
            </function>
            <function type="class">
              <arg name="class.name">com.atlassian.jira.workflow.function.misc.CreateCommentFunction</arg>
            </function>
            <function type="class">
              <arg name="class.name">com.atlassian.jira.workflow.function.issue.GenerateChangeHistoryFunction</arg>
            </function>
            <function type="class">
              <arg name="class.name">com.atlassian.jira.workflow.function.issue.IssueReindexFunction</arg>
            </function>
            <function type="class">
              <arg name="class.name">com.atlassian.jira.workflow.function.event.FireIssueEventFunction</arg>
              <arg name="eventTypeId">7</arg>
            </function>
          </post-functions>
        </unconditional-result>
      </results>
    </action>
    <action id="4" name="Start Progress">
      <meta name="opsbar-sequence">20</meta>
      <meta name="jira.i18n.title">startprogress.title</meta>
      <restrict-to>
        <conditions>
          <condition type="class">
            <arg name="class.name">com.atlassian.jira.workflow.condition.AllowOnlyAssignee</arg>
          </condition>
        </conditions>
      </restrict-to>
      <results>
        <unconditional-result old-status="Finished" status="Underway" step="3">
          <post-functions>
            <function type="class">
              <arg name="class.name">com.atlassian.jira.workflow.function.issue.UpdateIssueFieldFunction</arg>
              <arg name="field.value"></arg>
              <arg name="field.name">resolution</arg>
            </function>
            <function type="class">
              <arg name="class.name">com.atlassian.jira.workflow.function.issue.UpdateIssueStatusFunction</arg>
            </function>
            <function type="class">
              <arg name="class.name">com.atlassian.jira.workflow.function.misc.CreateCommentFunction</arg>
            </function>
            <function type="class">
              <arg name="class.name">com.atlassian.jira.workflow.function.issue.GenerateChangeHistoryFunction</arg>
            </function>
            <function type="class">
              <arg name="class.name">com.atlassian.jira.workflow.function.issue.IssueReindexFunction</arg>
            </function>
            <function type="class">
              <arg name="class.name">com.atlassian.jira.workflow.function.event.FireIssueEventFunction</arg>
              <arg name="eventTypeId">11</arg>
            </function>
          </post-functions>
        </unconditional-result>
      </results>
    </action>
    <action id="5" name="Resolve Issue" view="resolveissue">
      <meta name="opsbar-sequence">40</meta>
      <meta name="jira.i18n.submit">resolveissue.resolve</meta>
      <meta name="jira.i18n.description">resolveissue.desc.line1</meta>
      <meta name="jira.i18n.title">resolveissue.title</meta>
      <restrict-to>
        <conditions>
          <condition type="class">
            <arg name="class.name">com.atlassian.jira.workflow.condition.PermissionCondition</arg>
            <arg name="permission">Resolve Issue</arg>
          </condition>
        </conditions>
      </restrict-to>
      <results>
        <unconditional-result old-status="Finished" status="Resolved" step="4">
          <post-functions>
            <function type="class">
              <arg name="class.name">com.atlassian.jira.workflow.function.issue.UpdateIssueStatusFunction</arg>
            </function>
            <function type="class">
              <arg name="class.name">com.atlassian.jira.workflow.function.misc.CreateCommentFunction</arg>
            </function>
            <function type="class">
              <arg name="class.name">com.atlassian.jira.workflow.function.issue.GenerateChangeHistoryFunction</arg>
            </function>
            <function type="class">
              <arg name="class.name">com.atlassian.jira.workflow.function.issue.IssueReindexFunction</arg>
            </function>
            <function type="class">
              <arg name="class.name">com.atlassian.jira.workflow.function.event.FireIssueEventFunction</arg>
              <arg name="eventTypeId">4</arg>
            </function>
          </post-functions>
        </unconditional-result>
      </results>
    </action>
  </common-actions>
  <steps>
    <step id="1" name="Open">
      <meta name="jira.status.id">1</meta>
      <actions>
<common-action id="4" />
<common-action id="5" />
<common-action id="2" />
      </actions>
    </step>
    <step id="3" name="In Progress">
      <meta name="jira.status.id">3</meta>
      <actions>
<common-action id="5" />
<common-action id="2" />
        <action id="301" name="Stop Progress">
          <meta name="opsbar-sequence">20</meta>
          <meta name="jira.i18n.title">stopprogress.title</meta>
          <restrict-to>
            <conditions>
              <condition type="class">
                <arg name="class.name">com.atlassian.jira.workflow.condition.AllowOnlyAssignee</arg>
              </condition>
            </conditions>
          </restrict-to>
          <results>
            <unconditional-result old-status="Finished" status="Assigned" step="1">
              <post-functions>
                <function type="class">
                  <arg name="class.name">com.atlassian.jira.workflow.function.issue.UpdateIssueFieldFunction</arg>
                  <arg name="field.value"></arg>
                  <arg name="field.name">resolution</arg>
                </function>
                <function type="class">
                  <arg name="class.name">com.atlassian.jira.workflow.function.issue.UpdateIssueStatusFunction</arg>
                </function>
                <function type="class">
                  <arg name="class.name">com.atlassian.jira.workflow.function.misc.CreateCommentFunction</arg>
                </function>
                <function type="class">
                  <arg name="class.name">com.atlassian.jira.workflow.function.issue.GenerateChangeHistoryFunction</arg>
                </function>
                <function type="class">
                  <arg name="class.name">com.atlassian.jira.workflow.function.issue.IssueReindexFunction</arg>
                </function>
                <function type="class">
                  <arg name="class.name">com.atlassian.jira.workflow.function.event.FireIssueEventFunction</arg>
                  <arg name="eventTypeId">12</arg>
                </function>
              </post-functions>
            </unconditional-result>
          </results>
        </action>
      </actions>
    </step>
    <step id="4" name="Resolved">
      <meta name="jira.status.id">5</meta>
      <actions>
<common-action id="3" />
        <action id="701" name="Close Issue" view="commentassign">
          <meta name="opsbar-sequence">60</meta>
          <meta name="jira.i18n.submit">closeissue.close</meta>
          <meta name="jira.i18n.description">closeissue.desc</meta>
          <meta name="jira.i18n.title">closeissue.title</meta>
          <meta name="jira.description">Closing an issue indicates there is no more work to be done on it, and it has been verified as complete.</meta>
          <restrict-to>
            <conditions>
              <condition type="class">
                <arg name="class.name">com.atlassian.jira.workflow.condition.PermissionCondition</arg>
                <arg name="permission">Close Issue</arg>
              </condition>
            </conditions>
          </restrict-to>
          <results>
            <unconditional-result old-status="Finished" status="Closed" step="6">
              <post-functions>
                <function type="class">
                  <arg name="class.name">com.atlassian.jira.workflow.function.issue.UpdateIssueStatusFunction</arg>
                </function>
                <function type="class">
                  <arg name="class.name">com.atlassian.jira.workflow.function.misc.CreateCommentFunction</arg>
                </function>
                <function type="class">
                  <arg name="class.name">com.atlassian.jira.workflow.function.issue.GenerateChangeHistoryFunction</arg>
                </function>
                <function type="class">
                  <arg name="class.name">com.atlassian.jira.workflow.function.issue.IssueReindexFunction</arg>
                </function>
                <function type="class">
                  <arg name="class.name">com.atlassian.jira.workflow.function.event.FireIssueEventFunction</arg>
                  <arg name="eventTypeId">5</arg>
                </function>
              </post-functions>
            </unconditional-result>
          </results>
        </action>
      </actions>
    </step>
    <step id="5" name="Reopened">
      <meta name="jira.status.id">4</meta>
      <actions>
<common-action id="5" />
<common-action id="2" />
<common-action id="4" />
      </actions>
    </step>
    <step id="6" name="Closed">
      <meta name="jira.status.id">6</meta>
      <meta name="jira.issue.editable">false</meta>
      <actions>
<common-action id="3" />
      </actions>
    </step>
  </steps>
</workflow>
', NULL, NULL);


--
-- Name: jiraworkflows_id_seq; Type: SEQUENCE SET; Schema: public; Owner: jira
--

SELECT pg_catalog.setval('jiraworkflows_id_seq', 10200, false);


--
-- Data for Name: jiraworkflowstatuses; Type: TABLE DATA; Schema: public; Owner: jira
--

INSERT INTO jiraworkflowstatuses (id, status, parentname) VALUES (10000, '10000', 'HSP: Task Management Workflow');
INSERT INTO jiraworkflowstatuses (id, status, parentname) VALUES (10001, '10001', 'HSP: Task Management Workflow');
INSERT INTO jiraworkflowstatuses (id, status, parentname) VALUES (10002, '1', 'classic default workflow');
INSERT INTO jiraworkflowstatuses (id, status, parentname) VALUES (10003, '3', 'classic default workflow');
INSERT INTO jiraworkflowstatuses (id, status, parentname) VALUES (10004, '5', 'classic default workflow');
INSERT INTO jiraworkflowstatuses (id, status, parentname) VALUES (10005, '4', 'classic default workflow');
INSERT INTO jiraworkflowstatuses (id, status, parentname) VALUES (10006, '6', 'classic default workflow');


--
-- Name: jiraworkflowstatuses_id_seq; Type: SEQUENCE SET; Schema: public; Owner: jira
--

SELECT pg_catalog.setval('jiraworkflowstatuses_id_seq', 10006, true);


--
-- Data for Name: jquartz_blob_triggers; Type: TABLE DATA; Schema: public; Owner: jira
--



--
-- Data for Name: jquartz_calendars; Type: TABLE DATA; Schema: public; Owner: jira
--



--
-- Data for Name: jquartz_cron_triggers; Type: TABLE DATA; Schema: public; Owner: jira
--

INSERT INTO jquartz_cron_triggers (sched_name, trigger_name, trigger_group, cron_expression, time_zone_id) VALUES (NULL, 'com.atlassian.jira.service.JiraService:10002', 'SchedulerServiceTriggers', '0 0 10 * * ?', 'Australia/Sydney');
INSERT INTO jquartz_cron_triggers (sched_name, trigger_name, trigger_group, cron_expression, time_zone_id) VALUES (NULL, 'com.atlassian.jira.service.JiraService:10001', 'SchedulerServiceTriggers', '0 55 1/12 * * ?', 'Australia/Sydney');


--
-- Data for Name: jquartz_fired_triggers; Type: TABLE DATA; Schema: public; Owner: jira
--



--
-- Data for Name: jquartz_job_details; Type: TABLE DATA; Schema: public; Owner: jira
--

INSERT INTO jquartz_job_details (sched_name, job_name, job_group, description, job_class_name, is_durable, is_volatile, is_stateful, is_nonconcurrent, is_update_data, requests_recovery, job_data) VALUES (NULL, 'CompatibilityPluginScheduler.JobRunnerKey.PluginRequestCheckJob-job-handler', 'SchedulerServiceJobs', NULL, 'com.atlassian.scheduler.quartz1.Quartz1Job', false, false, false, NULL, NULL, false, '\xaced0005737200156f72672e71756172747a2e4a6f62446174614d61709fb083e8bfa9b0cb020000787200266f72672e71756172747a2e7574696c732e537472696e674b65794469727479466c61674d61708208e8c3fbc55d280200015a0013616c6c6f77735472616e7369656e74446174617872001d6f72672e71756172747a2e7574696c732e4469727479466c61674d617013e62ead28760ace0200025a000564697274794c00036d617074000f4c6a6176612f7574696c2f4d61703b787000737200116a6176612e7574696c2e486173684d61700507dac1c31660d103000246000a6c6f6164466163746f724900097468726573686f6c6478703f40000000000010770800000010000000007800');
INSERT INTO jquartz_job_details (sched_name, job_name, job_group, description, job_class_name, is_durable, is_volatile, is_stateful, is_nonconcurrent, is_update_data, requests_recovery, job_data) VALUES (NULL, 'CompatibilityPluginScheduler.JobRunnerKey.PluginUpdateCheckJob-job-handler', 'SchedulerServiceJobs', NULL, 'com.atlassian.scheduler.quartz1.Quartz1Job', false, false, false, NULL, NULL, false, '\xaced0005737200156f72672e71756172747a2e4a6f62446174614d61709fb083e8bfa9b0cb020000787200266f72672e71756172747a2e7574696c732e537472696e674b65794469727479466c61674d61708208e8c3fbc55d280200015a0013616c6c6f77735472616e7369656e74446174617872001d6f72672e71756172747a2e7574696c732e4469727479466c61674d617013e62ead28760ace0200025a000564697274794c00036d617074000f4c6a6176612f7574696c2f4d61703b787000737200116a6176612e7574696c2e486173684d61700507dac1c31660d103000246000a6c6f6164466163746f724900097468726573686f6c6478703f40000000000010770800000010000000007800');
INSERT INTO jquartz_job_details (sched_name, job_name, job_group, description, job_class_name, is_durable, is_volatile, is_stateful, is_nonconcurrent, is_update_data, requests_recovery, job_data) VALUES (NULL, 'CompatibilityPluginScheduler.JobRunnerKey.InstanceTopologyJob-job-handler', 'SchedulerServiceJobs', NULL, 'com.atlassian.scheduler.quartz1.Quartz1Job', false, false, false, NULL, NULL, false, '\xaced0005737200156f72672e71756172747a2e4a6f62446174614d61709fb083e8bfa9b0cb020000787200266f72672e71756172747a2e7574696c732e537472696e674b65794469727479466c61674d61708208e8c3fbc55d280200015a0013616c6c6f77735472616e7369656e74446174617872001d6f72672e71756172747a2e7574696c732e4469727479466c61674d617013e62ead28760ace0200025a000564697274794c00036d617074000f4c6a6176612f7574696c2f4d61703b787000737200116a6176612e7574696c2e486173684d61700507dac1c31660d103000246000a6c6f6164466163746f724900097468726573686f6c6478703f40000000000010770800000010000000007800');
INSERT INTO jquartz_job_details (sched_name, job_name, job_group, description, job_class_name, is_durable, is_volatile, is_stateful, is_nonconcurrent, is_update_data, requests_recovery, job_data) VALUES (NULL, 'com.atlassian.jira.service.DefaultServiceManager', 'SchedulerServiceJobs', NULL, 'com.atlassian.scheduler.quartz1.Quartz1Job', false, false, false, NULL, NULL, false, '\xaced0005737200156f72672e71756172747a2e4a6f62446174614d61709fb083e8bfa9b0cb020000787200266f72672e71756172747a2e7574696c732e537472696e674b65794469727479466c61674d61708208e8c3fbc55d280200015a0013616c6c6f77735472616e7369656e74446174617872001d6f72672e71756172747a2e7574696c732e4469727479466c61674d617013e62ead28760ace0200025a000564697274794c00036d617074000f4c6a6176612f7574696c2f4d61703b787000737200116a6176612e7574696c2e486173684d61700507dac1c31660d103000246000a6c6f6164466163746f724900097468726573686f6c6478703f40000000000010770800000010000000007800');
INSERT INTO jquartz_job_details (sched_name, job_name, job_group, description, job_class_name, is_durable, is_volatile, is_stateful, is_nonconcurrent, is_update_data, requests_recovery, job_data) VALUES (NULL, 'CompatibilityPluginScheduler.JobRunnerKey.Service Provider Session Remover', 'SchedulerServiceJobs', NULL, 'com.atlassian.scheduler.quartz1.Quartz1Job', false, false, false, NULL, NULL, false, '\xaced0005737200156f72672e71756172747a2e4a6f62446174614d61709fb083e8bfa9b0cb020000787200266f72672e71756172747a2e7574696c732e537472696e674b65794469727479466c61674d61708208e8c3fbc55d280200015a0013616c6c6f77735472616e7369656e74446174617872001d6f72672e71756172747a2e7574696c732e4469727479466c61674d617013e62ead28760ace0200025a000564697274794c00036d617074000f4c6a6176612f7574696c2f4d61703b787000737200116a6176612e7574696c2e486173684d61700507dac1c31660d103000246000a6c6f6164466163746f724900097468726573686f6c6478703f40000000000010770800000010000000007800');
INSERT INTO jquartz_job_details (sched_name, job_name, job_group, description, job_class_name, is_durable, is_volatile, is_stateful, is_nonconcurrent, is_update_data, requests_recovery, job_data) VALUES (NULL, 'CompatibilityPluginScheduler.JobRunnerKey.LocalPluginLicenseNotificationJob-job-handler', 'SchedulerServiceJobs', NULL, 'com.atlassian.scheduler.quartz1.Quartz1Job', false, false, false, NULL, NULL, false, '\xaced0005737200156f72672e71756172747a2e4a6f62446174614d61709fb083e8bfa9b0cb020000787200266f72672e71756172747a2e7574696c732e537472696e674b65794469727479466c61674d61708208e8c3fbc55d280200015a0013616c6c6f77735472616e7369656e74446174617872001d6f72672e71756172747a2e7574696c732e4469727479466c61674d617013e62ead28760ace0200025a000564697274794c00036d617074000f4c6a6176612f7574696c2f4d61703b787000737200116a6176612e7574696c2e486173684d61700507dac1c31660d103000246000a6c6f6164466163746f724900097468726573686f6c6478703f40000000000010770800000010000000007800');
INSERT INTO jquartz_job_details (sched_name, job_name, job_group, description, job_class_name, is_durable, is_volatile, is_stateful, is_nonconcurrent, is_update_data, requests_recovery, job_data) VALUES (NULL, 'CompatibilityPluginScheduler.JobRunnerKey.RemotePluginLicenseNotificationJob-job-handler', 'SchedulerServiceJobs', NULL, 'com.atlassian.scheduler.quartz1.Quartz1Job', false, false, false, NULL, NULL, false, '\xaced0005737200156f72672e71756172747a2e4a6f62446174614d61709fb083e8bfa9b0cb020000787200266f72672e71756172747a2e7574696c732e537472696e674b65794469727479466c61674d61708208e8c3fbc55d280200015a0013616c6c6f77735472616e7369656e74446174617872001d6f72672e71756172747a2e7574696c732e4469727479466c61674d617013e62ead28760ace0200025a000564697274794c00036d617074000f4c6a6176612f7574696c2f4d61703b787000737200116a6176612e7574696c2e486173684d61700507dac1c31660d103000246000a6c6f6164466163746f724900097468726573686f6c6478703f40000000000010770800000010000000007800');


--
-- Data for Name: jquartz_job_listeners; Type: TABLE DATA; Schema: public; Owner: jira
--



--
-- Data for Name: jquartz_locks; Type: TABLE DATA; Schema: public; Owner: jira
--

INSERT INTO jquartz_locks (sched_name, lock_name) VALUES (NULL, 'TRIGGER_ACCESS');
INSERT INTO jquartz_locks (sched_name, lock_name) VALUES (NULL, 'JOB_ACCESS');
INSERT INTO jquartz_locks (sched_name, lock_name) VALUES (NULL, 'CALENDAR_ACCESS');
INSERT INTO jquartz_locks (sched_name, lock_name) VALUES (NULL, 'STATE_ACCESS');
INSERT INTO jquartz_locks (sched_name, lock_name) VALUES (NULL, 'MISFIRE_ACCESS');


--
-- Data for Name: jquartz_paused_trigger_grps; Type: TABLE DATA; Schema: public; Owner: jira
--



--
-- Data for Name: jquartz_scheduler_state; Type: TABLE DATA; Schema: public; Owner: jira
--



--
-- Data for Name: jquartz_simple_triggers; Type: TABLE DATA; Schema: public; Owner: jira
--

INSERT INTO jquartz_simple_triggers (sched_name, trigger_name, trigger_group, repeat_count, repeat_interval, times_triggered) VALUES (NULL, 'CompatibilityPluginScheduler.JobId.Service Provider Session Remover', 'SchedulerServiceTriggers', -1, 28800000, 0);
INSERT INTO jquartz_simple_triggers (sched_name, trigger_name, trigger_group, repeat_count, repeat_interval, times_triggered) VALUES (NULL, 'CompatibilityPluginScheduler.JobId.LocalPluginLicenseNotificationJob-job', 'SchedulerServiceTriggers', -1, 86400000, 0);
INSERT INTO jquartz_simple_triggers (sched_name, trigger_name, trigger_group, repeat_count, repeat_interval, times_triggered) VALUES (NULL, 'CompatibilityPluginScheduler.JobId.RemotePluginLicenseNotificationJob-job', 'SchedulerServiceTriggers', -1, 86400000, 0);
INSERT INTO jquartz_simple_triggers (sched_name, trigger_name, trigger_group, repeat_count, repeat_interval, times_triggered) VALUES (NULL, 'CompatibilityPluginScheduler.JobId.PluginRequestCheckJob-job', 'SchedulerServiceTriggers', -1, 3600000, 0);
INSERT INTO jquartz_simple_triggers (sched_name, trigger_name, trigger_group, repeat_count, repeat_interval, times_triggered) VALUES (NULL, 'CompatibilityPluginScheduler.JobId.PluginUpdateCheckJob-job', 'SchedulerServiceTriggers', -1, 86400000, 0);
INSERT INTO jquartz_simple_triggers (sched_name, trigger_name, trigger_group, repeat_count, repeat_interval, times_triggered) VALUES (NULL, 'CompatibilityPluginScheduler.JobId.InstanceTopologyJob-job', 'SchedulerServiceTriggers', -1, 86400000, 0);


--
-- Data for Name: jquartz_simprop_triggers; Type: TABLE DATA; Schema: public; Owner: jira
--



--
-- Data for Name: jquartz_trigger_listeners; Type: TABLE DATA; Schema: public; Owner: jira
--



--
-- Data for Name: jquartz_triggers; Type: TABLE DATA; Schema: public; Owner: jira
--

INSERT INTO jquartz_triggers (sched_name, trigger_name, trigger_group, job_name, job_group, is_volatile, description, next_fire_time, prev_fire_time, priority, trigger_state, trigger_type, start_time, end_time, calendar_name, misfire_instr, job_data) VALUES (NULL, 'com.atlassian.jira.service.JiraService:10002', 'SchedulerServiceTriggers', 'com.atlassian.jira.service.DefaultServiceManager', 'SchedulerServiceJobs', false, NULL, 1439424000000, -1, 5, 'WAITING', 'CRON', 1439351505000, 0, NULL, 0, '\xaced0005737200156f72672e71756172747a2e4a6f62446174614d61709fb083e8bfa9b0cb020000787200266f72672e71756172747a2e7574696c732e537472696e674b65794469727479466c61674d61708208e8c3fbc55d280200015a0013616c6c6f77735472616e7369656e74446174617872001d6f72672e71756172747a2e7574696c732e4469727479466c61674d617013e62ead28760ace0200025a000564697274794c00036d617074000f4c6a6176612f7574696c2f4d61703b787001737200116a6176612e7574696c2e486173684d61700507dac1c31660d103000246000a6c6f6164466163746f724900097468726573686f6c6478703f4000000000000c7708000000100000000174000a706172616d6574657273757200025b42acf317f8060854e0020000787000000171aced000573720037636f6d2e676f6f676c652e636f6d6d6f6e2e636f6c6c6563742e496d6d757461626c6542694d61702453657269616c697a6564466f726d000000000000000002000078720035636f6d2e676f6f676c652e636f6d6d6f6e2e636f6c6c6563742e496d6d757461626c654d61702453657269616c697a6564466f726d00000000000000000200025b00046b6579737400135b4c6a6176612f6c616e672f4f626a6563743b5b000676616c75657371007e00027870757200135b4c6a6176612e6c616e672e4f626a6563743b90ce589f1073296c020000787000000001740033636f6d2e61746c61737369616e2e6a6972612e736572766963652e536572766963654d616e616765723a7365727669636549647571007e0004000000017372000e6a6176612e6c616e672e4c6f6e673b8be490cc8f23df0200014a000576616c7565787200106a6176612e6c616e672e4e756d62657286ac951d0b94e08b020000787000000000000027127800');
INSERT INTO jquartz_triggers (sched_name, trigger_name, trigger_group, job_name, job_group, is_volatile, description, next_fire_time, prev_fire_time, priority, trigger_state, trigger_type, start_time, end_time, calendar_name, misfire_instr, job_data) VALUES (NULL, 'com.atlassian.jira.service.JiraService:10001', 'SchedulerServiceTriggers', 'com.atlassian.jira.service.DefaultServiceManager', 'SchedulerServiceJobs', false, NULL, 1439394900000, -1, 5, 'WAITING', 'CRON', 1439352323000, 0, NULL, 0, '\xaced0005737200156f72672e71756172747a2e4a6f62446174614d61709fb083e8bfa9b0cb020000787200266f72672e71756172747a2e7574696c732e537472696e674b65794469727479466c61674d61708208e8c3fbc55d280200015a0013616c6c6f77735472616e7369656e74446174617872001d6f72672e71756172747a2e7574696c732e4469727479466c61674d617013e62ead28760ace0200025a000564697274794c00036d617074000f4c6a6176612f7574696c2f4d61703b787001737200116a6176612e7574696c2e486173684d61700507dac1c31660d103000246000a6c6f6164466163746f724900097468726573686f6c6478703f4000000000000c7708000000100000000174000a706172616d6574657273757200025b42acf317f8060854e0020000787000000171aced000573720037636f6d2e676f6f676c652e636f6d6d6f6e2e636f6c6c6563742e496d6d757461626c6542694d61702453657269616c697a6564466f726d000000000000000002000078720035636f6d2e676f6f676c652e636f6d6d6f6e2e636f6c6c6563742e496d6d757461626c654d61702453657269616c697a6564466f726d00000000000000000200025b00046b6579737400135b4c6a6176612f6c616e672f4f626a6563743b5b000676616c75657371007e00027870757200135b4c6a6176612e6c616e672e4f626a6563743b90ce589f1073296c020000787000000001740033636f6d2e61746c61737369616e2e6a6972612e736572766963652e536572766963654d616e616765723a7365727669636549647571007e0004000000017372000e6a6176612e6c616e672e4c6f6e673b8be490cc8f23df0200014a000576616c7565787200106a6176612e6c616e672e4e756d62657286ac951d0b94e08b020000787000000000000027117800');
INSERT INTO jquartz_triggers (sched_name, trigger_name, trigger_group, job_name, job_group, is_volatile, description, next_fire_time, prev_fire_time, priority, trigger_state, trigger_type, start_time, end_time, calendar_name, misfire_instr, job_data) VALUES (NULL, 'CompatibilityPluginScheduler.JobId.Service Provider Session Remover', 'SchedulerServiceTriggers', 'CompatibilityPluginScheduler.JobRunnerKey.Service Provider Session Remover', 'SchedulerServiceJobs', false, NULL, 1439381215324, -1, 5, 'WAITING', 'SIMPLE', 1439381215324, 0, NULL, 0, '\xaced0005737200156f72672e71756172747a2e4a6f62446174614d61709fb083e8bfa9b0cb020000787200266f72672e71756172747a2e7574696c732e537472696e674b65794469727479466c61674d61708208e8c3fbc55d280200015a0013616c6c6f77735472616e7369656e74446174617872001d6f72672e71756172747a2e7574696c732e4469727479466c61674d617013e62ead28760ace0200025a000564697274794c00036d617074000f4c6a6176612f7574696c2f4d61703b787001737200116a6176612e7574696c2e486173684d61700507dac1c31660d103000246000a6c6f6164466163746f724900097468726573686f6c6478703f4000000000000c7708000000100000000174000a706172616d6574657273707800');
INSERT INTO jquartz_triggers (sched_name, trigger_name, trigger_group, job_name, job_group, is_volatile, description, next_fire_time, prev_fire_time, priority, trigger_state, trigger_type, start_time, end_time, calendar_name, misfire_instr, job_data) VALUES (NULL, 'CompatibilityPluginScheduler.JobId.LocalPluginLicenseNotificationJob-job', 'SchedulerServiceTriggers', 'CompatibilityPluginScheduler.JobRunnerKey.LocalPluginLicenseNotificationJob-job-handler', 'SchedulerServiceJobs', false, NULL, 1439352415341, -1, 5, 'WAITING', 'SIMPLE', 1439352415341, 0, NULL, 0, '\xaced0005737200156f72672e71756172747a2e4a6f62446174614d61709fb083e8bfa9b0cb020000787200266f72672e71756172747a2e7574696c732e537472696e674b65794469727479466c61674d61708208e8c3fbc55d280200015a0013616c6c6f77735472616e7369656e74446174617872001d6f72672e71756172747a2e7574696c732e4469727479466c61674d617013e62ead28760ace0200025a000564697274794c00036d617074000f4c6a6176612f7574696c2f4d61703b787001737200116a6176612e7574696c2e486173684d61700507dac1c31660d103000246000a6c6f6164466163746f724900097468726573686f6c6478703f4000000000000c7708000000100000000174000a706172616d6574657273707800');
INSERT INTO jquartz_triggers (sched_name, trigger_name, trigger_group, job_name, job_group, is_volatile, description, next_fire_time, prev_fire_time, priority, trigger_state, trigger_type, start_time, end_time, calendar_name, misfire_instr, job_data) VALUES (NULL, 'CompatibilityPluginScheduler.JobId.RemotePluginLicenseNotificationJob-job', 'SchedulerServiceTriggers', 'CompatibilityPluginScheduler.JobRunnerKey.RemotePluginLicenseNotificationJob-job-handler', 'SchedulerServiceJobs', false, NULL, 1439430219065, -1, 5, 'WAITING', 'SIMPLE', 1439430219065, 0, NULL, 0, '\xaced0005737200156f72672e71756172747a2e4a6f62446174614d61709fb083e8bfa9b0cb020000787200266f72672e71756172747a2e7574696c732e537472696e674b65794469727479466c61674d61708208e8c3fbc55d280200015a0013616c6c6f77735472616e7369656e74446174617872001d6f72672e71756172747a2e7574696c732e4469727479466c61674d617013e62ead28760ace0200025a000564697274794c00036d617074000f4c6a6176612f7574696c2f4d61703b787001737200116a6176612e7574696c2e486173684d61700507dac1c31660d103000246000a6c6f6164466163746f724900097468726573686f6c6478703f4000000000000c7708000000100000000174000a706172616d6574657273707800');
INSERT INTO jquartz_triggers (sched_name, trigger_name, trigger_group, job_name, job_group, is_volatile, description, next_fire_time, prev_fire_time, priority, trigger_state, trigger_type, start_time, end_time, calendar_name, misfire_instr, job_data) VALUES (NULL, 'CompatibilityPluginScheduler.JobId.PluginRequestCheckJob-job', 'SchedulerServiceTriggers', 'CompatibilityPluginScheduler.JobRunnerKey.PluginRequestCheckJob-job-handler', 'SchedulerServiceJobs', false, NULL, 1439352415365, -1, 5, 'WAITING', 'SIMPLE', 1439352415365, 0, NULL, 0, '\xaced0005737200156f72672e71756172747a2e4a6f62446174614d61709fb083e8bfa9b0cb020000787200266f72672e71756172747a2e7574696c732e537472696e674b65794469727479466c61674d61708208e8c3fbc55d280200015a0013616c6c6f77735472616e7369656e74446174617872001d6f72672e71756172747a2e7574696c732e4469727479466c61674d617013e62ead28760ace0200025a000564697274794c00036d617074000f4c6a6176612f7574696c2f4d61703b787001737200116a6176612e7574696c2e486173684d61700507dac1c31660d103000246000a6c6f6164466163746f724900097468726573686f6c6478703f4000000000000c7708000000100000000174000a706172616d6574657273707800');
INSERT INTO jquartz_triggers (sched_name, trigger_name, trigger_group, job_name, job_group, is_volatile, description, next_fire_time, prev_fire_time, priority, trigger_state, trigger_type, start_time, end_time, calendar_name, misfire_instr, job_data) VALUES (NULL, 'CompatibilityPluginScheduler.JobId.PluginUpdateCheckJob-job', 'SchedulerServiceTriggers', 'CompatibilityPluginScheduler.JobRunnerKey.PluginUpdateCheckJob-job-handler', 'SchedulerServiceJobs', false, NULL, 1439392073489, -1, 5, 'WAITING', 'SIMPLE', 1439392073489, 0, NULL, 0, '\xaced0005737200156f72672e71756172747a2e4a6f62446174614d61709fb083e8bfa9b0cb020000787200266f72672e71756172747a2e7574696c732e537472696e674b65794469727479466c61674d61708208e8c3fbc55d280200015a0013616c6c6f77735472616e7369656e74446174617872001d6f72672e71756172747a2e7574696c732e4469727479466c61674d617013e62ead28760ace0200025a000564697274794c00036d617074000f4c6a6176612f7574696c2f4d61703b787001737200116a6176612e7574696c2e486173684d61700507dac1c31660d103000246000a6c6f6164466163746f724900097468726573686f6c6478703f4000000000000c7708000000100000000174000a706172616d6574657273707800');
INSERT INTO jquartz_triggers (sched_name, trigger_name, trigger_group, job_name, job_group, is_volatile, description, next_fire_time, prev_fire_time, priority, trigger_state, trigger_type, start_time, end_time, calendar_name, misfire_instr, job_data) VALUES (NULL, 'CompatibilityPluginScheduler.JobId.InstanceTopologyJob-job', 'SchedulerServiceTriggers', 'CompatibilityPluginScheduler.JobRunnerKey.InstanceTopologyJob-job-handler', 'SchedulerServiceJobs', false, NULL, 1439412676445, -1, 5, 'WAITING', 'SIMPLE', 1439412676445, 0, NULL, 0, '\xaced0005737200156f72672e71756172747a2e4a6f62446174614d61709fb083e8bfa9b0cb020000787200266f72672e71756172747a2e7574696c732e537472696e674b65794469727479466c61674d61708208e8c3fbc55d280200015a0013616c6c6f77735472616e7369656e74446174617872001d6f72672e71756172747a2e7574696c732e4469727479466c61674d617013e62ead28760ace0200025a000564697274794c00036d617074000f4c6a6176612f7574696c2f4d61703b787001737200116a6176612e7574696c2e486173684d61700507dac1c31660d103000246000a6c6f6164466163746f724900097468726573686f6c6478703f4000000000000c7708000000100000000174000a706172616d6574657273707800');


--
-- Data for Name: label; Type: TABLE DATA; Schema: public; Owner: jira
--



--
-- Name: label_id_seq; Type: SEQUENCE SET; Schema: public; Owner: jira
--

SELECT pg_catalog.setval('label_id_seq', 10000, false);


--
-- Data for Name: legacy_store_attachment_status; Type: TABLE DATA; Schema: public; Owner: jira
--



--
-- Data for Name: legacy_store_avatar_status; Type: TABLE DATA; Schema: public; Owner: jira
--



--
-- Data for Name: licenserolesdefault; Type: TABLE DATA; Schema: public; Owner: jira
--

INSERT INTO licenserolesdefault (id, license_role_name) VALUES (10000, 'jira-core');


--
-- Name: licenserolesdefault_id_seq; Type: SEQUENCE SET; Schema: public; Owner: jira
--

SELECT pg_catalog.setval('licenserolesdefault_id_seq', 10100, false);


--
-- Data for Name: licenserolesgroup; Type: TABLE DATA; Schema: public; Owner: jira
--

INSERT INTO licenserolesgroup (id, license_role_name, group_id, primary_group) VALUES (10000, 'jira-core', 'jira-administrators', 'N');
INSERT INTO licenserolesgroup (id, license_role_name, group_id, primary_group) VALUES (10001, 'jira-core', 'jira-users', 'Y');
INSERT INTO licenserolesgroup (id, license_role_name, group_id, primary_group) VALUES (10002, 'jira-software', 'jira-administrators', 'N');
INSERT INTO licenserolesgroup (id, license_role_name, group_id, primary_group) VALUES (10003, 'jira-software', 'jira-users', 'Y');


--
-- Name: licenserolesgroup_id_seq; Type: SEQUENCE SET; Schema: public; Owner: jira
--

SELECT pg_catalog.setval('licenserolesgroup_id_seq', 10100, false);


--
-- Data for Name: listenerconfig; Type: TABLE DATA; Schema: public; Owner: jira
--

INSERT INTO listenerconfig (id, clazz, listenername) VALUES (10000, 'com.atlassian.jira.event.listeners.mail.MailListener', 'Mail Listener');
INSERT INTO listenerconfig (id, clazz, listenername) VALUES (10001, 'com.atlassian.jira.event.listeners.history.IssueAssignHistoryListener', 'Issue Assignment Listener');
INSERT INTO listenerconfig (id, clazz, listenername) VALUES (10400, 'com.atlassian.jira.event.listeners.search.IssueIndexListener', 'Issue Index Listener');


--
-- Name: listenerconfig_id_seq; Type: SEQUENCE SET; Schema: public; Owner: jira
--

SELECT pg_catalog.setval('listenerconfig_id_seq', 10400, true);


--
-- Data for Name: mailserver; Type: TABLE DATA; Schema: public; Owner: jira
--



--
-- Name: mailserver_id_seq; Type: SEQUENCE SET; Schema: public; Owner: jira
--

SELECT pg_catalog.setval('mailserver_id_seq', 10000, false);


--
-- Data for Name: managedconfigurationitem; Type: TABLE DATA; Schema: public; Owner: jira
--

INSERT INTO managedconfigurationitem (id, item_id, item_type, managed, access_level, source, description_key) VALUES (10000, 'customfield_10100', 'CUSTOM_FIELD', 'true', 'LOCKED', 'plugin:com.atlassian.jira.plugins.jira-development-integration-plugin', 'devstatus.devsummarycf.managed.desc');
INSERT INTO managedconfigurationitem (id, item_id, item_type, managed, access_level, source, description_key) VALUES (10001, 'customfield_10101', 'CUSTOM_FIELD', 'true', 'LOCKED', 'com.pyxis.greenhopper.jira:reference-select-locked', 'gh.customfield.locked.desc');
INSERT INTO managedconfigurationitem (id, item_id, item_type, managed, access_level, source, description_key) VALUES (10002, 'customfield_10102', 'CUSTOM_FIELD', 'true', 'LOCKED', 'com.pyxis.greenhopper.jira:reference-select-locked', 'gh.customfield.locked.desc');
INSERT INTO managedconfigurationitem (id, item_id, item_type, managed, access_level, source, description_key) VALUES (10003, 'customfield_10103', 'CUSTOM_FIELD', 'true', 'LOCKED', 'com.pyxis.greenhopper.jira:reference-select-locked', 'gh.customfield.locked.desc');
INSERT INTO managedconfigurationitem (id, item_id, item_type, managed, access_level, source, description_key) VALUES (10004, 'customfield_10104', 'CUSTOM_FIELD', 'true', 'LOCKED', 'com.pyxis.greenhopper.jira:reference-select-locked', 'gh.customfield.locked.desc');
INSERT INTO managedconfigurationitem (id, item_id, item_type, managed, access_level, source, description_key) VALUES (10005, 'customfield_10105', 'CUSTOM_FIELD', 'true', 'LOCKED', 'com.pyxis.greenhopper.jira:reference-select-locked', 'gh.customfield.locked.desc');
INSERT INTO managedconfigurationitem (id, item_id, item_type, managed, access_level, source, description_key) VALUES (10006, 'customfield_10106', 'CUSTOM_FIELD', 'true', 'LOCKED', 'com.pyxis.greenhopper.jira:reference-select-locked', 'gh.customfield.locked.desc');


--
-- Name: managedconfigurationitem_id_seq; Type: SEQUENCE SET; Schema: public; Owner: jira
--

SELECT pg_catalog.setval('managedconfigurationitem_id_seq', 10006, true);


--
-- Data for Name: media_api_credentials; Type: TABLE DATA; Schema: public; Owner: jira
--



--
-- Name: media_api_credentials_id_seq; Type: SEQUENCE SET; Schema: public; Owner: jira
--

SELECT pg_catalog.setval('media_api_credentials_id_seq', 10000, false);


--
-- Data for Name: media_store_attachments; Type: TABLE DATA; Schema: public; Owner: jira
--



--
-- Data for Name: media_store_avatars; Type: TABLE DATA; Schema: public; Owner: jira
--



--
-- Data for Name: membershipbase; Type: TABLE DATA; Schema: public; Owner: jira
--



--
-- Name: membershipbase_id_seq; Type: SEQUENCE SET; Schema: public; Owner: jira
--

SELECT pg_catalog.setval('membershipbase_id_seq', 10000, false);


--
-- Data for Name: module_status; Type: TABLE DATA; Schema: public; Owner: jira
--



--
-- Data for Name: moved_issue_key; Type: TABLE DATA; Schema: public; Owner: jira
--



--
-- Name: moved_issue_key_id_seq; Type: SEQUENCE SET; Schema: public; Owner: jira
--

SELECT pg_catalog.setval('moved_issue_key_id_seq', 10000, false);


--
-- Data for Name: nodeassociation; Type: TABLE DATA; Schema: public; Owner: jira
--

INSERT INTO nodeassociation (source_node_id, source_node_entity, sink_node_id, sink_node_entity, association_type, sequence) VALUES (10000, 'Project', 0, 'PermissionScheme', 'ProjectScheme', NULL);
INSERT INTO nodeassociation (source_node_id, source_node_entity, sink_node_id, sink_node_entity, association_type, sequence) VALUES (10000, 'Project', 10000, 'NotificationScheme', 'ProjectScheme', NULL);
INSERT INTO nodeassociation (source_node_id, source_node_entity, sink_node_id, sink_node_entity, association_type, sequence) VALUES (10000, 'Project', 10100, 'WorkflowScheme', 'ProjectScheme', NULL);
INSERT INTO nodeassociation (source_node_id, source_node_entity, sink_node_id, sink_node_entity, association_type, sequence) VALUES (10000, 'Project', 10000, 'IssueTypeScreenScheme', 'ProjectScheme', NULL);


--
-- Data for Name: nodeindexcounter; Type: TABLE DATA; Schema: public; Owner: jira
--



--
-- Name: nodeindexcounter_id_seq; Type: SEQUENCE SET; Schema: public; Owner: jira
--

SELECT pg_catalog.setval('nodeindexcounter_id_seq', 10000, false);


--
-- Data for Name: notification; Type: TABLE DATA; Schema: public; Owner: jira
--

INSERT INTO notification (id, scheme, event, event_type_id, template_id, notif_type, notif_parameter) VALUES (10017, 10000, NULL, 6, NULL, 'All_Watchers', NULL);
INSERT INTO notification (id, scheme, event, event_type_id, template_id, notif_type, notif_parameter) VALUES (10018, 10000, NULL, 7, NULL, 'Current_Assignee', NULL);
INSERT INTO notification (id, scheme, event, event_type_id, template_id, notif_type, notif_parameter) VALUES (10019, 10000, NULL, 7, NULL, 'Current_Reporter', NULL);
INSERT INTO notification (id, scheme, event, event_type_id, template_id, notif_type, notif_parameter) VALUES (10020, 10000, NULL, 7, NULL, 'All_Watchers', NULL);
INSERT INTO notification (id, scheme, event, event_type_id, template_id, notif_type, notif_parameter) VALUES (10021, 10000, NULL, 8, NULL, 'Current_Assignee', NULL);
INSERT INTO notification (id, scheme, event, event_type_id, template_id, notif_type, notif_parameter) VALUES (10022, 10000, NULL, 8, NULL, 'Current_Reporter', NULL);
INSERT INTO notification (id, scheme, event, event_type_id, template_id, notif_type, notif_parameter) VALUES (10023, 10000, NULL, 8, NULL, 'All_Watchers', NULL);
INSERT INTO notification (id, scheme, event, event_type_id, template_id, notif_type, notif_parameter) VALUES (10024, 10000, NULL, 9, NULL, 'Current_Assignee', NULL);
INSERT INTO notification (id, scheme, event, event_type_id, template_id, notif_type, notif_parameter) VALUES (10025, 10000, NULL, 9, NULL, 'Current_Reporter', NULL);
INSERT INTO notification (id, scheme, event, event_type_id, template_id, notif_type, notif_parameter) VALUES (10026, 10000, NULL, 9, NULL, 'All_Watchers', NULL);
INSERT INTO notification (id, scheme, event, event_type_id, template_id, notif_type, notif_parameter) VALUES (10027, 10000, NULL, 10, NULL, 'Current_Assignee', NULL);
INSERT INTO notification (id, scheme, event, event_type_id, template_id, notif_type, notif_parameter) VALUES (10028, 10000, NULL, 10, NULL, 'Current_Reporter', NULL);
INSERT INTO notification (id, scheme, event, event_type_id, template_id, notif_type, notif_parameter) VALUES (10029, 10000, NULL, 10, NULL, 'All_Watchers', NULL);
INSERT INTO notification (id, scheme, event, event_type_id, template_id, notif_type, notif_parameter) VALUES (10030, 10000, NULL, 11, NULL, 'Current_Assignee', NULL);
INSERT INTO notification (id, scheme, event, event_type_id, template_id, notif_type, notif_parameter) VALUES (10031, 10000, NULL, 11, NULL, 'Current_Reporter', NULL);
INSERT INTO notification (id, scheme, event, event_type_id, template_id, notif_type, notif_parameter) VALUES (10032, 10000, NULL, 11, NULL, 'All_Watchers', NULL);
INSERT INTO notification (id, scheme, event, event_type_id, template_id, notif_type, notif_parameter) VALUES (10033, 10000, NULL, 12, NULL, 'Current_Assignee', NULL);
INSERT INTO notification (id, scheme, event, event_type_id, template_id, notif_type, notif_parameter) VALUES (10034, 10000, NULL, 12, NULL, 'Current_Reporter', NULL);
INSERT INTO notification (id, scheme, event, event_type_id, template_id, notif_type, notif_parameter) VALUES (10035, 10000, NULL, 12, NULL, 'All_Watchers', NULL);
INSERT INTO notification (id, scheme, event, event_type_id, template_id, notif_type, notif_parameter) VALUES (10036, 10000, NULL, 13, NULL, 'Current_Assignee', NULL);
INSERT INTO notification (id, scheme, event, event_type_id, template_id, notif_type, notif_parameter) VALUES (10037, 10000, NULL, 13, NULL, 'Current_Reporter', NULL);
INSERT INTO notification (id, scheme, event, event_type_id, template_id, notif_type, notif_parameter) VALUES (10038, 10000, NULL, 13, NULL, 'All_Watchers', NULL);
INSERT INTO notification (id, scheme, event, event_type_id, template_id, notif_type, notif_parameter) VALUES (10100, 10000, NULL, 14, NULL, 'Current_Assignee', NULL);
INSERT INTO notification (id, scheme, event, event_type_id, template_id, notif_type, notif_parameter) VALUES (10101, 10000, NULL, 14, NULL, 'Current_Reporter', NULL);
INSERT INTO notification (id, scheme, event, event_type_id, template_id, notif_type, notif_parameter) VALUES (10102, 10000, NULL, 14, NULL, 'All_Watchers', NULL);
INSERT INTO notification (id, scheme, event, event_type_id, template_id, notif_type, notif_parameter) VALUES (10103, 10000, NULL, 15, NULL, 'Current_Assignee', NULL);
INSERT INTO notification (id, scheme, event, event_type_id, template_id, notif_type, notif_parameter) VALUES (10104, 10000, NULL, 15, NULL, 'Current_Reporter', NULL);
INSERT INTO notification (id, scheme, event, event_type_id, template_id, notif_type, notif_parameter) VALUES (10105, 10000, NULL, 15, NULL, 'All_Watchers', NULL);
INSERT INTO notification (id, scheme, event, event_type_id, template_id, notif_type, notif_parameter) VALUES (10106, 10000, NULL, 16, NULL, 'Current_Assignee', NULL);
INSERT INTO notification (id, scheme, event, event_type_id, template_id, notif_type, notif_parameter) VALUES (10107, 10000, NULL, 16, NULL, 'Current_Reporter', NULL);
INSERT INTO notification (id, scheme, event, event_type_id, template_id, notif_type, notif_parameter) VALUES (10108, 10000, NULL, 16, NULL, 'All_Watchers', NULL);
INSERT INTO notification (id, scheme, event, event_type_id, template_id, notif_type, notif_parameter) VALUES (10000, 10000, NULL, 1, NULL, 'Current_Assignee', NULL);
INSERT INTO notification (id, scheme, event, event_type_id, template_id, notif_type, notif_parameter) VALUES (10001, 10000, NULL, 1, NULL, 'Current_Reporter', NULL);
INSERT INTO notification (id, scheme, event, event_type_id, template_id, notif_type, notif_parameter) VALUES (10002, 10000, NULL, 1, NULL, 'All_Watchers', NULL);
INSERT INTO notification (id, scheme, event, event_type_id, template_id, notif_type, notif_parameter) VALUES (10003, 10000, NULL, 2, NULL, 'Current_Assignee', NULL);
INSERT INTO notification (id, scheme, event, event_type_id, template_id, notif_type, notif_parameter) VALUES (10004, 10000, NULL, 2, NULL, 'Current_Reporter', NULL);
INSERT INTO notification (id, scheme, event, event_type_id, template_id, notif_type, notif_parameter) VALUES (10005, 10000, NULL, 2, NULL, 'All_Watchers', NULL);
INSERT INTO notification (id, scheme, event, event_type_id, template_id, notif_type, notif_parameter) VALUES (10006, 10000, NULL, 3, NULL, 'Current_Assignee', NULL);
INSERT INTO notification (id, scheme, event, event_type_id, template_id, notif_type, notif_parameter) VALUES (10007, 10000, NULL, 3, NULL, 'Current_Reporter', NULL);
INSERT INTO notification (id, scheme, event, event_type_id, template_id, notif_type, notif_parameter) VALUES (10008, 10000, NULL, 3, NULL, 'All_Watchers', NULL);
INSERT INTO notification (id, scheme, event, event_type_id, template_id, notif_type, notif_parameter) VALUES (10009, 10000, NULL, 4, NULL, 'Current_Assignee', NULL);
INSERT INTO notification (id, scheme, event, event_type_id, template_id, notif_type, notif_parameter) VALUES (10010, 10000, NULL, 4, NULL, 'Current_Reporter', NULL);
INSERT INTO notification (id, scheme, event, event_type_id, template_id, notif_type, notif_parameter) VALUES (10011, 10000, NULL, 4, NULL, 'All_Watchers', NULL);
INSERT INTO notification (id, scheme, event, event_type_id, template_id, notif_type, notif_parameter) VALUES (10012, 10000, NULL, 5, NULL, 'Current_Assignee', NULL);
INSERT INTO notification (id, scheme, event, event_type_id, template_id, notif_type, notif_parameter) VALUES (10013, 10000, NULL, 5, NULL, 'Current_Reporter', NULL);
INSERT INTO notification (id, scheme, event, event_type_id, template_id, notif_type, notif_parameter) VALUES (10014, 10000, NULL, 5, NULL, 'All_Watchers', NULL);
INSERT INTO notification (id, scheme, event, event_type_id, template_id, notif_type, notif_parameter) VALUES (10015, 10000, NULL, 6, NULL, 'Current_Assignee', NULL);
INSERT INTO notification (id, scheme, event, event_type_id, template_id, notif_type, notif_parameter) VALUES (10016, 10000, NULL, 6, NULL, 'Current_Reporter', NULL);


--
-- Name: notification_id_seq; Type: SEQUENCE SET; Schema: public; Owner: jira
--

SELECT pg_catalog.setval('notification_id_seq', 10200, false);


--
-- Data for Name: notification_subscription_ec1a8f; Type: TABLE DATA; Schema: public; Owner: jira
--



--
-- Name: notification_subscription_ec1a8f_id_seq; Type: SEQUENCE SET; Schema: public; Owner: jira
--

SELECT pg_catalog.setval('notification_subscription_ec1a8f_id_seq', 1, false);


--
-- Data for Name: notificationinstance; Type: TABLE DATA; Schema: public; Owner: jira
--



--
-- Name: notificationinstance_id_seq; Type: SEQUENCE SET; Schema: public; Owner: jira
--

SELECT pg_catalog.setval('notificationinstance_id_seq', 10000, false);


--
-- Data for Name: notificationscheme; Type: TABLE DATA; Schema: public; Owner: jira
--

INSERT INTO notificationscheme (id, name, description) VALUES (10000, 'Default Notification Scheme', NULL);


--
-- Name: notificationscheme_id_seq; Type: SEQUENCE SET; Schema: public; Owner: jira
--

SELECT pg_catalog.setval('notificationscheme_id_seq', 10100, false);


--
-- Data for Name: oauth_consumer_182c39; Type: TABLE DATA; Schema: public; Owner: jira
--

INSERT INTO oauth_consumer_182c39 (key, name, public_key, private_key, description, callback, signature_method, shared_secret, service_name) VALUES ('d0ec45bd-b4a3-3cee-8640-516834e478e1', 'JIRA', 'MIGfMA0GCSqGSIb3DQEBAQUAA4GNADCBiQKBgQDSftntjv0Z9Ug3iELR4dpBOJ6OCZFw7zuneHAkMZX41aFXv7hInyYy1UhNh+d5dzoBw20Zn/BqojYE3C3oczu2LD1ai5I1np/66JTSAWLyppjN8D/A3hpDCw/ioORoBuBmCOiaoVnBqez0U/3LPidub6qc6Lac33vUJOQiJxLREQIDAQAB', 'MIICdgIBADANBgkqhkiG9w0BAQEFAASCAmAwggJcAgEAAoGBANJ+2e2O/Rn1SDeIQtHh2kE4no4JkXDvO6d4cCQxlfjVoVe/uEifJjLVSE2H53l3OgHDbRmf8GqiNgTcLehzO7YsPVqLkjWen/rolNIBYvKmmM3wP8DeGkMLD+Kg5GgG4GYI6JqhWcGp7PRT/cs+J25vqpzotpzfe9Qk5CInEtERAgMBAAECgYA/ghBEUVjhxRRl1NG8OzU7albEKfTcqwFHlNnYwbEq42GLdQenuYSv35Ox+KgJCMTSlWDMU2oY8hn0O24KbQH9d5or5s7VwOqMXcdmqM1s7bwECAcCgM8mUbDjp2BZhpF5xvCPFQRBn6p7RjqLRkwTJy8WOgppJ95836T+AMOAlQJBAO4v41Rd7OwJrqUm82RQvMOxFjk1Nr0Eh6DC/LAa5VCZAN4mDQewDWNvRg9lgaILgXnuD8rL3BKV8xnyYUsNLg8CQQDiPM5f8FFz9XRN127uOLSLVSyWJ8ekfOroHbpe41CsUppPEmI7xGsc9/3HZnYPCNykth/N25b3FW/BV7pjny7fAkEAnN8HTvppXu/liToFFS2jlRMduuHUQlsoZHXnbKjaHOIYUzcmX8jQmIuhzeQho7MGPGLRHdR0Bf2iVZVwBLkSewJAO8sIXFDepkAkOgKLPgjcpsqfGxxuZmnhh/F7dWKsyq6WO/nG3rb9/E0K1K2e3EBiWGIOK9EyqCERRU9TYssKjwJAIbOV61lHsp9sBwqnFClCntU6e6PXBd64TCPnLuZQ8NUGEmo8JPN2AxIrwLeIIKdWQpmG/9+IO32heHLk2eUMeA==', 'Atlassian JIRA at http://localhost:2990/jira ', NULL, 'RSA_SHA1', NULL, '__HOST_SERVICE__');


--
-- Data for Name: oauth_consumer_token_182c39; Type: TABLE DATA; Schema: public; Owner: jira
--



--
-- Data for Name: oauth_service_provider_consumer_ecd6b3; Type: TABLE DATA; Schema: public; Owner: jira
--



--
-- Data for Name: oauth_service_provider_token_ecd6b3; Type: TABLE DATA; Schema: public; Owner: jira
--



--
-- Data for Name: oauthconsumer; Type: TABLE DATA; Schema: public; Owner: jira
--



--
-- Name: oauthconsumer_id_seq; Type: SEQUENCE SET; Schema: public; Owner: jira
--

SELECT pg_catalog.setval('oauthconsumer_id_seq', 10000, false);


--
-- Data for Name: oauthconsumertoken; Type: TABLE DATA; Schema: public; Owner: jira
--



--
-- Name: oauthconsumertoken_id_seq; Type: SEQUENCE SET; Schema: public; Owner: jira
--

SELECT pg_catalog.setval('oauthconsumertoken_id_seq', 10000, false);


--
-- Data for Name: oauthspconsumer; Type: TABLE DATA; Schema: public; Owner: jira
--



--
-- Name: oauthspconsumer_id_seq; Type: SEQUENCE SET; Schema: public; Owner: jira
--

SELECT pg_catalog.setval('oauthspconsumer_id_seq', 10000, false);


--
-- Data for Name: oauthsptoken; Type: TABLE DATA; Schema: public; Owner: jira
--



--
-- Name: oauthsptoken_id_seq; Type: SEQUENCE SET; Schema: public; Owner: jira
--

SELECT pg_catalog.setval('oauthsptoken_id_seq', 10000, false);


--
-- Data for Name: optionconfiguration; Type: TABLE DATA; Schema: public; Owner: jira
--

INSERT INTO optionconfiguration (id, fieldid, optionid, fieldconfig, sequence) VALUES (10200, 'issuetype', '10000', 10110, 0);
INSERT INTO optionconfiguration (id, fieldid, optionid, fieldconfig, sequence) VALUES (10201, 'issuetype', '10001', 10110, 1);
INSERT INTO optionconfiguration (id, fieldid, optionid, fieldconfig, sequence) VALUES (10300, 'issuetype', '10100', 10000, 0);


--
-- Name: optionconfiguration_id_seq; Type: SEQUENCE SET; Schema: public; Owner: jira
--

SELECT pg_catalog.setval('optionconfiguration_id_seq', 10300, true);


--
-- Data for Name: os_currentstep; Type: TABLE DATA; Schema: public; Owner: jira
--

INSERT INTO os_currentstep (id, entry_id, step_id, action_id, owner, start_date, due_date, finish_date, status, caller) VALUES (10000, 10000, 1, 0, '', '2017-02-17 11:13:01.927+00', NULL, NULL, 'open', NULL);
INSERT INTO os_currentstep (id, entry_id, step_id, action_id, owner, start_date, due_date, finish_date, status, caller) VALUES (10001, 10001, 1, 0, '', '2017-02-17 11:13:10.817+00', NULL, NULL, 'open', NULL);
INSERT INTO os_currentstep (id, entry_id, step_id, action_id, owner, start_date, due_date, finish_date, status, caller) VALUES (10002, 10002, 1, 0, '', '2017-02-17 11:13:28.92+00', NULL, NULL, 'open', NULL);
INSERT INTO os_currentstep (id, entry_id, step_id, action_id, owner, start_date, due_date, finish_date, status, caller) VALUES (10003, 10003, 1, 0, '', '2017-02-17 11:13:33.094+00', NULL, NULL, 'open', NULL);
INSERT INTO os_currentstep (id, entry_id, step_id, action_id, owner, start_date, due_date, finish_date, status, caller) VALUES (10004, 10004, 1, 0, '', '2017-02-17 11:14:10.245+00', NULL, NULL, 'open', NULL);
INSERT INTO os_currentstep (id, entry_id, step_id, action_id, owner, start_date, due_date, finish_date, status, caller) VALUES (10100, 10100, 1, 0, '', '2017-02-17 11:50:25.339+00', NULL, NULL, 'open', NULL);
INSERT INTO os_currentstep (id, entry_id, step_id, action_id, owner, start_date, due_date, finish_date, status, caller) VALUES (10200, 10200, 1, 0, '', '2017-02-24 06:52:43.558+00', NULL, NULL, 'open', NULL);


--
-- Name: os_currentstep_id_seq; Type: SEQUENCE SET; Schema: public; Owner: jira
--

SELECT pg_catalog.setval('os_currentstep_id_seq', 10300, false);


--
-- Data for Name: os_currentstep_prev; Type: TABLE DATA; Schema: public; Owner: jira
--



--
-- Data for Name: os_historystep; Type: TABLE DATA; Schema: public; Owner: jira
--



--
-- Name: os_historystep_id_seq; Type: SEQUENCE SET; Schema: public; Owner: jira
--

SELECT pg_catalog.setval('os_historystep_id_seq', 10000, false);


--
-- Data for Name: os_historystep_prev; Type: TABLE DATA; Schema: public; Owner: jira
--



--
-- Data for Name: os_wfentry; Type: TABLE DATA; Schema: public; Owner: jira
--

INSERT INTO os_wfentry (id, name, initialized, state) VALUES (10000, 'HSP: Task Management Workflow', NULL, 1);
INSERT INTO os_wfentry (id, name, initialized, state) VALUES (10001, 'HSP: Task Management Workflow', NULL, 1);
INSERT INTO os_wfentry (id, name, initialized, state) VALUES (10002, 'HSP: Task Management Workflow', NULL, 1);
INSERT INTO os_wfentry (id, name, initialized, state) VALUES (10003, 'HSP: Task Management Workflow', NULL, 1);
INSERT INTO os_wfentry (id, name, initialized, state) VALUES (10004, 'HSP: Task Management Workflow', NULL, 1);
INSERT INTO os_wfentry (id, name, initialized, state) VALUES (10100, 'HSP: Task Management Workflow', NULL, 1);
INSERT INTO os_wfentry (id, name, initialized, state) VALUES (10200, 'HSP: Task Management Workflow', NULL, 1);


--
-- Name: os_wfentry_id_seq; Type: SEQUENCE SET; Schema: public; Owner: jira
--

SELECT pg_catalog.setval('os_wfentry_id_seq', 10300, false);


--
-- Data for Name: permissionscheme; Type: TABLE DATA; Schema: public; Owner: jira
--

INSERT INTO permissionscheme (id, name, description) VALUES (0, 'Default Permission Scheme', 'This is the default Permission Scheme. Any new projects that are created will be assigned this scheme.');


--
-- Name: permissionscheme_id_seq; Type: SEQUENCE SET; Schema: public; Owner: jira
--

SELECT pg_catalog.setval('permissionscheme_id_seq', 10000, false);


--
-- Data for Name: pluginstate; Type: TABLE DATA; Schema: public; Owner: jira
--



--
-- Data for Name: pluginversion; Type: TABLE DATA; Schema: public; Owner: jira
--

INSERT INTO pluginversion (id, pluginname, pluginkey, pluginversion, created) VALUES (10032, 'Atlassian HTTP Client, Apache HTTP components impl', 'com.atlassian.httpclient.atlassian-httpclient-plugin', '0.23.3', '2017-02-24 06:50:25.03+00');
INSERT INTO pluginversion (id, pluginname, pluginkey, pluginversion, created) VALUES (10034, 'Atlassian JIRA - Plugins - REST Plugin', 'com.atlassian.jira.rest', '7.3.0', '2017-02-24 06:50:25.033+00');
INSERT INTO pluginversion (id, pluginname, pluginkey, pluginversion, created) VALUES (10035, 'JIRA Workflow Designer Plugin', 'com.atlassian.jira.plugins.jira-workflow-designer', '7.3.6', '2017-02-24 06:50:25.041+00');
INSERT INTO pluginversion (id, pluginname, pluginkey, pluginversion, created) VALUES (10036, 'JIRA Workflow Sharing Plugin', 'com.atlassian.jira.plugins.workflow.sharing.jira-workflow-sharing-plugin', '2.1.1', '2017-02-24 06:50:25.011+00');
INSERT INTO pluginversion (id, pluginname, pluginkey, pluginversion, created) VALUES (10037, 'Project Templates Plugin', 'com.atlassian.jira.project-templates-plugin', '6.1.9', '2017-02-24 06:50:25.039+00');
INSERT INTO pluginversion (id, pluginname, pluginkey, pluginversion, created) VALUES (10038, 'jira-importers-plugin', 'com.atlassian.jira.plugins.jira-importers-plugin', '7.1.26', '2017-02-24 06:50:25.021+00');
INSERT INTO pluginversion (id, pluginname, pluginkey, pluginversion, created) VALUES (10040, 'JIRA Projects Plugin', 'com.atlassian.jira.jira-projects-plugin', '4.2.1', '2017-02-24 06:50:25+00');
INSERT INTO pluginversion (id, pluginname, pluginkey, pluginversion, created) VALUES (10041, 'JIRA Core Project Templates Plugin', 'com.atlassian.jira-core-project-templates', '6.1.9', '2017-02-24 06:50:25.029+00');
INSERT INTO pluginversion (id, pluginname, pluginkey, pluginversion, created) VALUES (10043, 'JIRA Issue Collector Plugin', 'com.atlassian.jira.collector.plugin.jira-issue-collector-plugin', '2.0.23', '2017-02-24 06:50:25.019+00');
INSERT INTO pluginversion (id, pluginname, pluginkey, pluginversion, created) VALUES (10046, 'JIRA iCalendar Plugin', 'com.atlassian.jira.extra.jira-ical-feed', '1.4.7', '2017-02-24 06:50:25.006+00');
INSERT INTO pluginversion (id, pluginname, pluginkey, pluginversion, created) VALUES (10047, 'Atlassian Whitelist API Plugin', 'com.atlassian.plugins.atlassian-whitelist-api-plugin', '1.18', '2015-08-12 12:05:20.707+00');
INSERT INTO pluginversion (id, pluginname, pluginkey, pluginversion, created) VALUES (10048, 'Atlassian JIRA - Plugins - Gadgets Plugin', 'com.atlassian.jira.gadgets', '7.3.0', '2017-02-24 06:50:25.023+00');
INSERT INTO pluginversion (id, pluginname, pluginkey, pluginversion, created) VALUES (10049, 'Atlassian JIRA - Plugins - ActiveObjects SPI', 'com.atlassian.jira.jira-activeobjects-spi-plugin', '7.3.0', '2017-02-24 06:50:25.039+00');
INSERT INTO pluginversion (id, pluginname, pluginkey, pluginversion, created) VALUES (10050, 'Atlassian JIRA - Plugins - Admin Navigation Component', 'com.atlassian.jira.jira-admin-navigation-plugin', '7.3.0', '2017-02-24 06:50:25.008+00');
INSERT INTO pluginversion (id, pluginname, pluginkey, pluginversion, created) VALUES (10051, 'Atlassian JIRA - Plugins - Analytics whitelist', 'com.atlassian.jira.jira-analytics-whitelist-plugin', '7.3.0', '2017-02-24 06:50:25.024+00');
INSERT INTO pluginversion (id, pluginname, pluginkey, pluginversion, created) VALUES (10052, 'Atlassian JIRA - Plugins - Application Properties', 'com.atlassian.jira.jira-application-properties-plugin', '7.3.0', '2017-02-24 06:50:25.023+00');
INSERT INTO pluginversion (id, pluginname, pluginkey, pluginversion, created) VALUES (10054, 'JIRA Base URL Plugin', 'com.atlassian.jira.jira-baseurl-plugin', '2.0', '2015-08-12 12:05:20.785+00');
INSERT INTO pluginversion (id, pluginname, pluginkey, pluginversion, created) VALUES (10055, 'Atlassian Navigation Links Plugin', 'com.atlassian.plugins.atlassian-nav-links-plugin', '4.3.0', '2017-02-24 06:50:25.003+00');
INSERT INTO pluginversion (id, pluginname, pluginkey, pluginversion, created) VALUES (10056, 'Atlassian JIRA - Plugins - Header Plugin', 'com.atlassian.jira.jira-header-plugin', '7.3.0', '2017-02-24 06:50:25.023+00');
INSERT INTO pluginversion (id, pluginname, pluginkey, pluginversion, created) VALUES (10057, 'Atlassian JIRA - Plugins - Invite User', 'com.atlassian.jira.jira-invite-user-plugin', '2.2.1', '2017-02-24 06:50:25.013+00');
INSERT INTO pluginversion (id, pluginname, pluginkey, pluginversion, created) VALUES (10058, 'Atlassian JIRA - Plugins - Common AppLinks Based Issue Link Plugin', 'com.atlassian.jira.jira-issue-link-applinks-common-plugin', '7.3.0', '2017-02-24 06:50:25.018+00');
INSERT INTO pluginversion (id, pluginname, pluginkey, pluginversion, created) VALUES (10059, 'Atlassian JIRA - Plugins - View Issue Panels', 'com.atlassian.jira.jira-view-issue-plugin', '7.3.0', '2017-02-24 06:50:25.012+00');
INSERT INTO pluginversion (id, pluginname, pluginkey, pluginversion, created) VALUES (10060, 'Atlassian JIRA - Plugins - Confluence Link', 'com.atlassian.jira.jira-issue-link-confluence-plugin', '7.3.0', '2017-02-24 06:50:25.035+00');
INSERT INTO pluginversion (id, pluginname, pluginkey, pluginversion, created) VALUES (10061, 'Atlassian JIRA - Plugins - Remote JIRA Link', 'com.atlassian.jira.jira-issue-link-remote-jira-plugin', '7.3.0', '2017-02-24 06:50:25.01+00');
INSERT INTO pluginversion (id, pluginname, pluginkey, pluginversion, created) VALUES (10062, 'Atlassian JIRA - Plugins - Issue Web Link', 'com.atlassian.jira.jira-issue-link-web-plugin', '7.3.0', '2017-02-24 06:50:25.005+00');
INSERT INTO pluginversion (id, pluginname, pluginkey, pluginversion, created) VALUES (10063, 'jira-issue-nav-components', 'com.atlassian.jira.jira-issue-nav-components', '8.2.6', '2017-02-24 06:50:25.029+00');
INSERT INTO pluginversion (id, pluginname, pluginkey, pluginversion, created) VALUES (10064, 'Atlassian JIRA - Plugins - Global Issue Navigator', 'com.atlassian.jira.jira-issue-nav-plugin', '8.2.6', '2017-02-24 06:50:25.026+00');
INSERT INTO pluginversion (id, pluginname, pluginkey, pluginversion, created) VALUES (10067, 'English (United Kingdom) Language Pack', 'com.atlassian.jira.jira-languages.en_UK', '7.3.0', '2017-02-24 06:50:25.043+00');
INSERT INTO pluginversion (id, pluginname, pluginkey, pluginversion, created) VALUES (10068, 'English (United States) Language Pack', 'com.atlassian.jira.jira-languages.en_US', '7.3.0', '2017-02-24 06:50:25.04+00');
INSERT INTO pluginversion (id, pluginname, pluginkey, pluginversion, created) VALUES (10069, 'Atlassian LESS Transformer Plugin', 'com.atlassian.plugins.less-transformer-plugin', '3.3.2', '2017-02-24 06:50:25.038+00');
INSERT INTO pluginversion (id, pluginname, pluginkey, pluginversion, created) VALUES (10070, 'Atlassian JIRA - Plugins - LESS integration', 'com.atlassian.jira.jira-less-integration', '7.3.0', '2017-02-24 06:50:25.04+00');
INSERT INTO pluginversion (id, pluginname, pluginkey, pluginversion, created) VALUES (10071, 'Atlassian JIRA - Plugins - Mail Plugin', 'com.atlassian.jira.jira-mail-plugin', '10.0.3', '2017-02-24 06:50:25.041+00');
INSERT INTO pluginversion (id, pluginname, pluginkey, pluginversion, created) VALUES (10072, 'JIRA Monitoring Plugin', 'com.atlassian.jira.jira-monitoring-plugin', '05.7.0', '2015-08-12 12:05:21.384+00');
INSERT INTO pluginversion (id, pluginname, pluginkey, pluginversion, created) VALUES (10073, 'Atlassian JIRA - Plugins - My JIRA Home', 'com.atlassian.jira.jira-my-home-plugin', '7.3.0', '2017-02-24 06:50:25.001+00');
INSERT INTO pluginversion (id, pluginname, pluginkey, pluginversion, created) VALUES (10074, 'Atlassian JIRA - Plugins - Onboarding', 'com.atlassian.jira.jira-onboarding-assets-plugin', '7.3.0', '2017-02-24 06:50:25.025+00');
INSERT INTO pluginversion (id, pluginname, pluginkey, pluginversion, created) VALUES (10075, 'Atlassian JIRA - Plugins - Post setup announcements plugin', 'com.atlassian.jira.jira-postsetup-announcements-plugin', '7.3.0', '2017-02-24 06:50:25.007+00');
INSERT INTO pluginversion (id, pluginname, pluginkey, pluginversion, created) VALUES (10076, 'Atlassian JIRA - Plugins - Project Config Plugin', 'com.atlassian.jira.jira-project-config-plugin', '7.3.0', '2017-02-24 06:50:25.009+00');
INSERT INTO pluginversion (id, pluginname, pluginkey, pluginversion, created) VALUES (10077, 'Atlassian JIRA - Plugins - Project Centric Issue Navigator', 'com.atlassian.jira.jira-projects-issue-navigator', '8.2.6', '2017-02-24 06:50:25.021+00');
INSERT INTO pluginversion (id, pluginname, pluginkey, pluginversion, created) VALUES (10078, 'Atlassian JIRA - Plugins - Quick Edit Plugin', 'com.atlassian.jira.jira-quick-edit-plugin', '3.2.0', '2017-02-24 06:50:25.028+00');
INSERT INTO pluginversion (id, pluginname, pluginkey, pluginversion, created) VALUES (10079, 'Atlassian JIRA - Plugins - Share Content Component', 'com.atlassian.jira.jira-share-plugin', '7.3.0', '2017-02-24 06:50:25.01+00');
INSERT INTO pluginversion (id, pluginname, pluginkey, pluginversion, created) VALUES (10080, 'Atlassian JIRA - Plugins - Closure Template Renderer', 'com.atlassian.jira.jira-soy-plugin', '7.3.0', '2017-02-24 06:50:25.041+00');
INSERT INTO pluginversion (id, pluginname, pluginkey, pluginversion, created) VALUES (10081, 'JIRA Time Zone Detection plugin', 'com.atlassian.jira.jira-tzdetect-plugin', '2.3.1', '2017-02-24 06:50:25.022+00');
INSERT INTO pluginversion (id, pluginname, pluginkey, pluginversion, created) VALUES (10082, 'Atlassian JIRA - Plugins - User Profile Plugin', 'com.atlassian.jira.jira-user-profile-plugin', '3.0.5', '2017-02-24 06:50:25.039+00');
INSERT INTO pluginversion (id, pluginname, pluginkey, pluginversion, created) VALUES (10083, 'Atlassian JIRA - Plugins - Look And Feel Logo Upload Plugin', 'com.atlassian.jira.lookandfeel', '7.3.0', '2017-02-24 06:50:25.037+00');
INSERT INTO pluginversion (id, pluginname, pluginkey, pluginversion, created) VALUES (10084, 'JIRA Mobile', 'com.atlassian.jira.mobile', '3.0.13', '2017-02-24 06:50:25.025+00');
INSERT INTO pluginversion (id, pluginname, pluginkey, pluginversion, created) VALUES (10085, 'Atlassian JIRA - Plugins - OAuth Service Provider SPI', 'com.atlassian.jira.oauth.serviceprovider', '7.3.0', '2017-02-24 06:50:25.006+00');
INSERT INTO pluginversion (id, pluginname, pluginkey, pluginversion, created) VALUES (10086, 'Comment Panel Plugin', 'com.atlassian.jira.plugin.system.comment-panel', '1.0', '2015-08-12 12:05:21.859+00');
INSERT INTO pluginversion (id, pluginname, pluginkey, pluginversion, created) VALUES (10087, 'Custom Field Types & Searchers', 'com.atlassian.jira.plugin.system.customfieldtypes', '1.0', '2015-08-12 12:05:21.862+00');
INSERT INTO pluginversion (id, pluginname, pluginkey, pluginversion, created) VALUES (10088, 'Issue Operations Plugin', 'com.atlassian.jira.plugin.system.issueoperations', '1.0', '2015-08-12 12:05:21.868+00');
INSERT INTO pluginversion (id, pluginname, pluginkey, pluginversion, created) VALUES (10089, 'Issue Tab Panels Plugin', 'com.atlassian.jira.plugin.system.issuetabpanels', '1.0', '2015-08-12 12:05:21.868+00');
INSERT INTO pluginversion (id, pluginname, pluginkey, pluginversion, created) VALUES (10090, 'Renderer Plugin', 'com.atlassian.jira.plugin.system.jirarenderers', '1.0', '2015-08-12 12:05:21.869+00');
INSERT INTO pluginversion (id, pluginname, pluginkey, pluginversion, created) VALUES (10091, 'Project Role Actors Plugin', 'com.atlassian.jira.plugin.system.projectroleactors', '1.0', '2015-08-12 12:05:21.87+00');
INSERT INTO pluginversion (id, pluginname, pluginkey, pluginversion, created) VALUES (10092, 'Wiki Renderer Macros Plugin', 'com.atlassian.jira.plugin.system.renderers.wiki.macros', '1.0', '2015-08-12 12:05:21.924+00');
INSERT INTO pluginversion (id, pluginname, pluginkey, pluginversion, created) VALUES (10094, 'Workflow Plugin', 'com.atlassian.jira.plugin.system.workflow', '1.0', '2015-08-12 12:05:21.926+00');
INSERT INTO pluginversion (id, pluginname, pluginkey, pluginversion, created) VALUES (10095, 'JIRA Workflow Transition Tabs', 'com.atlassian.jira.plugin.system.workfloweditor.transition.tabs', '1.0', '2015-08-12 12:05:21.927+00');
INSERT INTO pluginversion (id, pluginname, pluginkey, pluginversion, created) VALUES (10096, 'Content Link Resolvers Plugin', 'com.atlassian.jira.plugin.wiki.contentlinkresolvers', '1.0', '2015-08-12 12:05:21.928+00');
INSERT INTO pluginversion (id, pluginname, pluginkey, pluginversion, created) VALUES (10097, 'Renderer Component Factories Plugin', 'com.atlassian.jira.plugin.wiki.renderercomponentfactories', '1.0', '2015-08-12 12:05:21.93+00');
INSERT INTO pluginversion (id, pluginname, pluginkey, pluginversion, created) VALUES (10098, 'scala-2.10-provider-plugin', 'com.atlassian.scala.plugins.scala-2.10-provider-plugin', '0.9', '2015-08-12 12:05:21.931+00');
INSERT INTO pluginversion (id, pluginname, pluginkey, pluginversion, created) VALUES (10099, 'jackson-module-scala-2.10-provider', 'com.atlassian.scala.plugins.jackson-module-scala-2.10-provider-plugin', '0.5', '2015-08-12 12:05:21.931+00');
INSERT INTO pluginversion (id, pluginname, pluginkey, pluginversion, created) VALUES (10106, 'Atlassian JIRA - Plugins - Instance Health Plugin', 'com.atlassian.jira.plugins.jira-healthcheck-plugin', '2.1.19', '2017-02-24 06:50:25.026+00');
INSERT INTO pluginversion (id, pluginname, pluginkey, pluginversion, created) VALUES (10107, 'Asana Importers Plugin for JIM', 'com.atlassian.jira.plugins.jira-importers-asana-plugin', '1.0.5', '2017-02-24 06:50:25.031+00');
INSERT INTO pluginversion (id, pluginname, pluginkey, pluginversion, created) VALUES (10108, 'Bitbucket Importer Plugin for JIM', 'com.atlassian.jira.plugins.jira-importers-bitbucket-plugin', '1.0.15', '2015-08-12 12:05:22.079+00');
INSERT INTO pluginversion (id, pluginname, pluginkey, pluginversion, created) VALUES (10109, 'JIRA GitHub Issue Importer', 'com.atlassian.jira.plugins.jira-importers-github-plugin', '2.0.11', '2017-02-24 06:50:25.006+00');
INSERT INTO pluginversion (id, pluginname, pluginkey, pluginversion, created) VALUES (10110, 'Redmine Importers Plugin for JIM', 'com.atlassian.jira.plugins.jira-importers-redmine-plugin', '2.1.6', '2017-02-24 06:50:25.027+00');
INSERT INTO pluginversion (id, pluginname, pluginkey, pluginversion, created) VALUES (10111, 'jira-importers-trello-plugin', 'com.atlassian.jira.plugins.jira-importers-trello-plugin', '2.0.2', '2017-02-24 06:50:25.037+00');
INSERT INTO pluginversion (id, pluginname, pluginkey, pluginversion, created) VALUES (10112, 'JIRA Password Policy Plugin', 'com.atlassian.jira.plugins.jira-password-policy-plugin', '2.0.2', '2015-08-12 12:05:22.108+00');
INSERT INTO pluginversion (id, pluginname, pluginkey, pluginversion, created) VALUES (10113, 'wiki-editor', 'com.atlassian.jira.plugins.jira-wiki-editor', '1.11.13', '2017-02-24 06:50:25.015+00');
INSERT INTO pluginversion (id, pluginname, pluginkey, pluginversion, created) VALUES (10114, 'Atlassian WebHooks Plugin', 'com.atlassian.webhooks.atlassian-webhooks-plugin', '3.2.2', '2017-02-24 06:50:25.037+00');
INSERT INTO pluginversion (id, pluginname, pluginkey, pluginversion, created) VALUES (10115, 'Atlassian JIRA - Plugins - WebHooks Plugin', 'com.atlassian.jira.plugins.webhooks.jira-webhooks-plugin', '7.3.0', '2017-02-24 06:50:25.02+00');
INSERT INTO pluginversion (id, pluginname, pluginkey, pluginversion, created) VALUES (10116, 'Wallboard Plugin', 'com.atlassian.jirawallboard.atlassian-wallboard-plugin', '2.2.6', '2017-02-24 06:50:25.039+00');
INSERT INTO pluginversion (id, pluginname, pluginkey, pluginversion, created) VALUES (10117, 'Atlassian Bot Session Killer', 'com.atlassian.labs.atlassian-bot-killer', '1.7.9', '2015-08-12 12:05:22.264+00');
INSERT INTO pluginversion (id, pluginname, pluginkey, pluginversion, created) VALUES (10118, 'Atlassian Hipchat Integration Plugin Core', 'com.atlassian.plugins.base-hipchat-integration-plugin-api', '7.8.29', '2017-02-24 06:50:25.005+00');
INSERT INTO pluginversion (id, pluginname, pluginkey, pluginversion, created) VALUES (10119, 'Atlassian Hipchat Integration Plugin', 'com.atlassian.plugins.base-hipchat-integration-plugin', '7.8.29', '2017-02-24 06:50:25.021+00');
INSERT INTO pluginversion (id, pluginname, pluginkey, pluginversion, created) VALUES (10120, 'Project Creation Capability Product REST Plugin', 'com.atlassian.plugins.atlassian-project-creation-plugin', '2.0.8', '2017-02-24 06:50:25.032+00');
INSERT INTO pluginversion (id, pluginname, pluginkey, pluginversion, created) VALUES (10121, 'HipChat for JIRA', 'com.atlassian.labs.hipchat.hipchat-for-jira-plugin', '7.8.29', '2017-02-24 06:50:25.022+00');
INSERT INTO pluginversion (id, pluginname, pluginkey, pluginversion, created) VALUES (10123, 'Atlassian OAuth Admin Plugin', 'com.atlassian.oauth.admin', '2.0.2', '2015-08-12 12:05:22.5+00');
INSERT INTO pluginversion (id, pluginname, pluginkey, pluginversion, created) VALUES (10124, 'Atlassian OAuth Consumer Plugin', 'com.atlassian.oauth.consumer', '2.0.2', '2015-08-12 12:05:22.502+00');
INSERT INTO pluginversion (id, pluginname, pluginkey, pluginversion, created) VALUES (10125, 'Atlassian OAuth Service Provider Plugin', 'com.atlassian.oauth.serviceprovider', '2.0.2', '2015-08-12 12:05:22.508+00');
INSERT INTO pluginversion (id, pluginname, pluginkey, pluginversion, created) VALUES (10127, 'Atlassian PDK Install Plugin', 'com.atlassian.pdkinstall', '0.6', '2015-08-12 12:05:22.512+00');
INSERT INTO pluginversion (id, pluginname, pluginkey, pluginversion, created) VALUES (10128, 'Atlassian Plugins - JavaScript libraries', 'com.atlassian.plugin.jslibs', '0.10.0', '2017-02-24 06:50:25.021+00');
INSERT INTO pluginversion (id, pluginname, pluginkey, pluginversion, created) VALUES (10129, 'Atlassian Awareness Capability', 'com.atlassian.plugins.atlassian-awareness-capability', '0.0.6', '2015-08-12 12:05:22.53+00');
INSERT INTO pluginversion (id, pluginname, pluginkey, pluginversion, created) VALUES (10130, 'Atlassian Plugins - Web Resources - Implementation Plugin', 'com.atlassian.plugins.atlassian-plugins-webresource-plugin', '3.5.36', '2017-02-24 06:50:25.009+00');
INSERT INTO pluginversion (id, pluginname, pluginkey, pluginversion, created) VALUES (10131, 'Atlassian Plugins - Web Resources REST', 'com.atlassian.plugins.atlassian-plugins-webresource-rest', '3.5.36', '2017-02-24 06:50:25.032+00');
INSERT INTO pluginversion (id, pluginname, pluginkey, pluginversion, created) VALUES (10132, 'Atlassian Remote Event Common Plugin', 'com.atlassian.plugins.atlassian-remote-event-common-plugin', '1.0.9-D20151109T070900', '2017-02-24 06:50:25.006+00');
INSERT INTO pluginversion (id, pluginname, pluginkey, pluginversion, created) VALUES (10133, 'Atlassian Remote Event Consumer Plugin', 'com.atlassian.plugins.atlassian-remote-event-consumer-plugin', '1.0.9-D20151109T070900', '2017-02-24 06:50:25.007+00');
INSERT INTO pluginversion (id, pluginname, pluginkey, pluginversion, created) VALUES (10134, 'Atlassian Whitelist UI Plugin', 'com.atlassian.plugins.atlassian-whitelist-ui-plugin', '1.18', '2015-08-12 12:05:22.588+00');
INSERT INTO pluginversion (id, pluginname, pluginkey, pluginversion, created) VALUES (10136, 'Atlassian browser metrics plugin', 'com.atlassian.plugins.browser.metrics.browser-metrics-plugin', '5.0.0', '2017-02-24 06:50:25.025+00');
INSERT INTO pluginversion (id, pluginname, pluginkey, pluginversion, created) VALUES (10137, 'jira-help-tips', 'com.atlassian.plugins.helptips.jira-help-tips', '1.5.2', '2017-02-24 06:50:25.003+00');
INSERT INTO pluginversion (id, pluginname, pluginkey, pluginversion, created) VALUES (10138, 'Issue Status Plugin', 'com.atlassian.plugins.issue-status-plugin', '1.1.7', '2015-08-12 12:05:22.606+00');
INSERT INTO pluginversion (id, pluginname, pluginkey, pluginversion, created) VALUES (10139, 'Attach Image for JIRA', 'com.atlassian.plugins.jira-html5-attach-images', '4.0.0', '2015-08-12 12:05:22.607+00');
INSERT INTO pluginversion (id, pluginname, pluginkey, pluginversion, created) VALUES (10140, 'Project Creation Plugin SPI for JIRA', 'com.atlassian.plugins.jira-project-creation', '2.0.8', '2017-02-24 06:50:25.002+00');
INSERT INTO pluginversion (id, pluginname, pluginkey, pluginversion, created) VALUES (10141, 'Remote Link Aggregator Plugin', 'com.atlassian.plugins.remote-link-aggregator-plugin', '2.0.14', '2015-08-12 12:05:22.62+00');
INSERT INTO pluginversion (id, pluginname, pluginkey, pluginversion, created) VALUES (10142, 'JIRA Remote Link Aggregator Plugin', 'com.atlassian.plugins.jira-remote-link-aggregator-plugin', '2.0.14', '2015-08-12 12:05:22.622+00');
INSERT INTO pluginversion (id, pluginname, pluginkey, pluginversion, created) VALUES (10143, 'jquery', 'com.atlassian.plugins.jquery', '1.7.2.1', '2017-02-24 06:50:25.029+00');
INSERT INTO pluginversion (id, pluginname, pluginkey, pluginversion, created) VALUES (10144, 'Pocketknife Feature Flags Plugin', 'com.atlassian.pocketknife.featureflags-plugin', '0.5.4', '2017-02-24 06:50:25.039+00');
INSERT INTO pluginversion (id, pluginname, pluginkey, pluginversion, created) VALUES (10145, 'Atlassian Pretty URLs Plugin', 'com.atlassian.prettyurls.atlassian-pretty-urls-plugin', '2.1.2', '2017-02-24 06:50:25.026+00');
INSERT INTO pluginversion (id, pluginname, pluginkey, pluginversion, created) VALUES (10148, 'Atlassian JIRA - Plugins - SAL Plugin', 'com.atlassian.sal.jira', '7.3.0', '2017-02-24 06:50:25.041+00');
INSERT INTO pluginversion (id, pluginname, pluginkey, pluginversion, created) VALUES (10149, 'scala-2.11-provider-plugin', 'com.atlassian.scala.plugins.scala-2.11-provider-plugin', '0.12', '2017-02-24 06:50:25.008+00');
INSERT INTO pluginversion (id, pluginname, pluginkey, pluginversion, created) VALUES (10150, 'Atlassian Soy - Plugin', 'com.atlassian.soy.soy-template-plugin', '4.3.0', '2017-02-24 06:50:25.011+00');
INSERT INTO pluginversion (id, pluginname, pluginkey, pluginversion, created) VALUES (10152, 'Streams Plugin', 'com.atlassian.streams', '6.0.14', '2017-02-24 06:50:25.019+00');
INSERT INTO pluginversion (id, pluginname, pluginkey, pluginversion, created) VALUES (10153, 'Streams Inline Actions Plugin', 'com.atlassian.streams.actions', '6.0.14', '2017-02-24 06:50:25.007+00');
INSERT INTO pluginversion (id, pluginname, pluginkey, pluginversion, created) VALUES (10154, 'Streams Core Plugin', 'com.atlassian.streams.core', '6.0.14', '2017-02-24 06:50:25.019+00');
INSERT INTO pluginversion (id, pluginname, pluginkey, pluginversion, created) VALUES (10155, 'JIRA Streams Inline Actions Plugin', 'com.atlassian.streams.jira.inlineactions', '6.0.14', '2017-02-24 06:50:25.023+00');
INSERT INTO pluginversion (id, pluginname, pluginkey, pluginversion, created) VALUES (10156, 'JIRA Activity Stream Plugin', 'com.atlassian.streams.streams-jira-plugin', '6.0.14', '2017-02-24 06:50:25.042+00');
INSERT INTO pluginversion (id, pluginname, pluginkey, pluginversion, created) VALUES (10157, 'Streams Third Party Provider Plugin', 'com.atlassian.streams.streams-thirdparty-plugin', '6.0.14', '2017-02-24 06:50:25.017+00');
INSERT INTO pluginversion (id, pluginname, pluginkey, pluginversion, created) VALUES (10158, 'Support Tools Plugin', 'com.atlassian.support.stp', '3.9.13', '2017-02-24 06:50:25.015+00');
INSERT INTO pluginversion (id, pluginname, pluginkey, pluginversion, created) VALUES (10159, 'Universal Plugin Manager - Role-Based Licensing Implementation Plugin', 'com.atlassian.upm.role-based-licensing-plugin', '2.21', '2017-02-24 06:50:25.028+00');
INSERT INTO pluginversion (id, pluginname, pluginkey, pluginversion, created) VALUES (10160, 'Atlassian Universal Plugin Manager Plugin', 'com.atlassian.upm.atlassian-universal-plugin-manager-plugin', '2.21', '2017-02-24 06:50:25.027+00');
INSERT INTO pluginversion (id, pluginname, pluginkey, pluginversion, created) VALUES (10161, 'Atlassian Application Manager plugin', 'com.atlassian.upm.upm-application-plugin', '2.21', '2017-02-24 06:50:25.024+00');
INSERT INTO pluginversion (id, pluginname, pluginkey, pluginversion, created) VALUES (10162, 'ROME: RSS/Atom syndication and publishing tools', 'com.springsource.com.sun.syndication-0.9.0', '0.9.0', '2015-08-12 12:05:22.879+00');
INSERT INTO pluginversion (id, pluginname, pluginkey, pluginversion, created) VALUES (10163, 'JDOM DOM Processor', 'com.springsource.org.jdom-1.0.0', '1.0.0', '2015-08-12 12:05:22.88+00');
INSERT INTO pluginversion (id, pluginname, pluginkey, pluginversion, created) VALUES (10164, 'Crowd REST API', 'crowd-rest-application-management', '1.0', '2015-08-12 12:05:22.924+00');
INSERT INTO pluginversion (id, pluginname, pluginkey, pluginversion, created) VALUES (10165, 'Crowd REST API', 'crowd-rest-plugin', '1.0', '2015-08-12 12:05:22.948+00');
INSERT INTO pluginversion (id, pluginname, pluginkey, pluginversion, created) VALUES (10166, 'Crowd System Password Encoders', 'crowd.system.passwordencoders', '1.0', '2015-08-12 12:05:22.95+00');
INSERT INTO pluginversion (id, pluginname, pluginkey, pluginversion, created) VALUES (10167, 'JIRA Footer', 'jira.footer', '1.0', '2015-08-12 12:05:22.951+00');
INSERT INTO pluginversion (id, pluginname, pluginkey, pluginversion, created) VALUES (10168, 'Help Paths Plugin', 'jira.help.paths', '1.0', '2015-08-12 12:05:22.952+00');
INSERT INTO pluginversion (id, pluginname, pluginkey, pluginversion, created) VALUES (10169, 'Issue Views Plugin', 'jira.issueviews', '1.0', '2015-08-12 12:05:22.953+00');
INSERT INTO pluginversion (id, pluginname, pluginkey, pluginversion, created) VALUES (10170, 'JQL Functions', 'jira.jql.function', '1.0', '2015-08-12 12:05:22.955+00');
INSERT INTO pluginversion (id, pluginname, pluginkey, pluginversion, created) VALUES (10171, 'Keyboard Shortcuts Plugin', 'jira.keyboard.shortcuts', '1.0', '2015-08-12 12:05:22.957+00');
INSERT INTO pluginversion (id, pluginname, pluginkey, pluginversion, created) VALUES (10172, 'JIRA Attachment Archive File Processors', 'jira.system.attachment.processors', '1.0', '2015-08-12 12:05:22.958+00');
INSERT INTO pluginversion (id, pluginname, pluginkey, pluginversion, created) VALUES (10173, 'JIRA Global Permissions', 'jira.system.global.permissions', '1.0', '2015-08-12 12:05:22.959+00');
INSERT INTO pluginversion (id, pluginname, pluginkey, pluginversion, created) VALUES (10174, 'JIRA Project Permissions', 'jira.system.project.permissions', '1.0', '2015-08-12 12:05:22.961+00');
INSERT INTO pluginversion (id, pluginname, pluginkey, pluginversion, created) VALUES (10175, 'Top Navigation Bar', 'jira.top.navigation.bar', '1.0', '2015-08-12 12:05:22.967+00');
INSERT INTO pluginversion (id, pluginname, pluginkey, pluginversion, created) VALUES (10176, 'JIRA Usage Hints', 'jira.usage.hints', '1.0', '2015-08-12 12:05:22.968+00');
INSERT INTO pluginversion (id, pluginname, pluginkey, pluginversion, created) VALUES (10177, 'User Format', 'jira.user.format', '1.0', '2015-08-12 12:05:22.97+00');
INSERT INTO pluginversion (id, pluginname, pluginkey, pluginversion, created) VALUES (10178, 'User Profile Panels', 'jira.user.profile.panels', '1.0', '2015-08-12 12:05:22.97+00');
INSERT INTO pluginversion (id, pluginname, pluginkey, pluginversion, created) VALUES (10179, 'Admin Menu Sections', 'jira.webfragments.admin', '1.0', '2015-08-12 12:05:22.994+00');
INSERT INTO pluginversion (id, pluginname, pluginkey, pluginversion, created) VALUES (10180, 'Browse Project Operations Sections', 'jira.webfragments.browse.project.links', '1.0', '2015-08-12 12:05:22.995+00');
INSERT INTO pluginversion (id, pluginname, pluginkey, pluginversion, created) VALUES (10181, 'Preset Filters Sections', 'jira.webfragments.preset.filters', '1.0', '2015-08-12 12:05:22.997+00');
INSERT INTO pluginversion (id, pluginname, pluginkey, pluginversion, created) VALUES (10182, 'User Navigation Bar Sections', 'jira.webfragments.user.navigation.bar', '1.0', '2015-08-12 12:05:22.999+00');
INSERT INTO pluginversion (id, pluginname, pluginkey, pluginversion, created) VALUES (10183, 'User Profile Links', 'jira.webfragments.user.profile.links', '1.0', '2015-08-12 12:05:23+00');
INSERT INTO pluginversion (id, pluginname, pluginkey, pluginversion, created) VALUES (10184, 'View Project Operations Sections', 'jira.webfragments.view.project.operations', '1.0', '2015-08-12 12:05:23.001+00');
INSERT INTO pluginversion (id, pluginname, pluginkey, pluginversion, created) VALUES (10185, 'Web Panel Plugin', 'jira.webpanels', '1.0', '2015-08-12 12:05:23.002+00');
INSERT INTO pluginversion (id, pluginname, pluginkey, pluginversion, created) VALUES (10186, 'Web Resources Plugin', 'jira.webresources', '1.0', '2015-08-12 12:05:23.009+00');
INSERT INTO pluginversion (id, pluginname, pluginkey, pluginversion, created) VALUES (10187, 'Apache HttpClient OSGi bundle', 'org.apache.httpcomponents.httpclient-4.2.5', '4.2.5', '2015-08-12 12:05:23.01+00');
INSERT INTO pluginversion (id, pluginname, pluginkey, pluginversion, created) VALUES (10188, 'Apache HttpCore OSGi bundle', 'org.apache.httpcomponents.httpcore-4.2.4', '4.2.4', '2015-08-12 12:05:23.011+00');
INSERT INTO pluginversion (id, pluginname, pluginkey, pluginversion, created) VALUES (10200, 'OSGi R4 Compendium Bundle', 'org.osgi.compendium-4.1.0', '4.1.0', '2017-02-17 11:08:26.983+00');
INSERT INTO pluginversion (id, pluginname, pluginkey, pluginversion, created) VALUES (10201, 'Streams API', 'com.atlassian.streams.streams-api', '6.0.14', '2017-02-24 06:50:25.03+00');
INSERT INTO pluginversion (id, pluginname, pluginkey, pluginversion, created) VALUES (10202, 'Streams SPI', 'com.atlassian.streams.streams-spi', '6.0.14', '2017-02-24 06:50:25.016+00');
INSERT INTO pluginversion (id, pluginname, pluginkey, pluginversion, created) VALUES (10203, 'Capture for JIRA', 'com.atlassian.bonfire.plugin', '2.9.15-SNAPSHOT', '2017-02-17 11:08:28.38+00');
INSERT INTO pluginversion (id, pluginname, pluginkey, pluginversion, created) VALUES (10204, 'Atlassian REST API Browser', 'com.atlassian.labs.rest-api-browser', '3.0.12', '2017-02-17 11:08:28.44+00');
INSERT INTO pluginversion (id, pluginname, pluginkey, pluginversion, created) VALUES (10205, 'Atlassian Developer Toolbox', 'com.atlassian.devrel.developer-toolbox-plugin', '2.0.16', '2017-02-17 11:08:28.446+00');
INSERT INTO pluginversion (id, pluginname, pluginkey, pluginversion, created) VALUES (10206, 'httpservice-bridge', 'com.atlassian.labs.httpservice.bridge-0.6.2', '0.6.2', '2017-02-17 11:08:30.476+00');
INSERT INTO pluginversion (id, pluginname, pluginkey, pluginversion, created) VALUES (10207, 'Workbox - Common Plugin', 'com.atlassian.mywork.mywork-common-plugin', '5.0.3', '2017-02-24 06:50:25.01+00');
INSERT INTO pluginversion (id, pluginname, pluginkey, pluginversion, created) VALUES (10208, 'Workbox - JIRA Provider Plugin', 'com.atlassian.mywork.mywork-jira-provider-plugin', '5.0.3', '2017-02-24 06:50:25.024+00');
INSERT INTO pluginversion (id, pluginname, pluginkey, pluginversion, created) VALUES (10209, 'Apache Commons FileUpload Bundle', 'org.apache.commons.fileupload-1.2.1', '1.2.1', '2017-02-17 11:08:30.517+00');
INSERT INTO pluginversion (id, pluginname, pluginkey, pluginversion, created) VALUES (10210, 'plugin-data-editor', 'com.atlassian.plugins.plugin-data-editor', '1.2', '2017-02-17 11:08:30.667+00');
INSERT INTO pluginversion (id, pluginname, pluginkey, pluginversion, created) VALUES (10211, 'Apache Felix Web Management Console', 'org.apache.felix.webconsole-1.2.8', '1.2.8', '2017-02-17 11:08:30.993+00');
INSERT INTO pluginversion (id, pluginname, pluginkey, pluginversion, created) VALUES (10212, 'JIRA Core German (Germany) Language Pack', 'tac.jira core.languages.de_DE', '7.3.0.QR-20161206104648-v2r374-2016-12-14', '2017-02-24 06:50:25.009+00');
INSERT INTO pluginversion (id, pluginname, pluginkey, pluginversion, created) VALUES (10213, 'JIRA Core Spanish (Spain) Language Pack', 'tac.jira core.languages.es_ES', '7.3.0.QR-20161206104648-v2r266-2016-12-14', '2017-02-24 06:50:25.024+00');
INSERT INTO pluginversion (id, pluginname, pluginkey, pluginversion, created) VALUES (10214, 'JIRA Core French (France) Language Pack', 'tac.jira core.languages.fr_FR', '7.3.0.QR-20161206104648-v2r292-2016-12-14', '2017-02-24 06:50:25.038+00');
INSERT INTO pluginversion (id, pluginname, pluginkey, pluginversion, created) VALUES (10215, 'JIRA Core Japanese (Japan) Language Pack', 'tac.jira core.languages.ja_JP', '7.3.0.QR-20161206104648-v2r1152-2016-12-14', '2017-02-24 06:50:25.008+00');
INSERT INTO pluginversion (id, pluginname, pluginkey, pluginversion, created) VALUES (10300, 'Functional Extensions Scala Inter-Ops', 'io.atlassian.fugue.scala-4.3.1', '4.3.1', '2017-02-24 06:50:25.003+00');
INSERT INTO pluginversion (id, pluginname, pluginkey, pluginversion, created) VALUES (10301, 'Entity property conditions', 'system.entity.property.conditions', '1.0', '2017-02-24 06:50:25.011+00');
INSERT INTO pluginversion (id, pluginname, pluginkey, pluginversion, created) VALUES (10302, 'Functional Optics Library', 'io.atlassian.fugue.optics-4.3.1', '4.3.1', '2017-02-24 06:50:25.018+00');
INSERT INTO pluginversion (id, pluginname, pluginkey, pluginversion, created) VALUES (10303, 'Atlassian JIRA - Plugins - Core Reports', 'com.atlassian.jira.jira-core-reports-plugin', '7.3.0', '2017-02-24 06:50:25.019+00');
INSERT INTO pluginversion (id, pluginname, pluginkey, pluginversion, created) VALUES (10304, 'JIRA Core Russian (Russia) Language Pack', 'tac.jira core.languages.ru_RU', '7.3.0.QR-20161206104648-v2r1867-2016-12-14', '2017-02-24 06:50:25.019+00');
INSERT INTO pluginversion (id, pluginname, pluginkey, pluginversion, created) VALUES (10305, 'Functional Extensions Retry Inter-Ops', 'io.atlassian.fugue.retry-4.3.1', '4.3.1', '2017-02-24 06:50:25.019+00');
INSERT INTO pluginversion (id, pluginname, pluginkey, pluginversion, created) VALUES (10306, 'Atlassian JIRA - Plugins - Feedback Plugin', 'com.atlassian.feedback.jira-feedback-plugin', '7.3.0', '2017-02-24 06:50:25.022+00');
INSERT INTO pluginversion (id, pluginname, pluginkey, pluginversion, created) VALUES (10307, 'JIRA Feature Keys', 'jira.feature.keys', '1.0', '2017-02-24 06:50:25.023+00');
INSERT INTO pluginversion (id, pluginname, pluginkey, pluginversion, created) VALUES (10308, 'JIRA Core Korean (South Korea) Language Pack', 'tac.jira core.languages.ko_KR', '7.3.0.QR-20161206104648-v2r677-2016-12-14', '2017-02-24 06:50:25.024+00');
INSERT INTO pluginversion (id, pluginname, pluginkey, pluginversion, created) VALUES (10309, 'Atlassian JIRA - Plugins - File viewer plugin', 'com.atlassian.jira.jira-fileviewer-plugin', '7.2.1', '2017-02-24 06:50:25.026+00');
INSERT INTO pluginversion (id, pluginname, pluginkey, pluginversion, created) VALUES (10310, 'Atlassian JIRA - Plugins - Admin Upgrades', 'com.atlassian.jira.jira-admin-updates-plugin', '7.3.0', '2017-02-24 06:50:25.026+00');
INSERT INTO pluginversion (id, pluginname, pluginkey, pluginversion, created) VALUES (10311, 'SAML for Atlassian Data Center', 'com.atlassian.plugins.authentication.atlassian-authentication-plugin', '2.0.2', '2017-02-24 06:50:25.027+00');
INSERT INTO pluginversion (id, pluginname, pluginkey, pluginversion, created) VALUES (10312, 'JIRA Core Portuguese (Brazil) Language Pack', 'tac.jira core.languages.pt_BR', '7.3.0.QR-20161206104648-v2r1461-2016-12-14', '2017-02-24 06:50:25.027+00');
INSERT INTO pluginversion (id, pluginname, pluginkey, pluginversion, created) VALUES (10313, 'Soy Function Plugin', 'com.atlassian.jira.plugin.system.soyfunction', '1.0', '2017-02-24 06:50:25.028+00');
INSERT INTO pluginversion (id, pluginname, pluginkey, pluginversion, created) VALUES (10314, 'Atlassian Spring Scanner Runtime', 'com.atlassian.plugin.atlassian-spring-scanner-runtime', '2.0.0', '2017-02-24 06:50:25.034+00');
INSERT INTO pluginversion (id, pluginname, pluginkey, pluginversion, created) VALUES (10315, 'Atlassian Net Promoter Score', 'com.atlassian.plugins.atlassian-nps-plugin', '3.1.25', '2017-02-24 06:50:25.035+00');
INSERT INTO pluginversion (id, pluginname, pluginkey, pluginversion, created) VALUES (10316, 'atlassian-servlet-plugin', 'com.atlassian.web.atlassian-servlet-plugin', '5.1.1', '2017-02-24 06:50:25.035+00');
INSERT INTO pluginversion (id, pluginname, pluginkey, pluginversion, created) VALUES (10317, 'Functional Extensions Guava Inter-Ops', 'io.atlassian.fugue.guava-4.3.1', '4.3.1', '2017-02-24 06:50:25.036+00');
INSERT INTO pluginversion (id, pluginname, pluginkey, pluginversion, created) VALUES (10318, 'Atlassian Spring Scanner Annotations', 'com.atlassian.plugin.atlassian-spring-scanner-annotation', '2.0.0', '2017-02-24 06:50:25.036+00');
INSERT INTO pluginversion (id, pluginname, pluginkey, pluginversion, created) VALUES (10319, 'Functional Extensions', 'io.atlassian.fugue-4.3.1', '4.3.1', '2017-02-24 06:50:25.036+00');
INSERT INTO pluginversion (id, pluginname, pluginkey, pluginversion, created) VALUES (10320, 'Rich Text Editor for JIRA', 'com.atlassian.jira.plugins.jira-editor-plugin', '1.2.27', '2017-02-24 06:50:25.036+00');
INSERT INTO pluginversion (id, pluginname, pluginkey, pluginversion, created) VALUES (10321, 'Icon Types Plugin', 'jira.icontypes', '1.0', '2017-02-24 06:50:25.037+00');
INSERT INTO pluginversion (id, pluginname, pluginkey, pluginversion, created) VALUES (10322, 'Filter Deletion Warning Plugin', 'jira.filter.deletion.warning', '1.0', '2017-02-24 06:50:25.04+00');
INSERT INTO pluginversion (id, pluginname, pluginkey, pluginversion, created) VALUES (10100, 'jira-inline-issue-create-plugin', 'com.atlassian.jira.plugins.inline-create.jira-inline-issue-create-plugin', '1.4.0-m01', '2017-02-24 06:50:25.024+00');
INSERT INTO pluginversion (id, pluginname, pluginkey, pluginversion, created) VALUES (10101, 'Atlassian JIRA - Admin Helper Plugin', 'com.atlassian.jira.plugins.jira-admin-helper-plugin', '4.1.3', '2017-02-24 06:50:25.025+00');
INSERT INTO pluginversion (id, pluginname, pluginkey, pluginversion, created) VALUES (10102, 'JIRA Auditing Plugin', 'com.atlassian.jira.plugins.jira-auditing-plugin', '1.9.2', '2017-02-24 06:50:25.03+00');
INSERT INTO pluginversion (id, pluginname, pluginkey, pluginversion, created) VALUES (10103, 'JIRA browser metrics integration plugin', 'com.atlassian.jira.plugins.jira-browser-metrics', '2.0.2', '2017-02-24 06:50:25.042+00');
INSERT INTO pluginversion (id, pluginname, pluginkey, pluginversion, created) VALUES (10104, 'JIRA Drag and Drop Attachment Plugin', 'com.atlassian.jira.plugins.jira-dnd-attachment-plugin', '4.4.8', '2017-02-24 06:50:25.007+00');
INSERT INTO pluginversion (id, pluginname, pluginkey, pluginversion, created) VALUES (10105, 'Support Healthcheck Plugin', 'com.atlassian.support.healthcheck.support-healthcheck-plugin', '2.0.15', '2017-02-24 06:50:25.036+00');
INSERT INTO pluginversion (id, pluginname, pluginkey, pluginversion, created) VALUES (10000, 'ActiveObjects Plugin - OSGi Bundle', 'com.atlassian.activeobjects.activeobjects-plugin', '1.2.3', '2017-02-24 06:50:25.022+00');
INSERT INTO pluginversion (id, pluginname, pluginkey, pluginversion, created) VALUES (10001, 'Atlassian Template Renderer API', 'com.atlassian.templaterenderer.api', '2.0.0', '2015-08-12 12:05:19.142+00');
INSERT INTO pluginversion (id, pluginname, pluginkey, pluginversion, created) VALUES (10002, 'Atlassian Template Renderer Velocity 1.6 Plugin', 'com.atlassian.templaterenderer.atlassian-template-renderer-velocity1.6-plugin', '2.0.0', '2015-08-12 12:05:19.146+00');
INSERT INTO pluginversion (id, pluginname, pluginkey, pluginversion, created) VALUES (10003, 'Atlassian REST - Module Types', 'com.atlassian.plugins.rest.atlassian-rest-module', '3.2.11', '2017-02-24 06:50:25.029+00');
INSERT INTO pluginversion (id, pluginname, pluginkey, pluginversion, created) VALUES (10004, 'Atlassian - Administration - Quick Search - JIRA', 'com.atlassian.administration.atlassian-admin-quicksearch-jira', '2.3.3', '2017-02-24 06:50:25.042+00');
INSERT INTO pluginversion (id, pluginname, pluginkey, pluginversion, created) VALUES (10005, 'Analytics Client Plugin', 'com.atlassian.analytics.analytics-client', '5.2.0', '2017-02-24 06:50:25.002+00');
INSERT INTO pluginversion (id, pluginname, pluginkey, pluginversion, created) VALUES (10006, 'Analytics Whitelist Plugin', 'com.atlassian.analytics.analytics-whitelist', '3.37', '2015-08-12 12:05:19.246+00');
INSERT INTO pluginversion (id, pluginname, pluginkey, pluginversion, created) VALUES (10007, 'JSON Library', 'com.atlassian.bundles.json-20070829.0.0.1', '20070829.0.0.1', '2015-08-12 12:05:19.246+00');
INSERT INTO pluginversion (id, pluginname, pluginkey, pluginversion, created) VALUES (10008, 'Atlassian OAuth Consumer SPI', 'com.atlassian.oauth.atlassian-oauth-consumer-spi', '2.0.2', '2015-08-12 12:05:19.247+00');
INSERT INTO pluginversion (id, pluginname, pluginkey, pluginversion, created) VALUES (10009, 'Atlassian OAuth Service Provider SPI', 'com.atlassian.oauth.atlassian-oauth-service-provider-spi', '2.0.2', '2015-08-12 12:05:19.249+00');
INSERT INTO pluginversion (id, pluginname, pluginkey, pluginversion, created) VALUES (10010, 'Applinks - Plugin - Core', 'com.atlassian.applinks.applinks-plugin', '5.2.4', '2017-02-24 06:50:25.012+00');
INSERT INTO pluginversion (id, pluginname, pluginkey, pluginversion, created) VALUES (10011, 'Applinks - Plugin - Basic Authentication', 'com.atlassian.applinks.applinks-basicauth-plugin', '5.2.4', '2017-02-24 06:50:25.014+00');
INSERT INTO pluginversion (id, pluginname, pluginkey, pluginversion, created) VALUES (10012, 'Applinks - Plugin - CORS', 'com.atlassian.applinks.applinks-cors-plugin', '5.2.4', '2017-02-24 06:50:25.017+00');
INSERT INTO pluginversion (id, pluginname, pluginkey, pluginversion, created) VALUES (10013, 'Atlassian JIRA - Plugins - OAuth Consumer SPI', 'com.atlassian.jira.oauth.consumer', '7.3.0', '2017-02-24 06:50:25.038+00');
INSERT INTO pluginversion (id, pluginname, pluginkey, pluginversion, created) VALUES (10014, 'Applinks - Plugin - OAuth', 'com.atlassian.applinks.applinks-oauth-plugin', '5.2.4', '2017-02-24 06:50:25.042+00');
INSERT INTO pluginversion (id, pluginname, pluginkey, pluginversion, created) VALUES (10015, 'Applinks - Plugin - Trusted Apps', 'com.atlassian.applinks.applinks-trustedapps-plugin', '5.2.4', '2017-02-24 06:50:25.016+00');
INSERT INTO pluginversion (id, pluginname, pluginkey, pluginversion, created) VALUES (10018, 'atlassian-failure-cache-plugin', 'com.atlassian.atlassian-failure-cache-plugin', '0.15', '2015-08-12 12:05:19.445+00');
INSERT INTO pluginversion (id, pluginname, pluginkey, pluginversion, created) VALUES (10019, 'Atlassian UI Plugin', 'com.atlassian.auiplugin', '6.0.0', '2017-02-24 06:50:25.009+00');
INSERT INTO pluginversion (id, pluginname, pluginkey, pluginversion, created) VALUES (10020, 'ICU4J', 'com.atlassian.bundles.icu4j-3.8.0.1', '3.8.0.1', '2015-08-12 12:05:19.454+00');
INSERT INTO pluginversion (id, pluginname, pluginkey, pluginversion, created) VALUES (10021, 'Neko HTML', 'com.atlassian.bundles.nekohtml-1.9.12.1', '1.9.12.1', '2015-08-12 12:05:19.455+00');
INSERT INTO pluginversion (id, pluginname, pluginkey, pluginversion, created) VALUES (10022, 'Atlassian Embedded Crowd - Administration Plugin', 'com.atlassian.crowd.embedded.admin', '2.3.3', '2017-02-24 06:50:25.002+00');
INSERT INTO pluginversion (id, pluginname, pluginkey, pluginversion, created) VALUES (10023, 'Gadget Dashboard Plugin', 'com.atlassian.gadgets.dashboard', '4.2.16', '2017-02-24 06:50:25.042+00');
INSERT INTO pluginversion (id, pluginname, pluginkey, pluginversion, created) VALUES (10024, 'ROME, RSS and atOM utilitiEs for Java', 'rome.rome-1.0', '1.0', '2015-08-12 12:05:19.501+00');
INSERT INTO pluginversion (id, pluginname, pluginkey, pluginversion, created) VALUES (10025, 'Gadget Directory Plugin', 'com.atlassian.gadgets.directory', '4.2.16', '2017-02-24 06:50:25.02+00');
INSERT INTO pluginversion (id, pluginname, pluginkey, pluginversion, created) VALUES (10026, 'Embedded Gadgets Plugin', 'com.atlassian.gadgets.embedded', '4.2.16', '2017-02-24 06:50:25.018+00');
INSERT INTO pluginversion (id, pluginname, pluginkey, pluginversion, created) VALUES (10027, 'Atlassian Gadgets OAuth Service Provider Plugin', 'com.atlassian.gadgets.oauth.serviceprovider', '4.2.16', '2017-02-24 06:50:25.008+00');
INSERT INTO pluginversion (id, pluginname, pluginkey, pluginversion, created) VALUES (10028, 'Opensocial Plugin', 'com.atlassian.gadgets.opensocial', '4.2.16', '2017-02-24 06:50:25.034+00');
INSERT INTO pluginversion (id, pluginname, pluginkey, pluginversion, created) VALUES (10029, 'Gadget Spec Publisher Plugin', 'com.atlassian.gadgets.publisher', '4.2.16', '2017-02-24 06:50:25.038+00');
INSERT INTO pluginversion (id, pluginname, pluginkey, pluginversion, created) VALUES (10030, 'Atlassian HealthCheck Common Module', 'com.atlassian.healthcheck.atlassian-healthcheck', '3.0.1', '2015-08-12 12:05:19.569+00');


--
-- Name: pluginversion_id_seq; Type: SEQUENCE SET; Schema: public; Owner: jira
--

SELECT pg_catalog.setval('pluginversion_id_seq', 10400, false);


--
-- Data for Name: portalpage; Type: TABLE DATA; Schema: public; Owner: jira
--

INSERT INTO portalpage (id, username, pagename, description, sequence, fav_count, layout, ppversion) VALUES (10000, NULL, 'System Dashboard', NULL, 0, 0, 'AA', 0);


--
-- Name: portalpage_id_seq; Type: SEQUENCE SET; Schema: public; Owner: jira
--

SELECT pg_catalog.setval('portalpage_id_seq', 10100, false);


--
-- Data for Name: portletconfiguration; Type: TABLE DATA; Schema: public; Owner: jira
--

INSERT INTO portletconfiguration (id, portalpage, portlet_id, column_number, positionseq, gadget_xml, color, dashboard_module_complete_key) VALUES (10000, 10000, NULL, 0, 0, NULL, NULL, 'com.atlassian.jira.gadgets:introduction-dashboard-item');
INSERT INTO portletconfiguration (id, portalpage, portlet_id, column_number, positionseq, gadget_xml, color, dashboard_module_complete_key) VALUES (10002, 10000, NULL, 1, 0, 'rest/gadgets/1.0/g/com.atlassian.jira.gadgets:assigned-to-me-gadget/gadgets/assigned-to-me-gadget.xml', NULL, NULL);
INSERT INTO portletconfiguration (id, portalpage, portlet_id, column_number, positionseq, gadget_xml, color, dashboard_module_complete_key) VALUES (10003, 10000, NULL, 1, 1, 'rest/gadgets/1.0/g/com.atlassian.streams.streams-jira-plugin:activitystream-gadget/gadgets/activitystream-gadget.xml', NULL, NULL);


--
-- Name: portletconfiguration_id_seq; Type: SEQUENCE SET; Schema: public; Owner: jira
--

SELECT pg_catalog.setval('portletconfiguration_id_seq', 10100, false);


--
-- Data for Name: priority; Type: TABLE DATA; Schema: public; Owner: jira
--

INSERT INTO priority (id, sequence, pname, description, iconurl, status_color) VALUES ('1', 1, 'Highest', 'This problem will block progress.', '/images/icons/priorities/highest.png', '#d04437');
INSERT INTO priority (id, sequence, pname, description, iconurl, status_color) VALUES ('2', 2, 'High', 'Serious problem that could block progress.', '/images/icons/priorities/high.png', '#f15C75');
INSERT INTO priority (id, sequence, pname, description, iconurl, status_color) VALUES ('3', 3, 'Medium', 'Has the potential to affect progress.', '/images/icons/priorities/medium.png', '#f79232');
INSERT INTO priority (id, sequence, pname, description, iconurl, status_color) VALUES ('4', 4, 'Low', 'Minor problem or easily worked around.', '/images/icons/priorities/low.png', '#707070');
INSERT INTO priority (id, sequence, pname, description, iconurl, status_color) VALUES ('5', 5, 'Lowest', 'Trivial problem with little or no impact on progress.', '/images/icons/priorities/lowest.png', '#999999');


--
-- Name: priority_id_seq; Type: SEQUENCE SET; Schema: public; Owner: jira
--

SELECT pg_catalog.setval('priority_id_seq', 10000, false);


--
-- Data for Name: productlicense; Type: TABLE DATA; Schema: public; Owner: jira
--

INSERT INTO productlicense (id, license) VALUES (10100, 'AAACwA0ODAoPeNqVVV1v2jAUfc+vsLSXrVLSJEN0rRRpQNIVjQIKSbd124PjXMAlsZE/SvvvZ0LooE2YFiFFju17zzn33sO7ZKlRCAT5PvLcK69z5XooTQbId72u9UAFdtaC55ooZ7uwCRfg9LTiMTDYBEposGYgHkEMw6D/5TKxv6d3Hfvr/f2N3Xe9b9aIEmASkuc1jHEJQRjdRaPJNIqtWTQOEpDKvC3C2dzBRNFHCOa4kLC/Fz2tqXgOsYJAs4KWVEHeBqu+X2Gqjhx+yEwGag4lguIiYnkV0ncvL23XM7+GmJLP1QabK31aFJQtpiAozwPPt8a6zEBM5qkEIQPbs0KQRNC1opxVlFCxQ48UR0IzNMBrpQWgaaEXlL1gacLHdHnDpWG5C+67rmvV0e7Mh20G34oecaFxlW6nVosib5Dvs7zZuMWUKWCYkUPJfbfbtT3f9jqn9GmCPBBQ4avDePswIyzVLc/pnILJ2/nkdS8+dt3t08ahrWBnZ2eDOOolUWj3f5hFsFoIypa8IJ+xKrCUFDOH8NLiLIcSs/ygMZp5HJe1opHhMuP8ZadfLUec4KK3AKaq4tdn9g2b06ou0TiJ4mk8nEWnUraRG3CmTHdEpixFK7FGcDGUXEGNzj+hawNbIvgmP+pKeFIgGC5STfNgpnSG3l/jFXxAaToMd5H/i7dxCnM8B7k6nvYTEjUNyYGpHBjKfveVPZneGE8S+3oS29N4EqaDZDgZ2+ks2jZN1aeQo+wZqSWgOjCKGOE5CGQgPQBR6OdSqfWvq/PzBXeOinBez6YNuxu/HRRyxLhCOZVK0Ewr4wJLKrdWQLRUvDRyO821mxaYVS0109lfQ6lITMQCMyp3M9/bIzil2ysVambGpVO2YnzD2vqiRdsd3n8UrQrQZAcncDbnm2pBlljCa/+oB6P6K2mbiz8QiWcZMCwCFCaADpRX5kbRrQdChFoZ6BZRw1lRAhQSNzvwOvomjhGYCc6Dhc2ohg7wuw==X0211g');


--
-- Name: productlicense_id_seq; Type: SEQUENCE SET; Schema: public; Owner: jira
--

SELECT pg_catalog.setval('productlicense_id_seq', 10100, true);


--
-- Data for Name: project; Type: TABLE DATA; Schema: public; Owner: jira
--

INSERT INTO project (id, pname, url, lead, description, pkey, pcounter, assigneetype, avatar, originalkey, projecttype) VALUES (10000, 'Homosapien', '', 'admin', '', 'HSP', 7, 3, 10011, 'HSP', 'business');


--
-- Name: project_id_seq; Type: SEQUENCE SET; Schema: public; Owner: jira
--

SELECT pg_catalog.setval('project_id_seq', 10100, false);


--
-- Data for Name: project_key; Type: TABLE DATA; Schema: public; Owner: jira
--

INSERT INTO project_key (id, project_id, project_key) VALUES (10000, 10000, 'HSP');


--
-- Name: project_key_id_seq; Type: SEQUENCE SET; Schema: public; Owner: jira
--

SELECT pg_catalog.setval('project_key_id_seq', 10100, false);


--
-- Data for Name: projectcategory; Type: TABLE DATA; Schema: public; Owner: jira
--



--
-- Name: projectcategory_id_seq; Type: SEQUENCE SET; Schema: public; Owner: jira
--

SELECT pg_catalog.setval('projectcategory_id_seq', 10000, false);


--
-- Data for Name: projectchangedtime; Type: TABLE DATA; Schema: public; Owner: jira
--



--
-- Data for Name: projectrole; Type: TABLE DATA; Schema: public; Owner: jira
--

INSERT INTO projectrole (id, name, description) VALUES (10002, 'Administrators', 'A project role that represents administrators in a project');
INSERT INTO projectrole (id, name, description) VALUES (10000, 'Users', 'A project role that represents users in a project');
INSERT INTO projectrole (id, name, description) VALUES (10001, 'Developers', 'A project role that represents developers in a project');


--
-- Name: projectrole_id_seq; Type: SEQUENCE SET; Schema: public; Owner: jira
--

SELECT pg_catalog.setval('projectrole_id_seq', 10100, false);


--
-- Data for Name: projectroleactor; Type: TABLE DATA; Schema: public; Owner: jira
--

INSERT INTO projectroleactor (id, pid, projectroleid, roletype, roletypeparameter) VALUES (10000, NULL, 10000, 'atlassian-group-role-actor', 'jira-users');
INSERT INTO projectroleactor (id, pid, projectroleid, roletype, roletypeparameter) VALUES (10001, NULL, 10001, 'atlassian-group-role-actor', 'jira-developers');
INSERT INTO projectroleactor (id, pid, projectroleid, roletype, roletypeparameter) VALUES (10002, NULL, 10002, 'atlassian-group-role-actor', 'jira-administrators');
INSERT INTO projectroleactor (id, pid, projectroleid, roletype, roletypeparameter) VALUES (10100, 10000, 10002, 'atlassian-group-role-actor', 'jira-administrators');
INSERT INTO projectroleactor (id, pid, projectroleid, roletype, roletypeparameter) VALUES (10101, 10000, 10001, 'atlassian-group-role-actor', 'jira-developers');
INSERT INTO projectroleactor (id, pid, projectroleid, roletype, roletypeparameter) VALUES (10102, 10000, 10000, 'atlassian-group-role-actor', 'jira-users');


--
-- Name: projectroleactor_id_seq; Type: SEQUENCE SET; Schema: public; Owner: jira
--

SELECT pg_catalog.setval('projectroleactor_id_seq', 10200, false);


--
-- Data for Name: projectversion; Type: TABLE DATA; Schema: public; Owner: jira
--



--
-- Name: projectversion_id_seq; Type: SEQUENCE SET; Schema: public; Owner: jira
--

SELECT pg_catalog.setval('projectversion_id_seq', 10000, false);


--
-- Data for Name: propertydata; Type: TABLE DATA; Schema: public; Owner: jira
--



--
-- Data for Name: propertydate; Type: TABLE DATA; Schema: public; Owner: jira
--

INSERT INTO propertydate (id, propertyvalue) VALUES (10837, '2017-05-15 11:38:16.169+00');


--
-- Data for Name: propertydecimal; Type: TABLE DATA; Schema: public; Owner: jira
--



--
-- Data for Name: propertyentry; Type: TABLE DATA; Schema: public; Owner: jira
--

INSERT INTO propertyentry (id, entity_name, entity_id, property_key, propertytype) VALUES (10268, 'jira.properties', 1, 'com.atlassian.upm:notifications:dismissal-auto.updated.upm', 5);
INSERT INTO propertyentry (id, entity_name, entity_id, property_key, propertytype) VALUES (10269, 'jira.properties', 1, 'com.atlassian.upm.request.PluginSettingsPluginRequestStore:requests:requests_v2', 5);
INSERT INTO propertyentry (id, entity_name, entity_id, property_key, propertytype) VALUES (10273, 'jira.properties', 1, 'com.atlassian.upm.atlassian-universal-plugin-manager-plugin:build', 5);
INSERT INTO propertyentry (id, entity_name, entity_id, property_key, propertytype) VALUES (10274, 'jira.properties', 1, 'com.atlassian.jirawallboard.atlassian-wallboard-plugin:build', 5);
INSERT INTO propertyentry (id, entity_name, entity_id, property_key, propertytype) VALUES (10275, 'jira.properties', 1, 'com.atlassian.support.stp:build', 5);
INSERT INTO propertyentry (id, entity_name, entity_id, property_key, propertytype) VALUES (10276, 'jira.properties', 1, 'com.atlassian.jira.project-templates-plugin:build', 5);
INSERT INTO propertyentry (id, entity_name, entity_id, property_key, propertytype) VALUES (10277, 'jira.properties', 1, 'com.atlassian.streams.InlineActivityStream:loaded.from.jira.projects', 5);
INSERT INTO propertyentry (id, entity_name, entity_id, property_key, propertytype) VALUES (10278, 'ApplicationUser', 10000, 'jira.onboarding.first.use.flow.started', 5);
INSERT INTO propertyentry (id, entity_name, entity_id, property_key, propertytype) VALUES (10279, 'jira.properties', 1, 'com.atlassian.jira.onboarding.postsetup.AppPropertiesPostSetupAnnouncementStore.all', 6);
INSERT INTO propertyentry (id, entity_name, entity_id, property_key, propertytype) VALUES (10281, 'ApplicationUser', 10000, 'jira.onboarding.first.use.flow.current.sequence', 5);
INSERT INTO propertyentry (id, entity_name, entity_id, property_key, propertytype) VALUES (10282, 'ApplicationUser', 10000, 'user.avatar.id', 3);
INSERT INTO propertyentry (id, entity_name, entity_id, property_key, propertytype) VALUES (10283, 'ApplicationUser', 10000, 'jira.onboarding.first.use.flow.completed', 1);
INSERT INTO propertyentry (id, entity_name, entity_id, property_key, propertytype) VALUES (10284, 'ApplicationUser', 10000, 'jira.onboarding.first.use.flow.resolved', 1);
INSERT INTO propertyentry (id, entity_name, entity_id, property_key, propertytype) VALUES (10285, 'ApplicationUser', 10000, 'newsletter.signup.first.view', 3);
INSERT INTO propertyentry (id, entity_name, entity_id, property_key, propertytype) VALUES (10286, 'ApplicationUser', 10000, 'license.maintenance.remindme', 2);
INSERT INTO propertyentry (id, entity_name, entity_id, property_key, propertytype) VALUES (10300, 'jira.properties', 1, 'AO_587B34_#', 5);
INSERT INTO propertyentry (id, entity_name, entity_id, property_key, propertytype) VALUES (10301, 'vp.properties', 1, 'com.atlassian.servicedesk.renaissance.migration.type', 5);
INSERT INTO propertyentry (id, entity_name, entity_id, property_key, propertytype) VALUES (10302, 'jira.properties', 1, 'renaissanceMigrationDone', 1);
INSERT INTO propertyentry (id, entity_name, entity_id, property_key, propertytype) VALUES (10400, 'Excalibur.properties', 1, 'Excalibur.Session.Storage', 6);
INSERT INTO propertyentry (id, entity_name, entity_id, property_key, propertytype) VALUES (10402, 'Bonfire.Upgrade.Task.History', 1, '1.3.0', 5);
INSERT INTO propertyentry (id, entity_name, entity_id, property_key, propertytype) VALUES (10825, 'GreenHopper.properties', 1, 'GreenHopper.Epic.Default.issuetype.id', 5);
INSERT INTO propertyentry (id, entity_name, entity_id, property_key, propertytype) VALUES (10826, 'GreenHopper.properties', 1, 'GreenHopper.EpicLabel.Default.customfield.id', 3);
INSERT INTO propertyentry (id, entity_name, entity_id, property_key, propertytype) VALUES (10829, 'com.atlassian.jira.user.flag.FlagDismissalServiceImpl', 1, 'com.atlassian.jira.flag.resets', 6);
INSERT INTO propertyentry (id, entity_name, entity_id, property_key, propertytype) VALUES (10831, 'GreenHopper.properties', 1, 'GreenHopper.EpicStatus.Default.customfield.id', 3);
INSERT INTO propertyentry (id, entity_name, entity_id, property_key, propertytype) VALUES (10832, 'GreenHopper.properties', 1, 'GreenHopper.EpicColor.Default.customfield.id', 3);
INSERT INTO propertyentry (id, entity_name, entity_id, property_key, propertytype) VALUES (10833, 'GreenHopper.properties', 1, 'GreenHopper.EpicLink.Default.customfield.id', 3);
INSERT INTO propertyentry (id, entity_name, entity_id, property_key, propertytype) VALUES (1, 'jira.properties', 1, 'jira.version.patched', 5);
INSERT INTO propertyentry (id, entity_name, entity_id, property_key, propertytype) VALUES (2, 'jira.properties', 1, 'jira.avatar.issuetype.subtask.default.id', 5);
INSERT INTO propertyentry (id, entity_name, entity_id, property_key, propertytype) VALUES (3, 'jira.properties', 1, 'jira.avatar.default.id', 5);
INSERT INTO propertyentry (id, entity_name, entity_id, property_key, propertytype) VALUES (4, 'jira.properties', 1, 'jira.avatar.issuetype.default.id', 5);
INSERT INTO propertyentry (id, entity_name, entity_id, property_key, propertytype) VALUES (5, 'jira.properties', 1, 'jira.avatar.user.default.id', 5);
INSERT INTO propertyentry (id, entity_name, entity_id, property_key, propertytype) VALUES (6, 'jira.properties', 1, 'jira.avatar.user.anonymous.id', 5);
INSERT INTO propertyentry (id, entity_name, entity_id, property_key, propertytype) VALUES (7, 'jira.properties', 1, 'jira.scheme.default.issue.type', 5);
INSERT INTO propertyentry (id, entity_name, entity_id, property_key, propertytype) VALUES (9, 'jira.properties', 1, 'jira.whitelist.disabled', 1);
INSERT INTO propertyentry (id, entity_name, entity_id, property_key, propertytype) VALUES (10, 'jira.properties', 1, 'jira.whitelist.rules', 6);
INSERT INTO propertyentry (id, entity_name, entity_id, property_key, propertytype) VALUES (11, 'jira.properties', 1, 'jira.option.timetracking', 1);
INSERT INTO propertyentry (id, entity_name, entity_id, property_key, propertytype) VALUES (12, 'jira.properties', 1, 'jira.timetracking.estimates.legacy.behaviour', 1);
INSERT INTO propertyentry (id, entity_name, entity_id, property_key, propertytype) VALUES (13, 'jira.properties', 1, 'jira.version', 5);
INSERT INTO propertyentry (id, entity_name, entity_id, property_key, propertytype) VALUES (14, 'jira.properties', 1, 'jira.downgrade.minimum.version', 5);
INSERT INTO propertyentry (id, entity_name, entity_id, property_key, propertytype) VALUES (15, 'jira.properties', 1, 'jira.option.allowunassigned', 1);
INSERT INTO propertyentry (id, entity_name, entity_id, property_key, propertytype) VALUES (16, 'jira.properties', 1, 'jira.path.index.use.default.directory', 1);
INSERT INTO propertyentry (id, entity_name, entity_id, property_key, propertytype) VALUES (21, 'com.atlassian.jira.plugins.jira-workflow-designer', 1, 'jira.workflow.layout:8a6044147cf2c19c02d099279cfbfd47', 6);
INSERT INTO propertyentry (id, entity_name, entity_id, property_key, propertytype) VALUES (22, 'jira.properties', 1, 'jira.onboarding.app_user.id.threshold', 5);
INSERT INTO propertyentry (id, entity_name, entity_id, property_key, propertytype) VALUES (10100, 'jira.properties', 1, 'AO_550953_#', 5);
INSERT INTO propertyentry (id, entity_name, entity_id, property_key, propertytype) VALUES (10101, 'jira.properties', 1, 'AO_4AEACD_#', 5);
INSERT INTO propertyentry (id, entity_name, entity_id, property_key, propertytype) VALUES (10102, 'jira.properties', 1, 'jira.webresource.superbatch.flushcounter', 5);
INSERT INTO propertyentry (id, entity_name, entity_id, property_key, propertytype) VALUES (10103, 'jira.properties', 1, 'jira.i18n.language.index', 5);
INSERT INTO propertyentry (id, entity_name, entity_id, property_key, propertytype) VALUES (10104, 'jira.properties', 1, 'jira.sid.key', 5);
INSERT INTO propertyentry (id, entity_name, entity_id, property_key, propertytype) VALUES (10105, 'jira.properties', 1, 'jira.webresource.flushcounter', 5);
INSERT INTO propertyentry (id, entity_name, entity_id, property_key, propertytype) VALUES (10200, 'jira.properties', 1, 'webwork.i18n.encoding', 5);
INSERT INTO propertyentry (id, entity_name, entity_id, property_key, propertytype) VALUES (10201, 'jira.properties', 1, 'jira.title', 5);
INSERT INTO propertyentry (id, entity_name, entity_id, property_key, propertytype) VALUES (10202, 'jira.properties', 1, 'jira.baseurl', 5);
INSERT INTO propertyentry (id, entity_name, entity_id, property_key, propertytype) VALUES (10403, 'Excalibur.properties', 1, 'Bonfire.Highest.Run.Version', 5);
INSERT INTO propertyentry (id, entity_name, entity_id, property_key, propertytype) VALUES (10405, 'Bonfire.Ids', 1, 'data', 3);
INSERT INTO propertyentry (id, entity_name, entity_id, property_key, propertytype) VALUES (10407, 'Bonfire.Upgrade.Task.History', 1, '1.6.0', 5);
INSERT INTO propertyentry (id, entity_name, entity_id, property_key, propertytype) VALUES (10409, 'Bonfire.Upgrade.Task.History', 1, '1.7.0', 5);
INSERT INTO propertyentry (id, entity_name, entity_id, property_key, propertytype) VALUES (10411, 'Bonfire.Template.Index.Shared', 1, 'template', 6);
INSERT INTO propertyentry (id, entity_name, entity_id, property_key, propertytype) VALUES (10412, 'Bonfire.Upgrade.Task.History', 1, '1.7.1', 5);
INSERT INTO propertyentry (id, entity_name, entity_id, property_key, propertytype) VALUES (10414, 'Bonfire.Upgrade.Task.History', 1, '1.8.4', 5);
INSERT INTO propertyentry (id, entity_name, entity_id, property_key, propertytype) VALUES (10416, 'Excalibur.properties', 1, 'bonfire.session.relatedto.custom.field', 3);
INSERT INTO propertyentry (id, entity_name, entity_id, property_key, propertytype) VALUES (10417, 'Excalibur.properties', 1, 'bonfire.session.raisedin.custom.field', 3);
INSERT INTO propertyentry (id, entity_name, entity_id, property_key, propertytype) VALUES (10418, 'Bonfire.Upgrade.Task.History', 1, '2.1.0', 5);
INSERT INTO propertyentry (id, entity_name, entity_id, property_key, propertytype) VALUES (10420, 'Bonfire.Upgrade.Task.History', 1, '2.5.0', 5);
INSERT INTO propertyentry (id, entity_name, entity_id, property_key, propertytype) VALUES (10422, 'Bonfire.properties', 1, 'bonfire.useragent.custom.field', 3);
INSERT INTO propertyentry (id, entity_name, entity_id, property_key, propertytype) VALUES (10423, 'Bonfire.properties', 1, 'bonfire.browser.custom.field', 3);
INSERT INTO propertyentry (id, entity_name, entity_id, property_key, propertytype) VALUES (10424, 'Bonfire.properties', 1, 'bonfire.os.custom.field', 3);
INSERT INTO propertyentry (id, entity_name, entity_id, property_key, propertytype) VALUES (10425, 'Bonfire.properties', 1, 'bonfire.url.custom.field', 3);
INSERT INTO propertyentry (id, entity_name, entity_id, property_key, propertytype) VALUES (10426, 'Bonfire.properties', 1, 'bonfire.screenres.custom.field', 3);
INSERT INTO propertyentry (id, entity_name, entity_id, property_key, propertytype) VALUES (10427, 'Bonfire.properties', 1, 'bonfire.jqueryversion.custom.field', 3);
INSERT INTO propertyentry (id, entity_name, entity_id, property_key, propertytype) VALUES (10428, 'Bonfire.properties', 1, 'bonfire.documentmode.custom.field', 3);
INSERT INTO propertyentry (id, entity_name, entity_id, property_key, propertytype) VALUES (10429, 'Excalibur.properties', 1, 'bonfire.session.testingstatus.custom.field', 3);
INSERT INTO propertyentry (id, entity_name, entity_id, property_key, propertytype) VALUES (10430, 'Bonfire.Upgrade.Task.History', 1, '2.6.0', 5);
INSERT INTO propertyentry (id, entity_name, entity_id, property_key, propertytype) VALUES (10432, 'Bonfire.Upgrade.Task.History', 1, '2.7.0', 5);
INSERT INTO propertyentry (id, entity_name, entity_id, property_key, propertytype) VALUES (10433, 'jira.properties', 1, 'com.atlassian.bonfire.plugin:build', 5);
INSERT INTO propertyentry (id, entity_name, entity_id, property_key, propertytype) VALUES (10444, 'jira.properties', 1, 'com.atlassian.analytics.client.configuration..logged_base_analytics_data', 5);
INSERT INTO propertyentry (id, entity_name, entity_id, property_key, propertytype) VALUES (10445, 'ApplicationUser', 10000, 'com.atlassian.jira.flag.dismissals', 6);
INSERT INTO propertyentry (id, entity_name, entity_id, property_key, propertytype) VALUES (10446, 'jira.properties', 1, 'post.migration.page.displayed', 1);
INSERT INTO propertyentry (id, entity_name, entity_id, property_key, propertytype) VALUES (10447, 'jira.properties', 1, 'com.atlassian.upm.license.internal.impl.PluginSettingsPluginLicenseR4a77050ad94c4ee97a6558fc7e00b304', 6);
INSERT INTO propertyentry (id, entity_name, entity_id, property_key, propertytype) VALUES (10448, 'jira.properties', 1, 'com.atlassian.upm.license.internal.impl.PluginSettingsPluginLicenseRfdbfad06c2f1036a60cb955d7e285d69', 5);
INSERT INTO propertyentry (id, entity_name, entity_id, property_key, propertytype) VALUES (10455, 'com.atlassian.jira.plugins.jira-workflow-designer', 1, 'jira.workflow.layout.v5:6b91b915ba2bf8b2589bf594a9ed42be', 6);
INSERT INTO propertyentry (id, entity_name, entity_id, property_key, propertytype) VALUES (10456, 'com.atlassian.jira.plugins.jira-workflow-designer', 1, 'jira.workflow.draft.layout.v5:6b91b915ba2bf8b2589bf594a9ed42be', 6);
INSERT INTO propertyentry (id, entity_name, entity_id, property_key, propertytype) VALUES (10457, 'ApplicationUser', 10000, 'last-visited-item.10000', 5);
INSERT INTO propertyentry (id, entity_name, entity_id, property_key, propertytype) VALUES (10458, 'ApplicationUser', 10000, 'user.search.filter.id', 6);
INSERT INTO propertyentry (id, entity_name, entity_id, property_key, propertytype) VALUES (10459, 'ApplicationUser', 10000, 'user.search.jql', 6);
INSERT INTO propertyentry (id, entity_name, entity_id, property_key, propertytype) VALUES (10460, 'Bonfire.properties', 1, 'adminbonfire.extension.callout', 5);
INSERT INTO propertyentry (id, entity_name, entity_id, property_key, propertytype) VALUES (10461, 'ApplicationUser', 10000, 'jira.user.suppressedTips.newsletter-signup-tip', 1);
INSERT INTO propertyentry (id, entity_name, entity_id, property_key, propertytype) VALUES (10462, 'Excalibur.Session.Storage', 10006, 'data', 6);
INSERT INTO propertyentry (id, entity_name, entity_id, property_key, propertytype) VALUES (10463, 'Bonfire.Active.Session.Id', 92668751, 'admin', 3);
INSERT INTO propertyentry (id, entity_name, entity_id, property_key, propertytype) VALUES (10465, 'Bonfire.Variable.Data', 1, 'admin', 6);
INSERT INTO propertyentry (id, entity_name, entity_id, property_key, propertytype) VALUES (10467, 'Project', 10000, 'firstIssueCreated', 1);
INSERT INTO propertyentry (id, entity_name, entity_id, property_key, propertytype) VALUES (10470, 'Excalibur.Session.Index', 1, 'data', 6);
INSERT INTO propertyentry (id, entity_name, entity_id, property_key, propertytype) VALUES (10471, 'Excalibur.Session.Storage', 10011, 'data', 6);
INSERT INTO propertyentry (id, entity_name, entity_id, property_key, propertytype) VALUES (10472, 'Excalibur.Session.Storage', 10012, 'data', 6);
INSERT INTO propertyentry (id, entity_name, entity_id, property_key, propertytype) VALUES (10473, 'ApplicationUser', 10000, 'jira.quick.edit.show.welcome.screen', 1);
INSERT INTO propertyentry (id, entity_name, entity_id, property_key, propertytype) VALUES (10474, 'ApplicationUser', 10000, 'jira.quick.create.use', 1);
INSERT INTO propertyentry (id, entity_name, entity_id, property_key, propertytype) VALUES (10475, 'ApplicationUser', 10000, 'jira.quick.create.fields', 6);
INSERT INTO propertyentry (id, entity_name, entity_id, property_key, propertytype) VALUES (10476, 'ApplicationUser', 10000, 'jira.issues.preferred.layout.key', 5);
INSERT INTO propertyentry (id, entity_name, entity_id, property_key, propertytype) VALUES (10477, 'user.format.mapping', 1, 'avatarFullNameHover', 5);
INSERT INTO propertyentry (id, entity_name, entity_id, property_key, propertytype) VALUES (10478, 'ApplicationUser', 10000, 'user.search.mode', 5);
INSERT INTO propertyentry (id, entity_name, entity_id, property_key, propertytype) VALUES (10700, 'jira.properties', 1, 'com.atlassian.analytics.client.configuration.uuid', 5);
INSERT INTO propertyentry (id, entity_name, entity_id, property_key, propertytype) VALUES (10701, 'jira.properties', 1, 'com.atlassian.analytics.client.configuration.serverid', 5);
INSERT INTO propertyentry (id, entity_name, entity_id, property_key, propertytype) VALUES (10702, 'jira.properties', 1, 'com.atlassian.analytics.client.configuration..policy_acknowledged', 5);
INSERT INTO propertyentry (id, entity_name, entity_id, property_key, propertytype) VALUES (10703, 'jira.properties', 1, 'com.atlassian.jira.plugins.jira-healthcheck-plugin:build', 5);
INSERT INTO propertyentry (id, entity_name, entity_id, property_key, propertytype) VALUES (10704, 'jira.properties', 1, 'com.atlassian.upm.log.PluginSettingsAuditLogService:log:upm_audit_log_v3', 6);
INSERT INTO propertyentry (id, entity_name, entity_id, property_key, propertytype) VALUES (10705, 'jira.properties', 1, 'com.atlassian.upm:notifications:notification-plugin.request', 5);
INSERT INTO propertyentry (id, entity_name, entity_id, property_key, propertytype) VALUES (10706, 'jira.properties', 1, 'com.atlassian.upm:notifications:notification-edition.mismatch', 5);
INSERT INTO propertyentry (id, entity_name, entity_id, property_key, propertytype) VALUES (10707, 'jira.properties', 1, 'com.atlassian.upm:notifications:notification-evaluation.expired', 5);
INSERT INTO propertyentry (id, entity_name, entity_id, property_key, propertytype) VALUES (10708, 'jira.properties', 1, 'com.atlassian.upm:notifications:notification-evaluation.nearlyexpired', 5);
INSERT INTO propertyentry (id, entity_name, entity_id, property_key, propertytype) VALUES (10709, 'jira.properties', 1, 'com.atlassian.upm:notifications:notification-maintenance.expired', 5);
INSERT INTO propertyentry (id, entity_name, entity_id, property_key, propertytype) VALUES (10710, 'jira.properties', 1, 'com.atlassian.upm:notifications:notification-maintenance.nearlyexpired', 5);
INSERT INTO propertyentry (id, entity_name, entity_id, property_key, propertytype) VALUES (10712, 'jira.properties', 1, 'com.atlassian.upm:notifications:notification-update', 5);
INSERT INTO propertyentry (id, entity_name, entity_id, property_key, propertytype) VALUES (10713, 'jira.properties', 1, 'com.atlassian.nps.plugin.status.nps_enabled', 5);
INSERT INTO propertyentry (id, entity_name, entity_id, property_key, propertytype) VALUES (10714, 'jira.properties', 1, 'com.atlassian.nps.plugin.status.nps_acknowledged', 5);
INSERT INTO propertyentry (id, entity_name, entity_id, property_key, propertytype) VALUES (10715, 'ApplicationUser', 10000, 'jira.user.suppressedTips.business-newsletter-signup-tip', 1);
INSERT INTO propertyentry (id, entity_name, entity_id, property_key, propertytype) VALUES (10716, 'Excalibur.Session.Storage', 10013, 'data', 6);
INSERT INTO propertyentry (id, entity_name, entity_id, property_key, propertytype) VALUES (10717, 'ApplicationUser', 10000, 'jira.user.suppressedTips.business-newsletter-signup-tip', 1);
INSERT INTO propertyentry (id, entity_name, entity_id, property_key, propertytype) VALUES (10718, 'ApplicationUser', 10000, 'jira.user.suppressedTips.newsletter-signup-tip', 1);
INSERT INTO propertyentry (id, entity_name, entity_id, property_key, propertytype) VALUES (10800, 'jira.properties', 1, 'jira.timetracking.selected', 5);
INSERT INTO propertyentry (id, entity_name, entity_id, property_key, propertytype) VALUES (10801, 'jira.properties', 1, 'jira.instance.state', 5);
INSERT INTO propertyentry (id, entity_name, entity_id, property_key, propertytype) VALUES (10802, 'jira.properties', 1, 'jira.db.uuid', 5);
INSERT INTO propertyentry (id, entity_name, entity_id, property_key, propertytype) VALUES (10803, 'CustomField', 10100, 'jira.translation.custom.fieldcustomfield_10100.name.en_US', 5);
INSERT INTO propertyentry (id, entity_name, entity_id, property_key, propertytype) VALUES (10804, 'CustomField', 10100, 'jira.translation.custom.fieldcustomfield_10100.desc.en_US', 5);
INSERT INTO propertyentry (id, entity_name, entity_id, property_key, propertytype) VALUES (10805, 'CustomField', 10100, 'jira.translation.custom.fieldcustomfield_10100.name.en_UK', 5);
INSERT INTO propertyentry (id, entity_name, entity_id, property_key, propertytype) VALUES (10806, 'CustomField', 10100, 'jira.translation.custom.fieldcustomfield_10100.desc.en_UK', 5);
INSERT INTO propertyentry (id, entity_name, entity_id, property_key, propertytype) VALUES (10807, 'CustomField', 10100, 'jira.translation.custom.fieldcustomfield_10100.name.fr_FR', 5);
INSERT INTO propertyentry (id, entity_name, entity_id, property_key, propertytype) VALUES (10808, 'CustomField', 10100, 'jira.translation.custom.fieldcustomfield_10100.desc.fr_FR', 5);
INSERT INTO propertyentry (id, entity_name, entity_id, property_key, propertytype) VALUES (10809, 'CustomField', 10100, 'jira.translation.custom.fieldcustomfield_10100.name.es_ES', 5);
INSERT INTO propertyentry (id, entity_name, entity_id, property_key, propertytype) VALUES (10810, 'CustomField', 10100, 'jira.translation.custom.fieldcustomfield_10100.desc.es_ES', 5);
INSERT INTO propertyentry (id, entity_name, entity_id, property_key, propertytype) VALUES (10811, 'CustomField', 10100, 'jira.translation.custom.fieldcustomfield_10100.name.ja_JP', 5);
INSERT INTO propertyentry (id, entity_name, entity_id, property_key, propertytype) VALUES (10812, 'CustomField', 10100, 'jira.translation.custom.fieldcustomfield_10100.desc.ja_JP', 5);
INSERT INTO propertyentry (id, entity_name, entity_id, property_key, propertytype) VALUES (10813, 'CustomField', 10100, 'jira.translation.custom.fieldcustomfield_10100.name.ko_KR', 5);
INSERT INTO propertyentry (id, entity_name, entity_id, property_key, propertytype) VALUES (10814, 'CustomField', 10100, 'jira.translation.custom.fieldcustomfield_10100.desc.ko_KR', 5);
INSERT INTO propertyentry (id, entity_name, entity_id, property_key, propertytype) VALUES (10815, 'CustomField', 10100, 'jira.translation.custom.fieldcustomfield_10100.name.de_DE', 5);
INSERT INTO propertyentry (id, entity_name, entity_id, property_key, propertytype) VALUES (10816, 'CustomField', 10100, 'jira.translation.custom.fieldcustomfield_10100.desc.de_DE', 5);
INSERT INTO propertyentry (id, entity_name, entity_id, property_key, propertytype) VALUES (10817, 'CustomField', 10100, 'jira.translation.custom.fieldcustomfield_10100.name.pt_BR', 5);
INSERT INTO propertyentry (id, entity_name, entity_id, property_key, propertytype) VALUES (10818, 'CustomField', 10100, 'jira.translation.custom.fieldcustomfield_10100.desc.pt_BR', 5);
INSERT INTO propertyentry (id, entity_name, entity_id, property_key, propertytype) VALUES (10819, 'CustomField', 10100, 'jira.translation.custom.fieldcustomfield_10100.name.pt_PT', 5);
INSERT INTO propertyentry (id, entity_name, entity_id, property_key, propertytype) VALUES (10820, 'CustomField', 10100, 'jira.translation.custom.fieldcustomfield_10100.desc.pt_PT', 5);
INSERT INTO propertyentry (id, entity_name, entity_id, property_key, propertytype) VALUES (10821, 'CustomField', 10100, 'jira.translation.custom.fieldcustomfield_10100.name.ru_RU', 5);
INSERT INTO propertyentry (id, entity_name, entity_id, property_key, propertytype) VALUES (10822, 'CustomField', 10100, 'jira.translation.custom.fieldcustomfield_10100.desc.ru_RU', 5);
INSERT INTO propertyentry (id, entity_name, entity_id, property_key, propertytype) VALUES (10834, 'GreenHopper.properties', 1, 'GreenHopper.Epic.Default.linktype.id', 3);
INSERT INTO propertyentry (id, entity_name, entity_id, property_key, propertytype) VALUES (10823, 'jira.properties', 1, 'AO_D59541_#', 5);
INSERT INTO propertyentry (id, entity_name, entity_id, property_key, propertytype) VALUES (10824, 'jira.properties', 1, 'com.pyxis.greenhopper.jira:build', 5);
INSERT INTO propertyentry (id, entity_name, entity_id, property_key, propertytype) VALUES (10835, 'GreenHopper.properties', 1, 'GreenHopper.Sprint.Default.customfield.id', 3);
INSERT INTO propertyentry (id, entity_name, entity_id, property_key, propertytype) VALUES (10836, 'admin.message.manager', 1, 'user', 5);
INSERT INTO propertyentry (id, entity_name, entity_id, property_key, propertytype) VALUES (10837, 'admin.message.manager', 1, 'time', 7);
INSERT INTO propertyentry (id, entity_name, entity_id, property_key, propertytype) VALUES (10838, 'admin.message.manager', 1, 'task', 5);
INSERT INTO propertyentry (id, entity_name, entity_id, property_key, propertytype) VALUES (10839, 'GreenHopper.properties', 1, 'GreenHopper.Sprint.Index.Check.Necessary', 5);
INSERT INTO propertyentry (id, entity_name, entity_id, property_key, propertytype) VALUES (10840, 'GreenHopper.properties', 1, 'GreenHopper.LexoRank.Default.customfield.id', 3);
INSERT INTO propertyentry (id, entity_name, entity_id, property_key, propertytype) VALUES (10841, 'jira.properties', 1, 'jira.option.auditing.log.retention.period.in.months', 5);
INSERT INTO propertyentry (id, entity_name, entity_id, property_key, propertytype) VALUES (10842, 'jira.properties', 1, 'jira.option.auditing.log.retention.period.last.change.timestamp', 5);
INSERT INTO propertyentry (id, entity_name, entity_id, property_key, propertytype) VALUES (10203, 'jira.properties', 1, 'jira.mode', 5);
INSERT INTO propertyentry (id, entity_name, entity_id, property_key, propertytype) VALUES (10204, 'jira.properties', 1, 'jira.path.attachments', 5);
INSERT INTO propertyentry (id, entity_name, entity_id, property_key, propertytype) VALUES (10205, 'jira.properties', 1, 'jira.path.attachments.use.default.directory', 1);
INSERT INTO propertyentry (id, entity_name, entity_id, property_key, propertytype) VALUES (10206, 'jira.properties', 1, 'jira.option.allowattachments', 1);
INSERT INTO propertyentry (id, entity_name, entity_id, property_key, propertytype) VALUES (10207, 'ServiceConfig', 10001, 'USE_DEFAULT_DIRECTORY', 5);
INSERT INTO propertyentry (id, entity_name, entity_id, property_key, propertytype) VALUES (10208, 'jira.properties', 1, 'jira.path.backup', 5);
INSERT INTO propertyentry (id, entity_name, entity_id, property_key, propertytype) VALUES (10209, 'jira.properties', 1, 'org.apache.shindig.common.crypto.BlobCrypter:key', 5);
INSERT INTO propertyentry (id, entity_name, entity_id, property_key, propertytype) VALUES (10210, 'jira.properties', 1, 'com.atlassian.jira.util.index.IndexingCounterManagerImpl.counterValue', 3);
INSERT INTO propertyentry (id, entity_name, entity_id, property_key, propertytype) VALUES (10211, 'jira.properties', 1, 'jira.setup', 5);
INSERT INTO propertyentry (id, entity_name, entity_id, property_key, propertytype) VALUES (10212, 'jira.properties', 1, 'jira.option.user.externalmanagement', 1);
INSERT INTO propertyentry (id, entity_name, entity_id, property_key, propertytype) VALUES (10213, 'jira.properties', 1, 'jira.option.voting', 1);
INSERT INTO propertyentry (id, entity_name, entity_id, property_key, propertytype) VALUES (10214, 'jira.properties', 1, 'jira.option.watching', 1);
INSERT INTO propertyentry (id, entity_name, entity_id, property_key, propertytype) VALUES (10215, 'jira.properties', 1, 'jira.option.issuelinking', 1);
INSERT INTO propertyentry (id, entity_name, entity_id, property_key, propertytype) VALUES (10216, 'jira.properties', 1, 'jira.option.emailvisible', 5);
INSERT INTO propertyentry (id, entity_name, entity_id, property_key, propertytype) VALUES (10217, 'jira.properties', 1, 'jira.option.allowsubtasks', 1);
INSERT INTO propertyentry (id, entity_name, entity_id, property_key, propertytype) VALUES (10224, 'jira.properties', 1, 'jira-header-plugin.studio-tab-migration-complete', 5);
INSERT INTO propertyentry (id, entity_name, entity_id, property_key, propertytype) VALUES (10225, 'jira.properties', 1, 'com.atlassian.analytics.client.configuration..analytics_enabled', 5);
INSERT INTO propertyentry (id, entity_name, entity_id, property_key, propertytype) VALUES (10229, 'jira.properties', 1, 'com.atlassian.sal.jira:build', 5);
INSERT INTO propertyentry (id, entity_name, entity_id, property_key, propertytype) VALUES (10231, 'jira.properties', 1, 'com.atlassian.plugins.atlassian-whitelist-api-plugin:whitelist.enabled', 5);
INSERT INTO propertyentry (id, entity_name, entity_id, property_key, propertytype) VALUES (10232, 'jira.properties', 1, 'com.atlassian.plugins.atlassian-whitelist-api-plugin:build', 5);
INSERT INTO propertyentry (id, entity_name, entity_id, property_key, propertytype) VALUES (10233, 'jira.properties', 1, 'com.atlassian.jira.gadgets:build', 5);
INSERT INTO propertyentry (id, entity_name, entity_id, property_key, propertytype) VALUES (10234, 'jira.properties', 1, 'com.atlassian.refapp.ctk:build', 5);
INSERT INTO propertyentry (id, entity_name, entity_id, property_key, propertytype) VALUES (10236, 'jira.properties', 1, 'com.atlassian.crowd.embedded.admin:build', 5);
INSERT INTO propertyentry (id, entity_name, entity_id, property_key, propertytype) VALUES (10237, 'jira.properties', 1, 'com.atlassian.labs.hipchat.hipchat-for-jira-plugin:build', 5);
INSERT INTO propertyentry (id, entity_name, entity_id, property_key, propertytype) VALUES (10239, 'jira.properties', 1, 'com.atlassian.jira.jira-mail-plugin:build', 5);
INSERT INTO propertyentry (id, entity_name, entity_id, property_key, propertytype) VALUES (10240, 'jira.properties', 1, 'com.atlassian.jira.plugins.jira-workflow-designer:build', 5);
INSERT INTO propertyentry (id, entity_name, entity_id, property_key, propertytype) VALUES (10241, 'jira.properties', 1, 'com.atlassian.plugins.custom_apps.hasCustomOrder', 5);
INSERT INTO propertyentry (id, entity_name, entity_id, property_key, propertytype) VALUES (10242, 'jira.properties', 1, 'com.atlassian.plugins.atlassian-nav-links-plugin:build', 5);
INSERT INTO propertyentry (id, entity_name, entity_id, property_key, propertytype) VALUES (10245, 'jira.properties', 1, 'com.atlassian.jira.plugins.webhooks.jira-webhooks-plugin:build', 5);
INSERT INTO propertyentry (id, entity_name, entity_id, property_key, propertytype) VALUES (10246, 'jira.properties', 1, 'com.atlassian.jira.lookandfeel:isDefaultFavicon', 5);
INSERT INTO propertyentry (id, entity_name, entity_id, property_key, propertytype) VALUES (10247, 'jira.properties', 1, 'com.atlassian.jira.lookandfeel:usingCustomFavicon', 5);
INSERT INTO propertyentry (id, entity_name, entity_id, property_key, propertytype) VALUES (10248, 'jira.properties', 1, 'com.atlassian.jira.lookandfeel:customDefaultFaviconURL', 5);
INSERT INTO propertyentry (id, entity_name, entity_id, property_key, propertytype) VALUES (10249, 'jira.properties', 1, 'com.atlassian.jira.lookandfeel:customDefaultFaviconHiresURL', 5);
INSERT INTO propertyentry (id, entity_name, entity_id, property_key, propertytype) VALUES (10250, 'jira.properties', 1, 'com.atlassian.jira.lookandfeel:faviconWidth', 5);
INSERT INTO propertyentry (id, entity_name, entity_id, property_key, propertytype) VALUES (10251, 'jira.properties', 1, 'com.atlassian.jira.lookandfeel:faviconHeight', 5);
INSERT INTO propertyentry (id, entity_name, entity_id, property_key, propertytype) VALUES (10252, 'jira.properties', 1, 'jira.lf.favicon.url', 5);
INSERT INTO propertyentry (id, entity_name, entity_id, property_key, propertytype) VALUES (10253, 'jira.properties', 1, 'jira.lf.favicon.hires.url', 5);
INSERT INTO propertyentry (id, entity_name, entity_id, property_key, propertytype) VALUES (10254, 'jira.properties', 1, 'com.atlassian.jira.lookandfeel:build', 5);
INSERT INTO propertyentry (id, entity_name, entity_id, property_key, propertytype) VALUES (10258, 'jira.properties', 1, 'com.atlassian.upm:notifications:dismissal-plugin.request', 5);
INSERT INTO propertyentry (id, entity_name, entity_id, property_key, propertytype) VALUES (10260, 'jira.properties', 1, 'com.atlassian.upm:notifications:dismissal-evaluation.expired', 5);
INSERT INTO propertyentry (id, entity_name, entity_id, property_key, propertytype) VALUES (10262, 'jira.properties', 1, 'com.atlassian.upm:notifications:dismissal-edition.mismatch', 5);
INSERT INTO propertyentry (id, entity_name, entity_id, property_key, propertytype) VALUES (10263, 'jira.properties', 1, 'com.atlassian.upm:notifications:dismissal-maintenance.expired', 5);
INSERT INTO propertyentry (id, entity_name, entity_id, property_key, propertytype) VALUES (10265, 'jira.properties', 1, 'com.atlassian.upm:notifications:dismissal-new.licenses', 5);
INSERT INTO propertyentry (id, entity_name, entity_id, property_key, propertytype) VALUES (10266, 'jira.properties', 1, 'com.atlassian.upm:notifications:dismissal-updated.licenses', 5);
INSERT INTO propertyentry (id, entity_name, entity_id, property_key, propertytype) VALUES (10267, 'jira.properties', 1, 'com.atlassian.upm:notifications:dismissal-auto.updated.plugin', 5);


--
-- Name: propertyentry_id_seq; Type: SEQUENCE SET; Schema: public; Owner: jira
--

SELECT pg_catalog.setval('propertyentry_id_seq', 10842, true);


--
-- Data for Name: propertynumber; Type: TABLE DATA; Schema: public; Owner: jira
--

INSERT INTO propertynumber (id, propertyvalue) VALUES (9, 0);
INSERT INTO propertynumber (id, propertyvalue) VALUES (11, 1);
INSERT INTO propertynumber (id, propertyvalue) VALUES (12, 0);
INSERT INTO propertynumber (id, propertyvalue) VALUES (15, 1);
INSERT INTO propertynumber (id, propertyvalue) VALUES (16, 1);
INSERT INTO propertynumber (id, propertyvalue) VALUES (10205, 1);
INSERT INTO propertynumber (id, propertyvalue) VALUES (10206, 1);
INSERT INTO propertynumber (id, propertyvalue) VALUES (10210, 0);
INSERT INTO propertynumber (id, propertyvalue) VALUES (10212, 0);
INSERT INTO propertynumber (id, propertyvalue) VALUES (10213, 1);
INSERT INTO propertynumber (id, propertyvalue) VALUES (10214, 1);
INSERT INTO propertynumber (id, propertyvalue) VALUES (10217, 1);
INSERT INTO propertynumber (id, propertyvalue) VALUES (10282, 10340);
INSERT INTO propertynumber (id, propertyvalue) VALUES (10283, 1);
INSERT INTO propertynumber (id, propertyvalue) VALUES (10284, 1);
INSERT INTO propertynumber (id, propertyvalue) VALUES (10285, 1439352452968);
INSERT INTO propertynumber (id, propertyvalue) VALUES (10286, -7);
INSERT INTO propertynumber (id, propertyvalue) VALUES (10302, 1);
INSERT INTO propertynumber (id, propertyvalue) VALUES (10405, 10013);
INSERT INTO propertynumber (id, propertyvalue) VALUES (10416, 10000);
INSERT INTO propertynumber (id, propertyvalue) VALUES (10417, 10001);
INSERT INTO propertynumber (id, propertyvalue) VALUES (10422, 10002);
INSERT INTO propertynumber (id, propertyvalue) VALUES (10423, 10003);
INSERT INTO propertynumber (id, propertyvalue) VALUES (10424, 10004);
INSERT INTO propertynumber (id, propertyvalue) VALUES (10425, 10005);
INSERT INTO propertynumber (id, propertyvalue) VALUES (10426, 10006);
INSERT INTO propertynumber (id, propertyvalue) VALUES (10427, 10007);
INSERT INTO propertynumber (id, propertyvalue) VALUES (10428, 10008);
INSERT INTO propertynumber (id, propertyvalue) VALUES (10429, 10009);
INSERT INTO propertynumber (id, propertyvalue) VALUES (10446, 1);
INSERT INTO propertynumber (id, propertyvalue) VALUES (10461, 1);
INSERT INTO propertynumber (id, propertyvalue) VALUES (10463, 10013);
INSERT INTO propertynumber (id, propertyvalue) VALUES (10467, 1);
INSERT INTO propertynumber (id, propertyvalue) VALUES (10473, 1);
INSERT INTO propertynumber (id, propertyvalue) VALUES (10474, 0);
INSERT INTO propertynumber (id, propertyvalue) VALUES (10715, 1);
INSERT INTO propertynumber (id, propertyvalue) VALUES (10717, 1);
INSERT INTO propertynumber (id, propertyvalue) VALUES (10718, 1);
INSERT INTO propertynumber (id, propertyvalue) VALUES (10826, 10101);
INSERT INTO propertynumber (id, propertyvalue) VALUES (10831, 10102);
INSERT INTO propertynumber (id, propertyvalue) VALUES (10832, 10103);
INSERT INTO propertynumber (id, propertyvalue) VALUES (10833, 10104);
INSERT INTO propertynumber (id, propertyvalue) VALUES (10834, 10200);
INSERT INTO propertynumber (id, propertyvalue) VALUES (10215, 1);
INSERT INTO propertynumber (id, propertyvalue) VALUES (10835, 10105);
INSERT INTO propertynumber (id, propertyvalue) VALUES (10840, 10106);


--
-- Data for Name: propertystring; Type: TABLE DATA; Schema: public; Owner: jira
--

INSERT INTO propertystring (id, propertyvalue) VALUES (10707, '#java.util.List
');
INSERT INTO propertystring (id, propertyvalue) VALUES (10708, '#java.util.List
');
INSERT INTO propertystring (id, propertyvalue) VALUES (10709, '#java.util.List
');
INSERT INTO propertystring (id, propertyvalue) VALUES (10710, '#java.util.List
');
INSERT INTO propertystring (id, propertyvalue) VALUES (10712, '#java.util.List
');
INSERT INTO propertystring (id, propertyvalue) VALUES (10713, 'true');
INSERT INTO propertystring (id, propertyvalue) VALUES (10714, 'true');
INSERT INTO propertystring (id, propertyvalue) VALUES (10825, '10100');
INSERT INTO propertystring (id, propertyvalue) VALUES (10224, 'migrated');
INSERT INTO propertystring (id, propertyvalue) VALUES (10225, 'true');
INSERT INTO propertystring (id, propertyvalue) VALUES (10229, '2');
INSERT INTO propertystring (id, propertyvalue) VALUES (10231, 'true');
INSERT INTO propertystring (id, propertyvalue) VALUES (10232, '4');
INSERT INTO propertystring (id, propertyvalue) VALUES (10233, '1');
INSERT INTO propertystring (id, propertyvalue) VALUES (10234, '1');
INSERT INTO propertystring (id, propertyvalue) VALUES (10236, '3');
INSERT INTO propertystring (id, propertyvalue) VALUES (10237, '1');
INSERT INTO propertystring (id, propertyvalue) VALUES (10239, '2');
INSERT INTO propertystring (id, propertyvalue) VALUES (10240, '1');
INSERT INTO propertystring (id, propertyvalue) VALUES (10241, 'false');
INSERT INTO propertystring (id, propertyvalue) VALUES (10242, '1');
INSERT INTO propertystring (id, propertyvalue) VALUES (10245, '3');
INSERT INTO propertystring (id, propertyvalue) VALUES (10246, 'false');
INSERT INTO propertystring (id, propertyvalue) VALUES (10247, 'false');
INSERT INTO propertystring (id, propertyvalue) VALUES (10248, '/favicon.ico');
INSERT INTO propertystring (id, propertyvalue) VALUES (10249, '/images/64jira.png');
INSERT INTO propertystring (id, propertyvalue) VALUES (10250, '64');
INSERT INTO propertystring (id, propertyvalue) VALUES (10251, '64');
INSERT INTO propertystring (id, propertyvalue) VALUES (10252, '/favicon.ico');
INSERT INTO propertystring (id, propertyvalue) VALUES (10253, '/images/64jira.png');
INSERT INTO propertystring (id, propertyvalue) VALUES (10254, '1');
INSERT INTO propertystring (id, propertyvalue) VALUES (10258, '#java.util.List
');
INSERT INTO propertystring (id, propertyvalue) VALUES (10260, '#java.util.List
');
INSERT INTO propertystring (id, propertyvalue) VALUES (10262, '#java.util.List
');
INSERT INTO propertystring (id, propertyvalue) VALUES (10263, '#java.util.List
');
INSERT INTO propertystring (id, propertyvalue) VALUES (10265, '#java.util.List
');
INSERT INTO propertystring (id, propertyvalue) VALUES (10266, '#java.util.List
');
INSERT INTO propertystring (id, propertyvalue) VALUES (10267, '#java.util.List
');
INSERT INTO propertystring (id, propertyvalue) VALUES (10268, '#java.util.List
');
INSERT INTO propertystring (id, propertyvalue) VALUES (10269, '#java.util.List
');
INSERT INTO propertystring (id, propertyvalue) VALUES (10273, '5');
INSERT INTO propertystring (id, propertyvalue) VALUES (10277, 'true');
INSERT INTO propertystring (id, propertyvalue) VALUES (10274, '6086');
INSERT INTO propertystring (id, propertyvalue) VALUES (10275, '1');
INSERT INTO propertystring (id, propertyvalue) VALUES (10276, '2001');
INSERT INTO propertystring (id, propertyvalue) VALUES (10278, 'jiraFirstUseFlow');
INSERT INTO propertystring (id, propertyvalue) VALUES (10281, 'nextStep');
INSERT INTO propertystring (id, propertyvalue) VALUES (10300, '4');
INSERT INTO propertystring (id, propertyvalue) VALUES (10301, 'none');
INSERT INTO propertystring (id, propertyvalue) VALUES (10402, 'com.atlassian.bonfire.upgradetasks.SessionDaoAndNoteDaoUpgrade_2017-02-17T12:08:34.747+11:00');
INSERT INTO propertystring (id, propertyvalue) VALUES (10403, '2.7.0');
INSERT INTO propertystring (id, propertyvalue) VALUES (10407, 'com.atlassian.bonfire.upgradetasks.reindex.SessionStatusReindex_2017-02-17T12:08:34.755+11:00');
INSERT INTO propertystring (id, propertyvalue) VALUES (10409, 'com.atlassian.bonfire.upgradetasks.TemplatesUpgrade_2017-02-17T12:08:34.765+11:00');
INSERT INTO propertystring (id, propertyvalue) VALUES (10412, 'com.atlassian.bonfire.upgradetasks.reindex.TemplatesReindex_2017-02-17T12:08:34.775+11:00');
INSERT INTO propertystring (id, propertyvalue) VALUES (10414, 'com.atlassian.bonfire.upgradetasks.reindex.TemplatesReindexBON758_2017-02-17T12:08:34.782+11:00');
INSERT INTO propertystring (id, propertyvalue) VALUES (10418, 'com.atlassian.bonfire.upgradetasks.SessionsCFTUpgradeTask_2017-02-17T12:08:35.038+11:00');
INSERT INTO propertystring (id, propertyvalue) VALUES (10420, 'com.atlassian.bonfire.upgradetasks.reindex.SessionReindexBON1386_2017-02-17T12:08:35.044+11:00');
INSERT INTO propertystring (id, propertyvalue) VALUES (10430, 'com.atlassian.bonfire.upgradetasks.EnvironmentFieldsBON1523_2017-02-17T12:08:35.105+11:00');
INSERT INTO propertystring (id, propertyvalue) VALUES (10432, 'com.atlassian.bonfire.upgradetasks.EnvironmentFieldsCapture_2017-02-17T12:08:35.158+11:00');
INSERT INTO propertystring (id, propertyvalue) VALUES (10433, '13');
INSERT INTO propertystring (id, propertyvalue) VALUES (10444, 'true');
INSERT INTO propertystring (id, propertyvalue) VALUES (10448, '#java.util.List
com.atlassian.bonfire.plugin');
INSERT INTO propertystring (id, propertyvalue) VALUES (2, '10316');
INSERT INTO propertystring (id, propertyvalue) VALUES (3, '10011');
INSERT INTO propertystring (id, propertyvalue) VALUES (4, '10300');
INSERT INTO propertystring (id, propertyvalue) VALUES (5, '10122');
INSERT INTO propertystring (id, propertyvalue) VALUES (6, '10123');
INSERT INTO propertystring (id, propertyvalue) VALUES (7, '10000');
INSERT INTO propertystring (id, propertyvalue) VALUES (22, '0');
INSERT INTO propertystring (id, propertyvalue) VALUES (10100, '1');
INSERT INTO propertystring (id, propertyvalue) VALUES (10101, '1');
INSERT INTO propertystring (id, propertyvalue) VALUES (10102, '3');
INSERT INTO propertystring (id, propertyvalue) VALUES (10103, 'english-moderate-stemming');
INSERT INTO propertystring (id, propertyvalue) VALUES (10104, 'B7E3-Z04W-BS95-TT7E');
INSERT INTO propertystring (id, propertyvalue) VALUES (10200, 'UTF-8');
INSERT INTO propertystring (id, propertyvalue) VALUES (10201, 'Charlie Lawson''s JIRA');
INSERT INTO propertystring (id, propertyvalue) VALUES (10203, 'private');
INSERT INTO propertystring (id, propertyvalue) VALUES (10204, './data/attachments');
INSERT INTO propertystring (id, propertyvalue) VALUES (10207, 'true');
INSERT INTO propertystring (id, propertyvalue) VALUES (10208, './export');
INSERT INTO propertystring (id, propertyvalue) VALUES (10209, 'qDQnkrGgItRwg0syIP6JN0TBiLqNpXbHsoYE3HOM5YI=');
INSERT INTO propertystring (id, propertyvalue) VALUES (10211, 'true');
INSERT INTO propertystring (id, propertyvalue) VALUES (10216, 'show');
INSERT INTO propertystring (id, propertyvalue) VALUES (10823, '16');
INSERT INTO propertystring (id, propertyvalue) VALUES (10824, '51');
INSERT INTO propertystring (id, propertyvalue) VALUES (1, '100044');
INSERT INTO propertystring (id, propertyvalue) VALUES (13, '1000.981.0');
INSERT INTO propertystring (id, propertyvalue) VALUES (14, '7.1.9');
INSERT INTO propertystring (id, propertyvalue) VALUES (10105, 'b6b48b2829824b869586ac216d119363');
INSERT INTO propertystring (id, propertyvalue) VALUES (10836, 'admin');
INSERT INTO propertystring (id, propertyvalue) VALUES (10838, 'GreenHopper Sprint Field Creation');
INSERT INTO propertystring (id, propertyvalue) VALUES (10839, 'true');
INSERT INTO propertystring (id, propertyvalue) VALUES (10841, '3');
INSERT INTO propertystring (id, propertyvalue) VALUES (10842, '1494848296');
INSERT INTO propertystring (id, propertyvalue) VALUES (10202, 'http://localhost:2990/jira');
INSERT INTO propertystring (id, propertyvalue) VALUES (10457, 'com.atlassian.jira.jira-projects-issue-navigator:sidebar-issue-navigator');
INSERT INTO propertystring (id, propertyvalue) VALUES (10460, 'shown');
INSERT INTO propertystring (id, propertyvalue) VALUES (10476, 'split-view');
INSERT INTO propertystring (id, propertyvalue) VALUES (10477, 'jira.user.format:avatar-and-full-name-with-hover-format');
INSERT INTO propertystring (id, propertyvalue) VALUES (10478, 'advanced');
INSERT INTO propertystring (id, propertyvalue) VALUES (10700, '14485c16-f968-4353-9034-829e95e53bd5');
INSERT INTO propertystring (id, propertyvalue) VALUES (10701, 'B7E3-Z04W-BS95-TT7E');
INSERT INTO propertystring (id, propertyvalue) VALUES (10702, 'true');
INSERT INTO propertystring (id, propertyvalue) VALUES (10703, '1');
INSERT INTO propertystring (id, propertyvalue) VALUES (10705, '#java.util.List
');
INSERT INTO propertystring (id, propertyvalue) VALUES (10706, '#java.util.List
');
INSERT INTO propertystring (id, propertyvalue) VALUES (10800, 'JIRA');
INSERT INTO propertystring (id, propertyvalue) VALUES (10803, 'Development');
INSERT INTO propertystring (id, propertyvalue) VALUES (10804, '');
INSERT INTO propertystring (id, propertyvalue) VALUES (10805, 'Development');
INSERT INTO propertystring (id, propertyvalue) VALUES (10806, '');
INSERT INTO propertystring (id, propertyvalue) VALUES (10807, 'Dveloppement');
INSERT INTO propertystring (id, propertyvalue) VALUES (10808, '');
INSERT INTO propertystring (id, propertyvalue) VALUES (10809, 'Desarrollo');
INSERT INTO propertystring (id, propertyvalue) VALUES (10810, '');
INSERT INTO propertystring (id, propertyvalue) VALUES (10811, '');
INSERT INTO propertystring (id, propertyvalue) VALUES (10812, '');
INSERT INTO propertystring (id, propertyvalue) VALUES (10813, '');
INSERT INTO propertystring (id, propertyvalue) VALUES (10814, '');
INSERT INTO propertystring (id, propertyvalue) VALUES (10815, 'Entwicklung');
INSERT INTO propertystring (id, propertyvalue) VALUES (10816, '');
INSERT INTO propertystring (id, propertyvalue) VALUES (10817, 'Development');
INSERT INTO propertystring (id, propertyvalue) VALUES (10818, '');
INSERT INTO propertystring (id, propertyvalue) VALUES (10819, 'Desenvolvimento');
INSERT INTO propertystring (id, propertyvalue) VALUES (10820, '');
INSERT INTO propertystring (id, propertyvalue) VALUES (10821, '');
INSERT INTO propertystring (id, propertyvalue) VALUES (10822, '');
INSERT INTO propertystring (id, propertyvalue) VALUES (10801, 'NORMAL');
INSERT INTO propertystring (id, propertyvalue) VALUES (10802, '63628aa1-6b44-4693-b248-9c2118c6b256');


--
-- Data for Name: propertytext; Type: TABLE DATA; Schema: public; Owner: jira
--

INSERT INTO propertytext (id, propertyvalue) VALUES (10, 'http://www.atlassian.com/*
');
INSERT INTO propertytext (id, propertyvalue) VALUES (21, '{
    "edgeMap": {
        "1DEDB66F-FE5C-EDFD-54D0-4D19CDC8CECA": {
            "actionId": 5,
            "allPoints": [
                {
                    "positiveController": null,
                    "x": 1806.5,
                    "y": 434.0
                },
                {
                    "positiveController": null,
                    "x": 1801.0,
                    "y": 115.0
                }
            ],
            "controlPoints": [],
            "endNodeId": "6DA64EEB-08FE-2870-C90C-4D19CDA2F72D",
            "endPoint": {
                "positiveController": null,
                "x": 1801.0,
                "y": 115.0
            },
            "endStepId": 4,
            "id": "1DEDB66F-FE5C-EDFD-54D0-4D19CDC8CECA",
            "label": "Resolve Issue",
            "labelPoint": {
                "positiveController": null,
                "x": 1776.85,
                "y": 355.25
            },
            "lineType": "straight",
            "startNodeId": "A8B1A431-AC3A-6DCD-BFF0-4D19CDBCAADB",
            "startPoint": {
                "positiveController": null,
                "x": 1806.5,
                "y": 434.0
            },
            "startStepId": 5
        },
        "3DF7CEC8-9FBC-C0D0-AFB1-4D19CE6EA230": {
            "actionId": 2,
            "allPoints": [
                {
                    "positiveController": null,
                    "x": 1469.5,
                    "y": 113.0
                },
                {
                    "positiveController": null,
                    "x": 1614.0,
                    "y": 226.0
                }
            ],
            "controlPoints": [],
            "endNodeId": "1C846CFB-4F0D-2F40-D0AE-4D19CDAF5D34",
            "endPoint": {
                "positiveController": null,
                "x": 1614.0,
                "y": 226.0
            },
            "endStepId": 6,
            "id": "3DF7CEC8-9FBC-C0D0-AFB1-4D19CE6EA230",
            "label": "Close Issue",
            "labelPoint": {
                "positiveController": null,
                "x": 1492.25,
                "y": 154.25
            },
            "lineType": "straight",
            "startNodeId": "778534F4-7595-88B6-45E1-4D19CD518712",
            "startPoint": {
                "positiveController": null,
                "x": 1469.5,
                "y": 113.0
            },
            "startStepId": 1
        },
        "483797F1-1BF4-5E0F-86C6-4D19CE6023A2": {
            "actionId": 5,
            "allPoints": [
                {
                    "positiveController": null,
                    "x": 1469.5,
                    "y": 113.0
                },
                {
                    "positiveController": null,
                    "x": 1763.0,
                    "y": 113.0
                }
            ],
            "controlPoints": [],
            "endNodeId": "6DA64EEB-08FE-2870-C90C-4D19CDA2F72D",
            "endPoint": {
                "positiveController": null,
                "x": 1763.0,
                "y": 113.0
            },
            "endStepId": 4,
            "id": "483797F1-1BF4-5E0F-86C6-4D19CE6023A2",
            "label": "Resolve Issue",
            "labelPoint": {
                "positiveController": null,
                "x": 1551.0,
                "y": 104.0
            },
            "lineType": "straight",
            "startNodeId": "778534F4-7595-88B6-45E1-4D19CD518712",
            "startPoint": {
                "positiveController": null,
                "x": 1469.5,
                "y": 113.0
            },
            "startStepId": 1
        },
        "517D7F32-20FB-309E-8639-4D19CE2ACB54": {
            "actionId": 5,
            "allPoints": [
                {
                    "positiveController": null,
                    "x": 1434.0,
                    "y": 435.0
                },
                {
                    "positiveController": {
                        "positiveController": null,
                        "x": 0.0,
                        "y": 0.0
                    },
                    "x": 1435.0,
                    "y": 490.0
                },
                {
                    "positiveController": {
                        "positiveController": null,
                        "x": 0.0,
                        "y": 0.0
                    },
                    "x": 1947.0,
                    "y": 494.0
                },
                {
                    "positiveController": {
                        "positiveController": null,
                        "x": 0.0,
                        "y": 0.0
                    },
                    "x": 1950.0,
                    "y": 118.0
                },
                {
                    "positiveController": null,
                    "x": 1763.0,
                    "y": 113.0
                }
            ],
            "controlPoints": [
                {
                    "positiveController": {
                        "positiveController": null,
                        "x": 0.0,
                        "y": 0.0
                    },
                    "x": 1435.0,
                    "y": 490.0
                },
                {
                    "positiveController": {
                        "positiveController": null,
                        "x": 0.0,
                        "y": 0.0
                    },
                    "x": 1947.0,
                    "y": 494.0
                },
                {
                    "positiveController": {
                        "positiveController": null,
                        "x": 0.0,
                        "y": 0.0
                    },
                    "x": 1950.0,
                    "y": 118.0
                }
            ],
            "endNodeId": "6DA64EEB-08FE-2870-C90C-4D19CDA2F72D",
            "endPoint": {
                "positiveController": null,
                "x": 1763.0,
                "y": 113.0
            },
            "endStepId": 4,
            "id": "517D7F32-20FB-309E-8639-4D19CE2ACB54",
            "label": "Resolve Issue",
            "labelPoint": {
                "positiveController": null,
                "x": 1631.25,
                "y": 479.5
            },
            "lineType": "poly",
            "startNodeId": "0740FFFA-2AA1-C90A-38ED-4D19CD61899B",
            "startPoint": {
                "positiveController": null,
                "x": 1434.0,
                "y": 435.0
            },
            "startStepId": 3
        },
        "58BD4605-5FB9-84EA-6952-4D19CE7B454B": {
            "actionId": 1,
            "allPoints": [
                {
                    "positiveController": null,
                    "x": 1470.0,
                    "y": 16.0
                },
                {
                    "positiveController": null,
                    "x": 1469.5,
                    "y": 113.0
                }
            ],
            "controlPoints": [],
            "endNodeId": "778534F4-7595-88B6-45E1-4D19CD518712",
            "endPoint": {
                "positiveController": null,
                "x": 1469.5,
                "y": 113.0
            },
            "endStepId": 1,
            "id": "58BD4605-5FB9-84EA-6952-4D19CE7B454B",
            "label": "Create Issue",
            "labelPoint": {
                "positiveController": null,
                "x": 1475.5,
                "y": 48.5
            },
            "lineType": "straight",
            "startNodeId": "15174530-AE75-04E0-1D9D-4D19CD200835",
            "startPoint": {
                "positiveController": null,
                "x": 1470.0,
                "y": 16.0
            },
            "startStepId": 1
        },
        "92D3DEFD-13AC-06A7-E5D8-4D19CE537791": {
            "actionId": 4,
            "allPoints": [
                {
                    "positiveController": null,
                    "x": 1439.5,
                    "y": 116.0
                },
                {
                    "positiveController": {
                        "positiveController": null,
                        "x": 0.0,
                        "y": 0.0
                    },
                    "x": 1393.0,
                    "y": 116.0
                },
                {
                    "positiveController": null,
                    "x": 1390.0,
                    "y": 434.0
                }
            ],
            "controlPoints": [
                {
                    "positiveController": {
                        "positiveController": null,
                        "x": 0.0,
                        "y": 0.0
                    },
                    "x": 1393.0,
                    "y": 116.0
                }
            ],
            "endNodeId": "0740FFFA-2AA1-C90A-38ED-4D19CD61899B",
            "endPoint": {
                "positiveController": null,
                "x": 1390.0,
                "y": 434.0
            },
            "endStepId": 3,
            "id": "92D3DEFD-13AC-06A7-E5D8-4D19CE537791",
            "label": "Start Progress",
            "labelPoint": {
                "positiveController": null,
                "x": 1323.65,
                "y": 193.75
            },
            "lineType": "poly",
            "startNodeId": "778534F4-7595-88B6-45E1-4D19CD518712",
            "startPoint": {
                "positiveController": null,
                "x": 1439.5,
                "y": 116.0
            },
            "startStepId": 1
        },
        "C049EE11-C5BB-F93B-36C3-4D19CDF12B8F": {
            "actionId": 3,
            "allPoints": [
                {
                    "positiveController": null,
                    "x": 1677.0,
                    "y": 227.0
                },
                {
                    "positiveController": {
                        "positiveController": null,
                        "x": 0.0,
                        "y": 0.0
                    },
                    "x": 1767.05,
                    "y": 230.05
                },
                {
                    "positiveController": null,
                    "x": 1773.5,
                    "y": 425.0
                }
            ],
            "controlPoints": [
                {
                    "positiveController": {
                        "positiveController": null,
                        "x": 0.0,
                        "y": 0.0
                    },
                    "x": 1767.05,
                    "y": 230.05
                }
            ],
            "endNodeId": "A8B1A431-AC3A-6DCD-BFF0-4D19CDBCAADB",
            "endPoint": {
                "positiveController": null,
                "x": 1773.5,
                "y": 425.0
            },
            "endStepId": 5,
            "id": "C049EE11-C5BB-F93B-36C3-4D19CDF12B8F",
            "label": "Reopen Issue",
            "labelPoint": {
                "positiveController": null,
                "x": 1703.85,
                "y": 218.5
            },
            "lineType": "poly",
            "startNodeId": "1C846CFB-4F0D-2F40-D0AE-4D19CDAF5D34",
            "startPoint": {
                "positiveController": null,
                "x": 1677.0,
                "y": 227.0
            },
            "startStepId": 6
        },
        "C9EA1792-2332-8B56-A04D-4D19CD725367": {
            "actionId": 301,
            "allPoints": [
                {
                    "positiveController": null,
                    "x": 1465.0,
                    "y": 436.0
                },
                {
                    "positiveController": null,
                    "x": 1469.5,
                    "y": 113.0
                }
            ],
            "controlPoints": [],
            "endNodeId": "778534F4-7595-88B6-45E1-4D19CD518712",
            "endPoint": {
                "positiveController": null,
                "x": 1469.5,
                "y": 113.0
            },
            "endStepId": 1,
            "id": "C9EA1792-2332-8B56-A04D-4D19CD725367",
            "label": "Stop Progress",
            "labelPoint": {
                "positiveController": null,
                "x": 1407.8,
                "y": 308.5
            },
            "lineType": "straight",
            "startNodeId": "0740FFFA-2AA1-C90A-38ED-4D19CD61899B",
            "startPoint": {
                "positiveController": null,
                "x": 1465.0,
                "y": 436.0
            },
            "startStepId": 3
        },
        "CAF37138-6321-E03A-8E41-4D19CDD7DC78": {
            "actionId": 2,
            "allPoints": [
                {
                    "positiveController": null,
                    "x": 1764.5,
                    "y": 430.0
                },
                {
                    "positiveController": null,
                    "x": 1614.0,
                    "y": 226.0
                }
            ],
            "controlPoints": [],
            "endNodeId": "1C846CFB-4F0D-2F40-D0AE-4D19CDAF5D34",
            "endPoint": {
                "positiveController": null,
                "x": 1614.0,
                "y": 226.0
            },
            "endStepId": 6,
            "id": "CAF37138-6321-E03A-8E41-4D19CDD7DC78",
            "label": "Close Issue",
            "labelPoint": {
                "positiveController": null,
                "x": 1677.65,
                "y": 365.0
            },
            "lineType": "straight",
            "startNodeId": "A8B1A431-AC3A-6DCD-BFF0-4D19CDBCAADB",
            "startPoint": {
                "positiveController": null,
                "x": 1764.5,
                "y": 430.0
            },
            "startStepId": 5
        },
        "E1F8462A-8B0A-87EA-4F70-4D19CE423C83": {
            "actionId": 2,
            "allPoints": [
                {
                    "positiveController": null,
                    "x": 1488.0,
                    "y": 430.0
                },
                {
                    "positiveController": null,
                    "x": 1614.0,
                    "y": 226.0
                }
            ],
            "controlPoints": [],
            "endNodeId": "1C846CFB-4F0D-2F40-D0AE-4D19CDAF5D34",
            "endPoint": {
                "positiveController": null,
                "x": 1614.0,
                "y": 226.0
            },
            "endStepId": 6,
            "id": "E1F8462A-8B0A-87EA-4F70-4D19CE423C83",
            "label": "Close Issue",
            "labelPoint": {
                "positiveController": null,
                "x": 1492.0,
                "y": 345.0
            },
            "lineType": "straight",
            "startNodeId": "0740FFFA-2AA1-C90A-38ED-4D19CD61899B",
            "startPoint": {
                "positiveController": null,
                "x": 1488.0,
                "y": 430.0
            },
            "startStepId": 3
        },
        "E27D8EB8-8E49-430B-8FCB-4D19CE127171": {
            "actionId": 3,
            "allPoints": [
                {
                    "positiveController": null,
                    "x": 1840.0,
                    "y": 130.0
                },
                {
                    "positiveController": null,
                    "x": 1846.5,
                    "y": 428.0
                }
            ],
            "controlPoints": [],
            "endNodeId": "A8B1A431-AC3A-6DCD-BFF0-4D19CDBCAADB",
            "endPoint": {
                "positiveController": null,
                "x": 1846.5,
                "y": 428.0
            },
            "endStepId": 5,
            "id": "E27D8EB8-8E49-430B-8FCB-4D19CE127171",
            "label": "Reopen Issue",
            "labelPoint": {
                "positiveController": null,
                "x": 1814.05,
                "y": 169.5
            },
            "lineType": "straight",
            "startNodeId": "6DA64EEB-08FE-2870-C90C-4D19CDA2F72D",
            "startPoint": {
                "positiveController": null,
                "x": 1840.0,
                "y": 130.0
            },
            "startStepId": 4
        },
        "F79E742D-A9E4-0124-D7D4-4D19CDE48C9C": {
            "actionId": 4,
            "allPoints": [
                {
                    "positiveController": null,
                    "x": 1806.5,
                    "y": 434.0
                },
                {
                    "positiveController": null,
                    "x": 1434.0,
                    "y": 435.0
                }
            ],
            "controlPoints": [],
            "endNodeId": "0740FFFA-2AA1-C90A-38ED-4D19CD61899B",
            "endPoint": {
                "positiveController": null,
                "x": 1434.0,
                "y": 435.0
            },
            "endStepId": 3,
            "id": "F79E742D-A9E4-0124-D7D4-4D19CDE48C9C",
            "label": "Start Progress",
            "labelPoint": {
                "positiveController": null,
                "x": 1607.25,
                "y": 423.5
            },
            "lineType": "straight",
            "startNodeId": "A8B1A431-AC3A-6DCD-BFF0-4D19CDBCAADB",
            "startPoint": {
                "positiveController": null,
                "x": 1806.5,
                "y": 434.0
            },
            "startStepId": 5
        },
        "FD6BA267-475B-70B3-8AA4-4D19CE00BCD1": {
            "actionId": 701,
            "allPoints": [
                {
                    "positiveController": null,
                    "x": 1763.0,
                    "y": 113.0
                },
                {
                    "positiveController": null,
                    "x": 1614.0,
                    "y": 226.0
                }
            ],
            "controlPoints": [],
            "endNodeId": "1C846CFB-4F0D-2F40-D0AE-4D19CDAF5D34",
            "endPoint": {
                "positiveController": null,
                "x": 1614.0,
                "y": 226.0
            },
            "endStepId": 6,
            "id": "FD6BA267-475B-70B3-8AA4-4D19CE00BCD1",
            "label": "Close Issue",
            "labelPoint": {
                "positiveController": null,
                "x": 1635.75,
                "y": 152.25
            },
            "lineType": "straight",
            "startNodeId": "6DA64EEB-08FE-2870-C90C-4D19CDA2F72D",
            "startPoint": {
                "positiveController": null,
                "x": 1763.0,
                "y": 113.0
            },
            "startStepId": 4
        }
    },
    "nodeMap": {
        "0740FFFA-2AA1-C90A-38ED-4D19CD61899B": {
            "id": "0740FFFA-2AA1-C90A-38ED-4D19CD61899B",
            "inLinkIds": [
                "F79E742D-A9E4-0124-D7D4-4D19CDE48C9C",
                "92D3DEFD-13AC-06A7-E5D8-4D19CE537791"
            ],
            "isInitialAction": false,
            "label": "In Progress",
            "outLinkIds": [
                "C9EA1792-2332-8B56-A04D-4D19CD725367",
                "517D7F32-20FB-309E-8639-4D19CE2ACB54",
                "E1F8462A-8B0A-87EA-4F70-4D19CE423C83"
            ],
            "rect": {
                "height": 45.0,
                "positiveController": null,
                "width": 146.0,
                "x": 1373.0,
                "y": 419.0
            },
            "stepId": 3
        },
        "15174530-AE75-04E0-1D9D-4D19CD200835": {
            "id": "15174530-AE75-04E0-1D9D-4D19CD200835",
            "inLinkIds": [],
            "isInitialAction": true,
            "label": "Create Issue",
            "outLinkIds": [
                "58BD4605-5FB9-84EA-6952-4D19CE7B454B"
            ],
            "rect": {
                "height": 45.0,
                "positiveController": null,
                "width": 157.0,
                "x": 1405.0,
                "y": 0.0
            },
            "stepId": 1
        },
        "1C846CFB-4F0D-2F40-D0AE-4D19CDAF5D34": {
            "id": "1C846CFB-4F0D-2F40-D0AE-4D19CDAF5D34",
            "inLinkIds": [
                "CAF37138-6321-E03A-8E41-4D19CDD7DC78",
                "E1F8462A-8B0A-87EA-4F70-4D19CE423C83",
                "FD6BA267-475B-70B3-8AA4-4D19CE00BCD1",
                "3DF7CEC8-9FBC-C0D0-AFB1-4D19CE6EA230"
            ],
            "isInitialAction": false,
            "label": "Closed",
            "outLinkIds": [
                "C049EE11-C5BB-F93B-36C3-4D19CDF12B8F"
            ],
            "rect": {
                "height": 45.0,
                "positiveController": null,
                "width": 120.0,
                "x": 1569.0,
                "y": 210.0
            },
            "stepId": 6
        },
        "6DA64EEB-08FE-2870-C90C-4D19CDA2F72D": {
            "id": "6DA64EEB-08FE-2870-C90C-4D19CDA2F72D",
            "inLinkIds": [
                "517D7F32-20FB-309E-8639-4D19CE2ACB54",
                "1DEDB66F-FE5C-EDFD-54D0-4D19CDC8CECA",
                "483797F1-1BF4-5E0F-86C6-4D19CE6023A2"
            ],
            "isInitialAction": false,
            "label": "Resolved",
            "outLinkIds": [
                "FD6BA267-475B-70B3-8AA4-4D19CE00BCD1",
                "E27D8EB8-8E49-430B-8FCB-4D19CE127171"
            ],
            "rect": {
                "height": 44.0,
                "positiveController": null,
                "width": 137.0,
                "x": 1709.0,
                "y": 97.0
            },
            "stepId": 4
        },
        "778534F4-7595-88B6-45E1-4D19CD518712": {
            "id": "778534F4-7595-88B6-45E1-4D19CD518712",
            "inLinkIds": [
                "C9EA1792-2332-8B56-A04D-4D19CD725367",
                "58BD4605-5FB9-84EA-6952-4D19CE7B454B"
            ],
            "isInitialAction": false,
            "label": "Open",
            "outLinkIds": [
                "92D3DEFD-13AC-06A7-E5D8-4D19CE537791",
                "483797F1-1BF4-5E0F-86C6-4D19CE6023A2",
                "3DF7CEC8-9FBC-C0D0-AFB1-4D19CE6EA230"
            ],
            "rect": {
                "height": 45.0,
                "positiveController": null,
                "width": 106.0,
                "x": 1429.5,
                "y": 97.0
            },
            "stepId": 1
        },
        "A8B1A431-AC3A-6DCD-BFF0-4D19CDBCAADB": {
            "id": "A8B1A431-AC3A-6DCD-BFF0-4D19CDBCAADB",
            "inLinkIds": [
                "E27D8EB8-8E49-430B-8FCB-4D19CE127171",
                "C049EE11-C5BB-F93B-36C3-4D19CDF12B8F"
            ],
            "isInitialAction": false,
            "label": "Reopened",
            "outLinkIds": [
                "1DEDB66F-FE5C-EDFD-54D0-4D19CDC8CECA",
                "CAF37138-6321-E03A-8E41-4D19CDD7DC78",
                "F79E742D-A9E4-0124-D7D4-4D19CDE48C9C"
            ],
            "rect": {
                "height": 45.0,
                "positiveController": null,
                "width": 142.0,
                "x": 1749.5,
                "y": 418.0
            },
            "stepId": 5
        }
    },
    "rootIds": [
        "15174530-AE75-04E0-1D9D-4D19CD200835"
    ],
    "width": 1136
}
');
INSERT INTO propertytext (id, propertyvalue) VALUES (10279, 'database.setup=FULLFILLED;admin.account.setup=FULLFILLED;app.properties.setup=FULLFILLED;create.user.mail.properties.setup=AWAITS;mail.properties.setup=AWAITS');
INSERT INTO propertytext (id, propertyvalue) VALUES (10400, '<map/>');
INSERT INTO propertytext (id, propertyvalue) VALUES (10411, '[]');
INSERT INTO propertytext (id, propertyvalue) VALUES (10445, '{}');
INSERT INTO propertytext (id, propertyvalue) VALUES (10447, 'AAAA+A0ODAoPeNqFkNFqwkAQRd/9ikCfVyZaUYRAbdyC1BipFqpvYxjjQjKR2U2o/fqmCY1FaPs69
86Zw9w9ifFmZerByPOHUxhPYeLpzdYbgO/3DgUfjVB/XUpyQktzdBR8JQomCkZdHqFhR4yckH4/G
7m0xQGAgrp7BYVC6EzBv4GWJiG2/0BWZX4giY+vlsQG6ge9YIeJW2FOAX2ckNMHdBlaa5D7SZHfF
nXtnf3d1BVmZaMcOCnpVnR7OVNzLoyjSL+Ei9mytyGpSBbz4HGs12oH+6GC5x2o/b1+6/ZjSZGNb
cmz79PXh6M4JmnQ3bA2NhW1Hp/LH5VPMCwCFHRaW1sU2xTgofo9v1aYXU4Z2GWGAhQPqcaKuQ5NU
dp1viIzQtlh7PWvgw==X02cs');
INSERT INTO propertytext (id, propertyvalue) VALUES (10716, '<map>
  <entry>
    <string>owner</string>
    <string>admin</string>
  </entry>
  <entry>
    <string>shared</string>
    <string>true</string>
  </entry>
  <entry>
    <string>start</string>
    <string>2017-02-24T07:52:24.472+01:00</string>
  </entry>
  <entry>
    <string>defaultTemplateId</string>
    <null/>
  </entry>
  <entry>
    <string>raisedIssues</string>
    <string>10200,</string>
  </entry>
  <entry>
    <string>relatedIssue</string>
    <string></string>
  </entry>
  <entry>
    <string>activityItems</string>
    <list>
      <map>
        <entry>
          <string>isFirstStarted</string>
          <string>false</string>
        </entry>
        <entry>
          <string>class</string>
          <string>class com.atlassian.excalibur.model.SessionStatusSessionActivityItem</string>
        </entry>
        <entry>
          <string>user</string>
          <string>admin</string>
        </entry>
        <entry>
          <string>timestamp</string>
          <string>2017-02-24T07:52:24.472+01:00</string>
        </entry>
        <entry>
          <string>status</string>
          <string>CREATED</string>
        </entry>
      </map>
      <map>
        <entry>
          <string>isFirstStarted</string>
          <string>true</string>
        </entry>
        <entry>
          <string>class</string>
          <string>class com.atlassian.excalibur.model.SessionStatusSessionActivityItem</string>
        </entry>
        <entry>
          <string>user</string>
          <string>admin</string>
        </entry>
        <entry>
          <string>timestamp</string>
          <string>2017-02-24T07:52:29.336+01:00</string>
        </entry>
        <entry>
          <string>status</string>
          <string>STARTED</string>
        </entry>
      </map>
      <map>
        <entry>
          <string>issueId</string>
          <string>10200</string>
        </entry>
        <entry>
          <string>class</string>
          <string>class com.atlassian.excalibur.model.IssueRaisedSessionActivityItem</string>
        </entry>
        <entry>
          <string>user</string>
          <string>admin</string>
        </entry>
        <entry>
          <string>timestamp</string>
          <string>2017-02-24T07:52:43.607+01:00</string>
        </entry>
      </map>
    </list>
  </entry>
  <entry>
    <string>name</string>
    <string>TS4</string>
  </entry>
  <entry>
    <string>additionalInfo</string>
    <string></string>
  </entry>
  <entry>
    <string>relatedProject</string>
    <string>10000</string>
  </entry>
  <entry>
    <string>sessionStatusHistory</string>
    <string>2017-02-24T07:52:24.472+01:00,CREATED,2017-02-24T07:52:29.336+01:00,STARTED,</string>
  </entry>
  <entry>
    <string>assignee</string>
    <string>admin</string>
  </entry>
  <entry>
    <string>sessionNoteIds</string>
    <string>[]</string>
  </entry>
  <entry>
    <string>status</string>
    <string>STARTED</string>
  </entry>
  <entry>
    <string>participants</string>
    <list/>
  </entry>
</map>');
INSERT INTO propertytext (id, propertyvalue) VALUES (10455, '{
  "statuses": [
    {
      "id": "S<1>",
      "x": 1512.0,
      "y": 80.0
    },
    {
      "id": "S<2>",
      "x": 1927.0,
      "y": 215.0
    },
    {
      "id": "I<1>",
      "x": 1512.0,
      "y": 0.0
    },
    {
      "id": "S<3>",
      "x": 1518.0,
      "y": 354.0
    }
  ],
  "transitions": [
    {
      "id": "A<61:S<3>:S<2>>",
      "sourceAngle": -22.667152696795547,
      "sourceId": "S<3>",
      "targetAngle": 148.35829681361503,
      "targetId": "S<2>"
    },
    {
      "id": "A<41:S<2>:S<3>>",
      "sourceAngle": 148.35829681361503,
      "sourceId": "S<2>",
      "targetAngle": -22.667152696795547,
      "targetId": "S<3>"
    },
    {
      "id": "A<31:S<2>:S<1>>",
      "sourceAngle": -160.36604281834786,
      "sourceId": "S<2>",
      "targetAngle": 5.03267225823317,
      "targetId": "S<1>"
    },
    {
      "id": "A<51:S<3>:S<1>>",
      "sourceAngle": -70.01689347810002,
      "sourceId": "S<3>",
      "targetAngle": 78.11134196037202,
      "targetId": "S<1>"
    },
    {
      "id": "A<11:S<1>:S<2>>",
      "sourceAngle": 5.03267225823317,
      "sourceId": "S<1>",
      "targetAngle": -160.36604281834786,
      "targetId": "S<2>"
    },
    {
      "id": "IA<1:I<1>:S<1>>",
      "sourceAngle": 78.11134196037202,
      "sourceId": "I<1>",
      "targetAngle": -70.01689347810002,
      "targetId": "S<1>"
    },
    {
      "id": "A<21:S<1>:S<3>>",
      "sourceAngle": 78.11134196037202,
      "sourceId": "S<1>",
      "targetAngle": -70.01689347810002,
      "targetId": "S<3>"
    }
  ],
  "updateAuthor": {
    "userName": "admin",
    "displayName": "admin"
  },
  "updatedDate": 1435710961286,
  "loopedTransitionContainer": null
}');
INSERT INTO propertytext (id, propertyvalue) VALUES (10456, '{
  "statuses": [
    {
      "id": "S<1>",
      "x": 1512.0,
      "y": 80.0
    },
    {
      "id": "S<2>",
      "x": 1927.0,
      "y": 215.0
    },
    {
      "id": "I<1>",
      "x": 1512.0,
      "y": 0.0
    },
    {
      "id": "S<3>",
      "x": 1518.0,
      "y": 354.0
    }
  ],
  "transitions": [
    {
      "id": "A<61:S<3>:S<2>>",
      "sourceAngle": -22.667152696795547,
      "sourceId": "S<3>",
      "targetAngle": 148.35829681361503,
      "targetId": "S<2>"
    },
    {
      "id": "A<41:S<2>:S<3>>",
      "sourceAngle": 148.35829681361503,
      "sourceId": "S<2>",
      "targetAngle": -22.667152696795547,
      "targetId": "S<3>"
    },
    {
      "id": "A<31:S<2>:S<1>>",
      "sourceAngle": -160.36604281834786,
      "sourceId": "S<2>",
      "targetAngle": 5.03267225823317,
      "targetId": "S<1>"
    },
    {
      "id": "A<51:S<3>:S<1>>",
      "sourceAngle": -70.01689347810002,
      "sourceId": "S<3>",
      "targetAngle": 78.11134196037202,
      "targetId": "S<1>"
    },
    {
      "id": "A<11:S<1>:S<2>>",
      "sourceAngle": 5.03267225823317,
      "sourceId": "S<1>",
      "targetAngle": -160.36604281834786,
      "targetId": "S<2>"
    },
    {
      "id": "IA<1:I<1>:S<1>>",
      "sourceAngle": 78.11134196037202,
      "sourceId": "I<1>",
      "targetAngle": -70.01689347810002,
      "targetId": "S<1>"
    },
    {
      "id": "A<21:S<1>:S<3>>",
      "sourceAngle": 78.11134196037202,
      "sourceId": "S<1>",
      "targetAngle": -70.01689347810002,
      "targetId": "S<3>"
    }
  ],
  "updateAuthor": {
    "userName": "admin",
    "displayName": "admin"
  },
  "updatedDate": 1435710961286,
  "loopedTransitionContainer": null
}');
INSERT INTO propertytext (id, propertyvalue) VALUES (10458, NULL);
INSERT INTO propertytext (id, propertyvalue) VALUES (10459, '"Raised during" = myActiveSession()');
INSERT INTO propertytext (id, propertyvalue) VALUES (10462, '<map>
  <entry>
    <string>owner</string>
    <string>admin</string>
  </entry>
  <entry>
    <string>shared</string>
    <string>true</string>
  </entry>
  <entry>
    <string>start</string>
    <string>2017-02-17T12:11:05.957+11:00</string>
  </entry>
  <entry>
    <string>defaultTemplateId</string>
    <null/>
  </entry>
  <entry>
    <string>raisedIssues</string>
    <string>10000,10001,</string>
  </entry>
  <entry>
    <string>relatedIssue</string>
    <string></string>
  </entry>
  <entry>
    <string>activityItems</string>
    <list>
      <map>
        <entry>
          <string>isFirstStarted</string>
          <string>false</string>
        </entry>
        <entry>
          <string>class</string>
          <string>class com.atlassian.excalibur.model.SessionStatusSessionActivityItem</string>
        </entry>
        <entry>
          <string>user</string>
          <string>admin</string>
        </entry>
        <entry>
          <string>timestamp</string>
          <string>2017-02-17T12:11:05.956+11:00</string>
        </entry>
        <entry>
          <string>status</string>
          <string>CREATED</string>
        </entry>
      </map>
      <map>
        <entry>
          <string>isFirstStarted</string>
          <string>true</string>
        </entry>
        <entry>
          <string>class</string>
          <string>class com.atlassian.excalibur.model.SessionStatusSessionActivityItem</string>
        </entry>
        <entry>
          <string>user</string>
          <string>admin</string>
        </entry>
        <entry>
          <string>timestamp</string>
          <string>2017-02-17T12:11:08.670+11:00</string>
        </entry>
        <entry>
          <string>status</string>
          <string>STARTED</string>
        </entry>
      </map>
      <map>
        <entry>
          <string>issueId</string>
          <string>10000</string>
        </entry>
        <entry>
          <string>class</string>
          <string>class com.atlassian.excalibur.model.IssueRaisedSessionActivityItem</string>
        </entry>
        <entry>
          <string>user</string>
          <string>admin</string>
        </entry>
        <entry>
          <string>timestamp</string>
          <string>2017-02-17T12:13:02.155+11:00</string>
        </entry>
      </map>
      <map>
        <entry>
          <string>issueId</string>
          <string>10000</string>
        </entry>
        <entry>
          <string>attachmentId</string>
          <string>10000</string>
        </entry>
        <entry>
          <string>class</string>
          <string>class com.atlassian.excalibur.model.IssueAttachmentSessionActivityItem</string>
        </entry>
        <entry>
          <string>user</string>
          <string>admin</string>
        </entry>
        <entry>
          <string>timestamp</string>
          <string>2017-02-17T12:13:02.347+11:00</string>
        </entry>
      </map>
      <map>
        <entry>
          <string>issueId</string>
          <string>10001</string>
        </entry>
        <entry>
          <string>class</string>
          <string>class com.atlassian.excalibur.model.IssueRaisedSessionActivityItem</string>
        </entry>
        <entry>
          <string>user</string>
          <string>admin</string>
        </entry>
        <entry>
          <string>timestamp</string>
          <string>2017-02-17T12:13:10.833+11:00</string>
        </entry>
      </map>
      <map>
        <entry>
          <string>isFirstStarted</string>
          <string>false</string>
        </entry>
        <entry>
          <string>class</string>
          <string>class com.atlassian.excalibur.model.SessionStatusSessionActivityItem</string>
        </entry>
        <entry>
          <string>user</string>
          <string>admin</string>
        </entry>
        <entry>
          <string>timestamp</string>
          <string>2017-02-17T12:13:12.983+11:00</string>
        </entry>
        <entry>
          <string>status</string>
          <string>PAUSED</string>
        </entry>
      </map>
    </list>
  </entry>
  <entry>
    <string>name</string>
    <string>TS1</string>
  </entry>
  <entry>
    <string>additionalInfo</string>
    <string></string>
  </entry>
  <entry>
    <string>relatedProject</string>
    <string>10000</string>
  </entry>
  <entry>
    <string>sessionStatusHistory</string>
    <string>2017-02-17T12:11:08.670+11:00,STARTED,2017-02-17T12:13:12.983+11:00,PAUSED,2017-02-17T12:11:05.956+11:00,CREATED,</string>
  </entry>
  <entry>
    <string>assignee</string>
    <string>admin</string>
  </entry>
  <entry>
    <string>sessionNoteIds</string>
    <string>[]</string>
  </entry>
  <entry>
    <string>status</string>
    <string>PAUSED</string>
  </entry>
  <entry>
    <string>participants</string>
    <list/>
  </entry>
</map>');
INSERT INTO propertytext (id, propertyvalue) VALUES (10465, '[{"id":10010,"name":"url","value":"document.URL","ownerName":"admin"},{"id":10009,"name":"cookies","value":"navigator.cookieEnabled","ownerName":"admin"},{"id":10008,"name":"title","value":"document.title","ownerName":"admin"},{"id":10007,"name":"useragent","value":"navigator.userAgent","ownerName":"admin"}]');
INSERT INTO propertytext (id, propertyvalue) VALUES (10470, '[{"id":10006,"timeStarted":1487293865957,"projectId":10000,"issueId":"","userName":"admin","assignee":"admin","status":"PAUSED","shared":true,"name":"TS1","projectName":"Homosapien","assigneeDisplayName":"admin"},{"id":10011,"timeStarted":1487294003288,"projectId":10000,"issueId":"","userName":"admin","assignee":"admin","status":"PAUSED","shared":true,"name":"TS2","projectName":"Homosapien","assigneeDisplayName":"admin"},{"id":10012,"timeStarted":1487294035215,"projectId":10000,"issueId":"","userName":"admin","assignee":"admin","status":"COMPLETED","shared":true,"name":"TS3","projectName":"Homosapien","assigneeDisplayName":"admin"},{"id":10013,"timeStarted":1487919144472,"projectId":10000,"issueId":"","userName":"admin","assignee":"admin","status":"STARTED","shared":true,"name":"TS4","projectName":"Homosapien","assigneeDisplayName":"admin"}]');
INSERT INTO propertytext (id, propertyvalue) VALUES (10471, '<map>
  <entry>
    <string>owner</string>
    <string>admin</string>
  </entry>
  <entry>
    <string>shared</string>
    <string>true</string>
  </entry>
  <entry>
    <string>start</string>
    <string>2017-02-17T12:13:23.288+11:00</string>
  </entry>
  <entry>
    <string>defaultTemplateId</string>
    <null/>
  </entry>
  <entry>
    <string>raisedIssues</string>
    <string>10002,10003,</string>
  </entry>
  <entry>
    <string>relatedIssue</string>
    <string></string>
  </entry>
  <entry>
    <string>activityItems</string>
    <list>
      <map>
        <entry>
          <string>isFirstStarted</string>
          <string>false</string>
        </entry>
        <entry>
          <string>class</string>
          <string>class com.atlassian.excalibur.model.SessionStatusSessionActivityItem</string>
        </entry>
        <entry>
          <string>user</string>
          <string>admin</string>
        </entry>
        <entry>
          <string>timestamp</string>
          <string>2017-02-17T12:13:23.287+11:00</string>
        </entry>
        <entry>
          <string>status</string>
          <string>CREATED</string>
        </entry>
      </map>
      <map>
        <entry>
          <string>isFirstStarted</string>
          <string>true</string>
        </entry>
        <entry>
          <string>class</string>
          <string>class com.atlassian.excalibur.model.SessionStatusSessionActivityItem</string>
        </entry>
        <entry>
          <string>user</string>
          <string>admin</string>
        </entry>
        <entry>
          <string>timestamp</string>
          <string>2017-02-17T12:13:23.298+11:00</string>
        </entry>
        <entry>
          <string>status</string>
          <string>STARTED</string>
        </entry>
      </map>
      <map>
        <entry>
          <string>issueId</string>
          <string>10002</string>
        </entry>
        <entry>
          <string>class</string>
          <string>class com.atlassian.excalibur.model.IssueRaisedSessionActivityItem</string>
        </entry>
        <entry>
          <string>user</string>
          <string>admin</string>
        </entry>
        <entry>
          <string>timestamp</string>
          <string>2017-02-17T12:13:28.933+11:00</string>
        </entry>
      </map>
      <map>
        <entry>
          <string>issueId</string>
          <string>10003</string>
        </entry>
        <entry>
          <string>class</string>
          <string>class com.atlassian.excalibur.model.IssueRaisedSessionActivityItem</string>
        </entry>
        <entry>
          <string>user</string>
          <string>admin</string>
        </entry>
        <entry>
          <string>timestamp</string>
          <string>2017-02-17T12:13:33.106+11:00</string>
        </entry>
      </map>
      <map>
        <entry>
          <string>isFirstStarted</string>
          <string>false</string>
        </entry>
        <entry>
          <string>class</string>
          <string>class com.atlassian.excalibur.model.SessionStatusSessionActivityItem</string>
        </entry>
        <entry>
          <string>user</string>
          <string>admin</string>
        </entry>
        <entry>
          <string>timestamp</string>
          <string>2017-02-17T12:13:46.585+11:00</string>
        </entry>
        <entry>
          <string>status</string>
          <string>PAUSED</string>
        </entry>
      </map>
    </list>
  </entry>
  <entry>
    <string>name</string>
    <string>TS2</string>
  </entry>
  <entry>
    <string>additionalInfo</string>
    <string></string>
  </entry>
  <entry>
    <string>relatedProject</string>
    <string>10000</string>
  </entry>
  <entry>
    <string>sessionStatusHistory</string>
    <string>2017-02-17T12:13:23.287+11:00,CREATED,2017-02-17T12:13:23.298+11:00,STARTED,2017-02-17T12:13:46.585+11:00,PAUSED,</string>
  </entry>
  <entry>
    <string>assignee</string>
    <string>admin</string>
  </entry>
  <entry>
    <string>sessionNoteIds</string>
    <string>[]</string>
  </entry>
  <entry>
    <string>status</string>
    <string>PAUSED</string>
  </entry>
  <entry>
    <string>participants</string>
    <list/>
  </entry>
</map>');
INSERT INTO propertytext (id, propertyvalue) VALUES (10472, '<map>
  <entry>
    <string>owner</string>
    <string>admin</string>
  </entry>
  <entry>
    <string>shared</string>
    <string>true</string>
  </entry>
  <entry>
    <string>start</string>
    <string>2017-02-17T12:13:55.215+11:00</string>
  </entry>
  <entry>
    <string>defaultTemplateId</string>
    <null/>
  </entry>
  <entry>
    <string>duration</string>
    <string>2160000</string>
  </entry>
  <entry>
    <string>raisedIssues</string>
    <string>10004,</string>
  </entry>
  <entry>
    <string>relatedIssue</string>
    <string></string>
  </entry>
  <entry>
    <string>activityItems</string>
    <list>
      <map>
        <entry>
          <string>isFirstStarted</string>
          <string>false</string>
        </entry>
        <entry>
          <string>class</string>
          <string>class com.atlassian.excalibur.model.SessionStatusSessionActivityItem</string>
        </entry>
        <entry>
          <string>user</string>
          <string>admin</string>
        </entry>
        <entry>
          <string>timestamp</string>
          <string>2017-02-17T12:13:55.215+11:00</string>
        </entry>
        <entry>
          <string>status</string>
          <string>CREATED</string>
        </entry>
      </map>
      <map>
        <entry>
          <string>isFirstStarted</string>
          <string>true</string>
        </entry>
        <entry>
          <string>class</string>
          <string>class com.atlassian.excalibur.model.SessionStatusSessionActivityItem</string>
        </entry>
        <entry>
          <string>user</string>
          <string>admin</string>
        </entry>
        <entry>
          <string>timestamp</string>
          <string>2017-02-17T12:13:55.226+11:00</string>
        </entry>
        <entry>
          <string>status</string>
          <string>STARTED</string>
        </entry>
      </map>
      <map>
        <entry>
          <string>issueId</string>
          <string>10004</string>
        </entry>
        <entry>
          <string>class</string>
          <string>class com.atlassian.excalibur.model.IssueRaisedSessionActivityItem</string>
        </entry>
        <entry>
          <string>user</string>
          <string>admin</string>
        </entry>
        <entry>
          <string>timestamp</string>
          <string>2017-02-17T12:14:10.258+11:00</string>
        </entry>
      </map>
      <map>
        <entry>
          <string>isFirstStarted</string>
          <string>false</string>
        </entry>
        <entry>
          <string>class</string>
          <string>class com.atlassian.excalibur.model.SessionStatusSessionActivityItem</string>
        </entry>
        <entry>
          <string>user</string>
          <string>admin</string>
        </entry>
        <entry>
          <string>timestamp</string>
          <string>2017-02-17T12:50:16.543+11:00</string>
        </entry>
        <entry>
          <string>status</string>
          <string>COMPLETED</string>
        </entry>
      </map>
    </list>
  </entry>
  <entry>
    <string>name</string>
    <string>TS3</string>
  </entry>
  <entry>
    <string>additionalInfo</string>
    <string></string>
  </entry>
  <entry>
    <string>end</string>
    <string>2017-02-17T12:50:16.545+11:00</string>
  </entry>
  <entry>
    <string>relatedProject</string>
    <string>10000</string>
  </entry>
  <entry>
    <string>sessionStatusHistory</string>
    <string>2017-02-17T12:13:55.215+11:00,CREATED,2017-02-17T12:13:55.226+11:00,STARTED,2017-02-17T12:50:16.543+11:00,COMPLETED,</string>
  </entry>
  <entry>
    <string>assignee</string>
    <string>admin</string>
  </entry>
  <entry>
    <string>sessionNoteIds</string>
    <string>[]</string>
  </entry>
  <entry>
    <string>status</string>
    <string>COMPLETED</string>
  </entry>
  <entry>
    <string>participants</string>
    <list/>
  </entry>
</map>');
INSERT INTO propertytext (id, propertyvalue) VALUES (10475, 'summary,description,priority,versions,components');
INSERT INTO propertytext (id, propertyvalue) VALUES (10704, '#java.util.List
{"userKey":"JIRA","date":1487919028695,"i18nKey":"upm.auditLog.upm.startup","entryType":"UPM_STARTUP","params":[]}
{"userKey":"JIRA","date":1487296738273,"i18nKey":"upm.auditLog.upm.startup","entryType":"UPM_STARTUP","params":[]}
{"userKey":"JIRA","date":1487296174707,"i18nKey":"upm.auditLog.upm.startup","entryType":"UPM_STARTUP","params":[]}
{"userKey":"admin","date":1487293803980,"i18nKey":"upm.auditLog.plugin.license.add","entryType":"LICENSE_ADD","params":["Capture for JIRA","com.atlassian.bonfire.plugin"]}
{"userKey":"JIRA","date":1487293715166,"i18nKey":"upm.auditLog.upm.startup","entryType":"UPM_STARTUP","params":[]}');
INSERT INTO propertytext (id, propertyvalue) VALUES (10829, '{"com.atlassian.jira.reindex.required":1494848296173}');


--
-- Data for Name: qrtz_calendars; Type: TABLE DATA; Schema: public; Owner: jira
--



--
-- Data for Name: qrtz_cron_triggers; Type: TABLE DATA; Schema: public; Owner: jira
--



--
-- Name: qrtz_cron_triggers_id_seq; Type: SEQUENCE SET; Schema: public; Owner: jira
--

SELECT pg_catalog.setval('qrtz_cron_triggers_id_seq', 10000, false);


--
-- Data for Name: qrtz_fired_triggers; Type: TABLE DATA; Schema: public; Owner: jira
--



--
-- Data for Name: qrtz_job_details; Type: TABLE DATA; Schema: public; Owner: jira
--



--
-- Name: qrtz_job_details_id_seq; Type: SEQUENCE SET; Schema: public; Owner: jira
--

SELECT pg_catalog.setval('qrtz_job_details_id_seq', 10000, false);


--
-- Data for Name: qrtz_job_listeners; Type: TABLE DATA; Schema: public; Owner: jira
--



--
-- Name: qrtz_job_listeners_id_seq; Type: SEQUENCE SET; Schema: public; Owner: jira
--

SELECT pg_catalog.setval('qrtz_job_listeners_id_seq', 10000, false);


--
-- Data for Name: qrtz_simple_triggers; Type: TABLE DATA; Schema: public; Owner: jira
--



--
-- Name: qrtz_simple_triggers_id_seq; Type: SEQUENCE SET; Schema: public; Owner: jira
--

SELECT pg_catalog.setval('qrtz_simple_triggers_id_seq', 10000, false);


--
-- Data for Name: qrtz_trigger_listeners; Type: TABLE DATA; Schema: public; Owner: jira
--



--
-- Name: qrtz_trigger_listeners_id_seq; Type: SEQUENCE SET; Schema: public; Owner: jira
--

SELECT pg_catalog.setval('qrtz_trigger_listeners_id_seq', 10000, false);


--
-- Data for Name: qrtz_triggers; Type: TABLE DATA; Schema: public; Owner: jira
--



--
-- Name: qrtz_triggers_id_seq; Type: SEQUENCE SET; Schema: public; Owner: jira
--

SELECT pg_catalog.setval('qrtz_triggers_id_seq', 10000, false);


--
-- Data for Name: reindex_component; Type: TABLE DATA; Schema: public; Owner: jira
--



--
-- Name: reindex_component_id_seq; Type: SEQUENCE SET; Schema: public; Owner: jira
--

SELECT pg_catalog.setval('reindex_component_id_seq', 10000, false);


--
-- Data for Name: reindex_request; Type: TABLE DATA; Schema: public; Owner: jira
--



--
-- Name: reindex_request_id_seq; Type: SEQUENCE SET; Schema: public; Owner: jira
--

SELECT pg_catalog.setval('reindex_request_id_seq', 10000, false);


--
-- Data for Name: remembermetoken; Type: TABLE DATA; Schema: public; Owner: jira
--



--
-- Name: remembermetoken_id_seq; Type: SEQUENCE SET; Schema: public; Owner: jira
--

SELECT pg_catalog.setval('remembermetoken_id_seq', 10000, false);


--
-- Data for Name: remotelink; Type: TABLE DATA; Schema: public; Owner: jira
--



--
-- Name: remotelink_id_seq; Type: SEQUENCE SET; Schema: public; Owner: jira
--

SELECT pg_catalog.setval('remotelink_id_seq', 10000, false);


--
-- Data for Name: replicatedindexoperation; Type: TABLE DATA; Schema: public; Owner: jira
--



--
-- Name: replicatedindexoperation_id_seq; Type: SEQUENCE SET; Schema: public; Owner: jira
--

SELECT pg_catalog.setval('replicatedindexoperation_id_seq', 10000, false);


--
-- Data for Name: resolution; Type: TABLE DATA; Schema: public; Owner: jira
--

INSERT INTO resolution (id, sequence, pname, description, iconurl) VALUES ('10000', 1, 'Done', 'Work has been completed on this issue.', NULL);
INSERT INTO resolution (id, sequence, pname, description, iconurl) VALUES ('10001', 2, 'Won''t Do', 'This issue won''t be actioned.', NULL);
INSERT INTO resolution (id, sequence, pname, description, iconurl) VALUES ('10002', 3, 'Duplicate', 'The problem is a duplicate of an existing issue.', NULL);


--
-- Name: resolution_id_seq; Type: SEQUENCE SET; Schema: public; Owner: jira
--

SELECT pg_catalog.setval('resolution_id_seq', 10100, false);


--
-- Data for Name: rundetails; Type: TABLE DATA; Schema: public; Owner: jira
--

INSERT INTO rundetails (id, job_id, start_time, run_duration, run_outcome, info_message) VALUES (10000, 'com.atlassian.jira.scheduler.CleanRunDetailsJobRunner', '2017-05-15 11:38:16.116+00', 2, 'U', 'Job runner key ''com.atlassian.jira.scheduler.CleanRunDetailsJobRunner'' is not registered');
INSERT INTO rundetails (id, job_id, start_time, run_duration, run_outcome, info_message) VALUES (10003, 'com.atlassian.jira.task.progress.CompleteTasksCleanupJob', '2017-05-15 11:38:16.247+00', 3, 'S', '');
INSERT INTO rundetails (id, job_id, start_time, run_duration, run_outcome, info_message) VALUES (10004, 'com.atlassian.jira.user.UserHistoryDatabaseCompactor', '2017-05-15 11:38:16.249+00', 2, 'S', '');


--
-- Name: rundetails_id_seq; Type: SEQUENCE SET; Schema: public; Owner: jira
--

SELECT pg_catalog.setval('rundetails_id_seq', 10004, true);


--
-- Data for Name: savedfiltermigrationbackup; Type: TABLE DATA; Schema: public; Owner: jira
--



--
-- Name: savedfiltermigrationbackup_id_seq; Type: SEQUENCE SET; Schema: public; Owner: jira
--

SELECT pg_catalog.setval('savedfiltermigrationbackup_id_seq', 10000, false);


--
-- Data for Name: schemeissuesecurities; Type: TABLE DATA; Schema: public; Owner: jira
--



--
-- Name: schemeissuesecurities_id_seq; Type: SEQUENCE SET; Schema: public; Owner: jira
--

SELECT pg_catalog.setval('schemeissuesecurities_id_seq', 10000, false);


--
-- Data for Name: schemeissuesecuritylevels; Type: TABLE DATA; Schema: public; Owner: jira
--



--
-- Name: schemeissuesecuritylevels_id_seq; Type: SEQUENCE SET; Schema: public; Owner: jira
--

SELECT pg_catalog.setval('schemeissuesecuritylevels_id_seq', 10000, false);


--
-- Data for Name: schemepermissions; Type: TABLE DATA; Schema: public; Owner: jira
--

INSERT INTO schemepermissions (id, scheme, permission, perm_type, perm_parameter, permission_key) VALUES (10000, NULL, 0, 'group', 'jira-administrators', NULL);
INSERT INTO schemepermissions (id, scheme, permission, perm_type, perm_parameter, permission_key) VALUES (10001, NULL, 1, 'group', 'jira-users', NULL);
INSERT INTO schemepermissions (id, scheme, permission, perm_type, perm_parameter, permission_key) VALUES (10002, NULL, 27, 'group', 'jira-developers', NULL);
INSERT INTO schemepermissions (id, scheme, permission, perm_type, perm_parameter, permission_key) VALUES (10003, NULL, 24, 'group', 'jira-developers', NULL);
INSERT INTO schemepermissions (id, scheme, permission, perm_type, perm_parameter, permission_key) VALUES (10004, 0, 23, 'projectrole', '10002', 'ADMINISTER_PROJECTS');
INSERT INTO schemepermissions (id, scheme, permission, perm_type, perm_parameter, permission_key) VALUES (10005, 0, 10, 'projectrole', '10000', 'BROWSE_PROJECTS');
INSERT INTO schemepermissions (id, scheme, permission, perm_type, perm_parameter, permission_key) VALUES (10006, 0, 11, 'projectrole', '10000', 'CREATE_ISSUES');
INSERT INTO schemepermissions (id, scheme, permission, perm_type, perm_parameter, permission_key) VALUES (10007, 0, 15, 'projectrole', '10000', 'ADD_COMMENTS');
INSERT INTO schemepermissions (id, scheme, permission, perm_type, perm_parameter, permission_key) VALUES (10008, 0, 19, 'projectrole', '10000', 'CREATE_ATTACHMENTS');
INSERT INTO schemepermissions (id, scheme, permission, perm_type, perm_parameter, permission_key) VALUES (10009, 0, 13, 'projectrole', '10000', 'ASSIGN_ISSUES');
INSERT INTO schemepermissions (id, scheme, permission, perm_type, perm_parameter, permission_key) VALUES (10010, 0, 17, 'projectrole', '10000', 'ASSIGNABLE_USER');
INSERT INTO schemepermissions (id, scheme, permission, perm_type, perm_parameter, permission_key) VALUES (10011, 0, 14, 'projectrole', '10000', 'RESOLVE_ISSUES');
INSERT INTO schemepermissions (id, scheme, permission, perm_type, perm_parameter, permission_key) VALUES (10012, 0, 21, 'projectrole', '10000', 'LINK_ISSUES');
INSERT INTO schemepermissions (id, scheme, permission, perm_type, perm_parameter, permission_key) VALUES (10013, 0, 12, 'projectrole', '10000', 'EDIT_ISSUES');
INSERT INTO schemepermissions (id, scheme, permission, perm_type, perm_parameter, permission_key) VALUES (10014, 0, 16, 'projectrole', '10002', 'DELETE_ISSUES');
INSERT INTO schemepermissions (id, scheme, permission, perm_type, perm_parameter, permission_key) VALUES (10015, 0, 18, 'projectrole', '10000', 'CLOSE_ISSUES');
INSERT INTO schemepermissions (id, scheme, permission, perm_type, perm_parameter, permission_key) VALUES (10016, 0, 25, 'projectrole', '10000', 'MOVE_ISSUES');
INSERT INTO schemepermissions (id, scheme, permission, perm_type, perm_parameter, permission_key) VALUES (10017, 0, 28, 'projectrole', '10000', 'SCHEDULE_ISSUES');
INSERT INTO schemepermissions (id, scheme, permission, perm_type, perm_parameter, permission_key) VALUES (10018, 0, 30, 'projectrole', '10002', 'MODIFY_REPORTER');
INSERT INTO schemepermissions (id, scheme, permission, perm_type, perm_parameter, permission_key) VALUES (10019, 0, 20, 'projectrole', '10000', 'WORK_ON_ISSUES');
INSERT INTO schemepermissions (id, scheme, permission, perm_type, perm_parameter, permission_key) VALUES (10020, 0, 43, 'projectrole', '10002', 'DELETE_ALL_WORKLOGS');
INSERT INTO schemepermissions (id, scheme, permission, perm_type, perm_parameter, permission_key) VALUES (10021, 0, 42, 'projectrole', '10000', 'DELETE_OWN_WORKLOGS');
INSERT INTO schemepermissions (id, scheme, permission, perm_type, perm_parameter, permission_key) VALUES (10022, 0, 41, 'projectrole', '10002', 'EDIT_ALL_WORKLOGS');
INSERT INTO schemepermissions (id, scheme, permission, perm_type, perm_parameter, permission_key) VALUES (10023, 0, 40, 'projectrole', '10000', 'EDIT_OWN_WORKLOGS');
INSERT INTO schemepermissions (id, scheme, permission, perm_type, perm_parameter, permission_key) VALUES (10024, 0, 31, 'projectrole', '10000', 'VIEW_VOTERS_AND_WATCHERS');
INSERT INTO schemepermissions (id, scheme, permission, perm_type, perm_parameter, permission_key) VALUES (10025, 0, 32, 'projectrole', '10002', 'MANAGE_WATCHERS');
INSERT INTO schemepermissions (id, scheme, permission, perm_type, perm_parameter, permission_key) VALUES (10026, 0, 34, 'projectrole', '10002', 'EDIT_ALL_COMMENTS');
INSERT INTO schemepermissions (id, scheme, permission, perm_type, perm_parameter, permission_key) VALUES (10027, 0, 35, 'projectrole', '10000', 'EDIT_OWN_COMMENTS');
INSERT INTO schemepermissions (id, scheme, permission, perm_type, perm_parameter, permission_key) VALUES (10028, 0, 36, 'projectrole', '10002', 'DELETE_ALL_COMMENTS');
INSERT INTO schemepermissions (id, scheme, permission, perm_type, perm_parameter, permission_key) VALUES (10029, 0, 37, 'projectrole', '10000', 'DELETE_OWN_COMMENTS');
INSERT INTO schemepermissions (id, scheme, permission, perm_type, perm_parameter, permission_key) VALUES (10030, 0, 38, 'projectrole', '10002', 'DELETE_ALL_ATTACHMENTS');
INSERT INTO schemepermissions (id, scheme, permission, perm_type, perm_parameter, permission_key) VALUES (10031, 0, 39, 'projectrole', '10000', 'DELETE_OWN_ATTACHMENTS');
INSERT INTO schemepermissions (id, scheme, permission, perm_type, perm_parameter, permission_key) VALUES (10032, NULL, 22, 'group', 'jira-users', NULL);
INSERT INTO schemepermissions (id, scheme, permission, perm_type, perm_parameter, permission_key) VALUES (10033, 0, 29, 'projectrole', '10000', 'VIEW_DEV_TOOLS');
INSERT INTO schemepermissions (id, scheme, permission, perm_type, perm_parameter, permission_key) VALUES (10100, NULL, 33, 'group', 'jira-users', NULL);
INSERT INTO schemepermissions (id, scheme, permission, perm_type, perm_parameter, permission_key) VALUES (10101, NULL, 44, 'group', 'jira-administrators', NULL);
INSERT INTO schemepermissions (id, scheme, permission, perm_type, perm_parameter, permission_key) VALUES (10200, 0, 45, 'projectrole', '10000', 'VIEW_READONLY_WORKFLOW');
INSERT INTO schemepermissions (id, scheme, permission, perm_type, perm_parameter, permission_key) VALUES (10300, 0, 46, 'projectrole', '10000', 'TRANSITION_ISSUES');
INSERT INTO schemepermissions (id, scheme, permission, perm_type, perm_parameter, permission_key) VALUES (10401, 0, NULL, 'projectrole', '10002', 'MANAGE_SPRINTS_PERMISSION');


--
-- Name: schemepermissions_id_seq; Type: SEQUENCE SET; Schema: public; Owner: jira
--

SELECT pg_catalog.setval('schemepermissions_id_seq', 10401, true);


--
-- Data for Name: searchrequest; Type: TABLE DATA; Schema: public; Owner: jira
--

INSERT INTO searchrequest (id, filtername, authorname, description, username, groupname, projectid, reqcontent, fav_count, filtername_lower) VALUES (10000, 'Highest priority and open (HSP)', 'admin', NULL, 'admin', NULL, NULL, 'project = 10000 and statusCategory != Done and priority = 1 ORDER BY duedate desc, priority desc', 0, 'highest priority and open (hsp)');
INSERT INTO searchrequest (id, filtername, authorname, description, username, groupname, projectid, reqcontent, fav_count, filtername_lower) VALUES (10001, 'Due this week (HSP)', 'admin', NULL, 'admin', NULL, NULL, 'project = 10000 and duedate >= startOfWeek() and duedate <= endOfWeek() ORDER BY priority desc', 0, 'due this week (hsp)');


--
-- Name: searchrequest_id_seq; Type: SEQUENCE SET; Schema: public; Owner: jira
--

SELECT pg_catalog.setval('searchrequest_id_seq', 10100, false);


--
-- Data for Name: sequence_value_item; Type: TABLE DATA; Schema: public; Owner: jira
--

INSERT INTO sequence_value_item (seq_name, seq_id) VALUES ('IssueLinkType', 10200);
INSERT INTO sequence_value_item (seq_name, seq_id) VALUES ('EntityProperty', 10100);
INSERT INTO sequence_value_item (seq_name, seq_id) VALUES ('Notification', 10200);
INSERT INTO sequence_value_item (seq_name, seq_id) VALUES ('NotificationScheme', 10100);
INSERT INTO sequence_value_item (seq_name, seq_id) VALUES ('FileAttachment', 10100);
INSERT INTO sequence_value_item (seq_name, seq_id) VALUES ('OAuthConsumer', 10100);
INSERT INTO sequence_value_item (seq_name, seq_id) VALUES ('ChangeGroup', 10100);
INSERT INTO sequence_value_item (seq_name, seq_id) VALUES ('PortalPage', 10100);
INSERT INTO sequence_value_item (seq_name, seq_id) VALUES ('ChangeItem', 10100);
INSERT INTO sequence_value_item (seq_name, seq_id) VALUES ('PortletConfiguration', 10100);
INSERT INTO sequence_value_item (seq_name, seq_id) VALUES ('Priority', 10000);
INSERT INTO sequence_value_item (seq_name, seq_id) VALUES ('ProjectRole', 10100);
INSERT INTO sequence_value_item (seq_name, seq_id) VALUES ('SchemePermissions', 10400);
INSERT INTO sequence_value_item (seq_name, seq_id) VALUES ('ServiceConfig', 10200);
INSERT INTO sequence_value_item (seq_name, seq_id) VALUES ('ProductLicense', 10100);
INSERT INTO sequence_value_item (seq_name, seq_id) VALUES ('EntityPropertyIndexDocument', 10100);
INSERT INTO sequence_value_item (seq_name, seq_id) VALUES ('UserAttribute', 10300);
INSERT INTO sequence_value_item (seq_name, seq_id) VALUES ('ApplicationUser', 10100);
INSERT INTO sequence_value_item (seq_name, seq_id) VALUES ('User', 10100);
INSERT INTO sequence_value_item (seq_name, seq_id) VALUES ('Membership', 10100);
INSERT INTO sequence_value_item (seq_name, seq_id) VALUES ('FieldLayoutItem', 10200);
INSERT INTO sequence_value_item (seq_name, seq_id) VALUES ('LicenseRoleGroup', 10100);
INSERT INTO sequence_value_item (seq_name, seq_id) VALUES ('LicenseRoleDefault', 10100);
INSERT INTO sequence_value_item (seq_name, seq_id) VALUES ('CustomField', 10100);
INSERT INTO sequence_value_item (seq_name, seq_id) VALUES ('AuditLog', 10300);
INSERT INTO sequence_value_item (seq_name, seq_id) VALUES ('AuditChangedValue', 10300);
INSERT INTO sequence_value_item (seq_name, seq_id) VALUES ('FieldConfiguration', 10200);
INSERT INTO sequence_value_item (seq_name, seq_id) VALUES ('FieldConfigScheme', 10200);
INSERT INTO sequence_value_item (seq_name, seq_id) VALUES ('FieldConfigSchemeIssueType', 10300);
INSERT INTO sequence_value_item (seq_name, seq_id) VALUES ('ConfigurationContext', 10200);
INSERT INTO sequence_value_item (seq_name, seq_id) VALUES ('Project', 10100);
INSERT INTO sequence_value_item (seq_name, seq_id) VALUES ('ProjectKey', 10100);
INSERT INTO sequence_value_item (seq_name, seq_id) VALUES ('ProjectRoleActor', 10200);
INSERT INTO sequence_value_item (seq_name, seq_id) VALUES ('IssueType', 10100);
INSERT INTO sequence_value_item (seq_name, seq_id) VALUES ('OptionConfiguration', 10300);
INSERT INTO sequence_value_item (seq_name, seq_id) VALUES ('GenericConfiguration', 10200);
INSERT INTO sequence_value_item (seq_name, seq_id) VALUES ('Status', 10100);
INSERT INTO sequence_value_item (seq_name, seq_id) VALUES ('FieldScreen', 10100);
INSERT INTO sequence_value_item (seq_name, seq_id) VALUES ('FieldScreenTab', 10200);
INSERT INTO sequence_value_item (seq_name, seq_id) VALUES ('FieldScreenLayoutItem', 10300);
INSERT INTO sequence_value_item (seq_name, seq_id) VALUES ('Workflow', 10200);
INSERT INTO sequence_value_item (seq_name, seq_id) VALUES ('WorkflowScheme', 10200);
INSERT INTO sequence_value_item (seq_name, seq_id) VALUES ('WorkflowSchemeEntity', 10200);
INSERT INTO sequence_value_item (seq_name, seq_id) VALUES ('AuditItem', 10200);
INSERT INTO sequence_value_item (seq_name, seq_id) VALUES ('PluginVersion', 10400);
INSERT INTO sequence_value_item (seq_name, seq_id) VALUES ('UpgradeTaskHistory', 10100);
INSERT INTO sequence_value_item (seq_name, seq_id) VALUES ('UpgradeTaskHistoryAuditLog', 10100);
INSERT INTO sequence_value_item (seq_name, seq_id) VALUES ('UpgradeHistory', 10300);
INSERT INTO sequence_value_item (seq_name, seq_id) VALUES ('UpgradeVersionHistory', 10300);
INSERT INTO sequence_value_item (seq_name, seq_id) VALUES ('ListenerConfig', 10400);
INSERT INTO sequence_value_item (seq_name, seq_id) VALUES ('OSPropertyEntry', 10800);
INSERT INTO sequence_value_item (seq_name, seq_id) VALUES ('ClusteredJob', 10700);
INSERT INTO sequence_value_item (seq_name, seq_id) VALUES ('RunDetails', 10500);
INSERT INTO sequence_value_item (seq_name, seq_id) VALUES ('OSWorkflowEntry', 10300);
INSERT INTO sequence_value_item (seq_name, seq_id) VALUES ('OSCurrentStep', 10300);
INSERT INTO sequence_value_item (seq_name, seq_id) VALUES ('Issue', 10300);
INSERT INTO sequence_value_item (seq_name, seq_id) VALUES ('CustomFieldValue', 10200);
INSERT INTO sequence_value_item (seq_name, seq_id) VALUES ('UserHistoryItem', 10400);
INSERT INTO sequence_value_item (seq_name, seq_id) VALUES ('Avatar', 10500);
INSERT INTO sequence_value_item (seq_name, seq_id) VALUES ('FieldScreenScheme', 10100);
INSERT INTO sequence_value_item (seq_name, seq_id) VALUES ('EventType', 10000);
INSERT INTO sequence_value_item (seq_name, seq_id) VALUES ('Feature', 10100);
INSERT INTO sequence_value_item (seq_name, seq_id) VALUES ('FieldScreenSchemeItem', 10200);
INSERT INTO sequence_value_item (seq_name, seq_id) VALUES ('FieldLayout', 10100);
INSERT INTO sequence_value_item (seq_name, seq_id) VALUES ('IssueTypeScreenScheme', 10100);
INSERT INTO sequence_value_item (seq_name, seq_id) VALUES ('GadgetUserPreference', 10100);
INSERT INTO sequence_value_item (seq_name, seq_id) VALUES ('IssueTypeScreenSchemeEntity', 10200);
INSERT INTO sequence_value_item (seq_name, seq_id) VALUES ('GlobalPermissionEntry', 10100);
INSERT INTO sequence_value_item (seq_name, seq_id) VALUES ('Resolution', 10100);
INSERT INTO sequence_value_item (seq_name, seq_id) VALUES ('Group', 10010);
INSERT INTO sequence_value_item (seq_name, seq_id) VALUES ('DraftWorkflow', 10100);
INSERT INTO sequence_value_item (seq_name, seq_id) VALUES ('SearchRequest', 10100);
INSERT INTO sequence_value_item (seq_name, seq_id) VALUES ('SharePermissions', 10200);


--
-- Data for Name: serviceconfig; Type: TABLE DATA; Schema: public; Owner: jira
--

INSERT INTO serviceconfig (id, delaytime, clazz, servicename, cron_expression) VALUES (10002, 86400000, 'com.atlassian.jira.service.services.auditing.AuditLogCleaningService', 'Audit log cleaning service', '0 0 10 * * ?');
INSERT INTO serviceconfig (id, delaytime, clazz, servicename, cron_expression) VALUES (10100, 86400000, 'com.atlassian.jira.avatar.media.AvatarSynchronizationService', 'Avatar synchronization service', '17 56 1 * * ?');
INSERT INTO serviceconfig (id, delaytime, clazz, servicename, cron_expression) VALUES (10101, 86400000, 'com.atlassian.jira.issue.attachment.store.media.sync.AttachmentSynchronizationService', 'Attachment MediaApi synchronization service', '8 47 * * * ?');


--
-- Name: serviceconfig_id_seq; Type: SEQUENCE SET; Schema: public; Owner: jira
--

SELECT pg_catalog.setval('serviceconfig_id_seq', 10101, true);


--
-- Data for Name: sharepermissions; Type: TABLE DATA; Schema: public; Owner: jira
--

INSERT INTO sharepermissions (id, entityid, entitytype, sharetype, param1, param2) VALUES (10000, 10000, 'PortalPage', 'global', NULL, NULL);
INSERT INTO sharepermissions (id, entityid, entitytype, sharetype, param1, param2) VALUES (10100, 10000, 'SearchRequest', 'project', '10000', NULL);
INSERT INTO sharepermissions (id, entityid, entitytype, sharetype, param1, param2) VALUES (10101, 10001, 'SearchRequest', 'project', '10000', NULL);


--
-- Name: sharepermissions_id_seq; Type: SEQUENCE SET; Schema: public; Owner: jira
--

SELECT pg_catalog.setval('sharepermissions_id_seq', 10200, false);


--
-- Data for Name: t_cd909f_media_store_logos; Type: TABLE DATA; Schema: public; Owner: jira
--



--
-- Data for Name: tempattachmentsmonitor; Type: TABLE DATA; Schema: public; Owner: jira
--



--
-- Data for Name: tenant_properties; Type: TABLE DATA; Schema: public; Owner: jira
--



--
-- Name: tenant_properties_id_seq; Type: SEQUENCE SET; Schema: public; Owner: jira
--

SELECT pg_catalog.setval('tenant_properties_id_seq', 10000, false);


--
-- Data for Name: trackback_ping; Type: TABLE DATA; Schema: public; Owner: jira
--



--
-- Name: trackback_ping_id_seq; Type: SEQUENCE SET; Schema: public; Owner: jira
--

SELECT pg_catalog.setval('trackback_ping_id_seq', 10000, false);


--
-- Data for Name: trustedapp; Type: TABLE DATA; Schema: public; Owner: jira
--



--
-- Name: trustedapp_id_seq; Type: SEQUENCE SET; Schema: public; Owner: jira
--

SELECT pg_catalog.setval('trustedapp_id_seq', 10000, false);


--
-- Data for Name: upgradehistory; Type: TABLE DATA; Schema: public; Owner: jira
--

INSERT INTO upgradehistory (id, upgradeclass, targetbuild, status, downgradetaskrequired) VALUES (10000, 'com.atlassian.jira.upgrade.tasks.UpgradeTask_Build70025', '70025', 'complete', 'N');
INSERT INTO upgradehistory (id, upgradeclass, targetbuild, status, downgradetaskrequired) VALUES (10001, 'com.atlassian.jira.upgrade.tasks.UpgradeTask_Build70026', '70026', 'complete', 'N');
INSERT INTO upgradehistory (id, upgradeclass, targetbuild, status, downgradetaskrequired) VALUES (10100, 'com.atlassian.jira.upgrade.tasks.UpgradeTask_Build70027', '70027', 'complete', 'Y');
INSERT INTO upgradehistory (id, upgradeclass, targetbuild, status, downgradetaskrequired) VALUES (10101, 'com.atlassian.jira.upgrade.tasks.UpgradeTask_Build70100', '70100', 'complete', 'Y');
INSERT INTO upgradehistory (id, upgradeclass, targetbuild, status, downgradetaskrequired) VALUES (10102, 'com.atlassian.jira.upgrade.tasks.UpgradeTask_Build70101', '70101', 'complete', 'N');
INSERT INTO upgradehistory (id, upgradeclass, targetbuild, status, downgradetaskrequired) VALUES (10103, 'com.atlassian.jira.upgrade.tasks.UpgradeTask_Build70102', '70102', 'complete', 'N');
INSERT INTO upgradehistory (id, upgradeclass, targetbuild, status, downgradetaskrequired) VALUES (10104, 'com.atlassian.jira.upgrade.tasks.UpgradeTask_Build70109', '70109', 'complete', 'N');
INSERT INTO upgradehistory (id, upgradeclass, targetbuild, status, downgradetaskrequired) VALUES (10202, 'com.atlassian.jira.upgrade.tasks.UpgradeTask_Build72002', '72002', 'complete', 'N');
INSERT INTO upgradehistory (id, upgradeclass, targetbuild, status, downgradetaskrequired) VALUES (10203, 'com.atlassian.jira.upgrade.tasks.UpgradeTask_Build73002', '73002', 'complete', 'N');
INSERT INTO upgradehistory (id, upgradeclass, targetbuild, status, downgradetaskrequired) VALUES (NULL, 'com.atlassian.jira.upgrade.tasks.UpgradeTask_Build71001', '71001', 'complete', 'N');
INSERT INTO upgradehistory (id, upgradeclass, targetbuild, status, downgradetaskrequired) VALUES (NULL, 'com.atlassian.jira.upgrade.tasks.UpgradeTask_Build72001', '72001', 'complete', 'N');


--
-- Data for Name: upgradetaskhistory; Type: TABLE DATA; Schema: public; Owner: jira
--

INSERT INTO upgradetaskhistory (id, upgrade_task_factory_key, build_number, status, upgrade_type) VALUES (10114, 'host', 100014, 'COMPLETED', 'CLOUD');
INSERT INTO upgradetaskhistory (id, upgrade_task_factory_key, build_number, status, upgrade_type) VALUES (10129, 'host', 100015, 'COMPLETED', 'CLOUD');
INSERT INTO upgradetaskhistory (id, upgrade_task_factory_key, build_number, status, upgrade_type) VALUES (10130, 'host', 100016, 'COMPLETED', 'CLOUD');
INSERT INTO upgradetaskhistory (id, upgrade_task_factory_key, build_number, status, upgrade_type) VALUES (10131, 'host', 100017, 'COMPLETED', 'CLOUD');
INSERT INTO upgradetaskhistory (id, upgrade_task_factory_key, build_number, status, upgrade_type) VALUES (10132, 'host', 100018, 'COMPLETED', 'CLOUD');
INSERT INTO upgradetaskhistory (id, upgrade_task_factory_key, build_number, status, upgrade_type) VALUES (10133, 'host', 100019, 'COMPLETED', 'CLOUD');
INSERT INTO upgradetaskhistory (id, upgrade_task_factory_key, build_number, status, upgrade_type) VALUES (10134, 'host', 100020, 'COMPLETED', 'CLOUD');
INSERT INTO upgradetaskhistory (id, upgrade_task_factory_key, build_number, status, upgrade_type) VALUES (10135, 'host', 100021, 'COMPLETED', 'CLOUD');
INSERT INTO upgradetaskhistory (id, upgrade_task_factory_key, build_number, status, upgrade_type) VALUES (10136, 'host', 100022, 'COMPLETED', 'CLOUD');
INSERT INTO upgradetaskhistory (id, upgrade_task_factory_key, build_number, status, upgrade_type) VALUES (10137, 'host', 100023, 'COMPLETED', 'CLOUD');
INSERT INTO upgradetaskhistory (id, upgrade_task_factory_key, build_number, status, upgrade_type) VALUES (10138, 'host', 100024, 'COMPLETED', 'CLOUD');
INSERT INTO upgradetaskhistory (id, upgrade_task_factory_key, build_number, status, upgrade_type) VALUES (10139, 'host', 100025, 'COMPLETED', 'CLOUD');
INSERT INTO upgradetaskhistory (id, upgrade_task_factory_key, build_number, status, upgrade_type) VALUES (10140, 'host', 100026, 'COMPLETED', 'CLOUD');
INSERT INTO upgradetaskhistory (id, upgrade_task_factory_key, build_number, status, upgrade_type) VALUES (10141, 'host', 100027, 'COMPLETED', 'CLOUD');
INSERT INTO upgradetaskhistory (id, upgrade_task_factory_key, build_number, status, upgrade_type) VALUES (10142, 'host', 100028, 'COMPLETED', 'CLOUD');
INSERT INTO upgradetaskhistory (id, upgrade_task_factory_key, build_number, status, upgrade_type) VALUES (10143, 'host', 100029, 'COMPLETED', 'CLOUD');
INSERT INTO upgradetaskhistory (id, upgrade_task_factory_key, build_number, status, upgrade_type) VALUES (10144, 'host', 100030, 'COMPLETED', 'CLOUD');
INSERT INTO upgradetaskhistory (id, upgrade_task_factory_key, build_number, status, upgrade_type) VALUES (10145, 'host', 100031, 'COMPLETED', 'CLOUD');
INSERT INTO upgradetaskhistory (id, upgrade_task_factory_key, build_number, status, upgrade_type) VALUES (10146, 'host', 100032, 'COMPLETED', 'CLOUD');
INSERT INTO upgradetaskhistory (id, upgrade_task_factory_key, build_number, status, upgrade_type) VALUES (10147, 'host', 100033, 'COMPLETED', 'CLOUD');
INSERT INTO upgradetaskhistory (id, upgrade_task_factory_key, build_number, status, upgrade_type) VALUES (10115, 'host', 100000, 'COMPLETED', 'CLOUD');
INSERT INTO upgradetaskhistory (id, upgrade_task_factory_key, build_number, status, upgrade_type) VALUES (10116, 'host', 100001, 'COMPLETED', 'CLOUD');
INSERT INTO upgradetaskhistory (id, upgrade_task_factory_key, build_number, status, upgrade_type) VALUES (10117, 'host', 100002, 'COMPLETED', 'CLOUD');
INSERT INTO upgradetaskhistory (id, upgrade_task_factory_key, build_number, status, upgrade_type) VALUES (10118, 'host', 100003, 'COMPLETED', 'CLOUD');
INSERT INTO upgradetaskhistory (id, upgrade_task_factory_key, build_number, status, upgrade_type) VALUES (10119, 'host', 100004, 'COMPLETED', 'CLOUD');
INSERT INTO upgradetaskhistory (id, upgrade_task_factory_key, build_number, status, upgrade_type) VALUES (10120, 'host', 100005, 'COMPLETED', 'CLOUD');
INSERT INTO upgradetaskhistory (id, upgrade_task_factory_key, build_number, status, upgrade_type) VALUES (10121, 'host', 100006, 'COMPLETED', 'CLOUD');
INSERT INTO upgradetaskhistory (id, upgrade_task_factory_key, build_number, status, upgrade_type) VALUES (10122, 'host', 100007, 'COMPLETED', 'CLOUD');
INSERT INTO upgradetaskhistory (id, upgrade_task_factory_key, build_number, status, upgrade_type) VALUES (10148, 'host', 100034, 'COMPLETED', 'CLOUD');
INSERT INTO upgradetaskhistory (id, upgrade_task_factory_key, build_number, status, upgrade_type) VALUES (10123, 'host', 100008, 'COMPLETED', 'CLOUD');
INSERT INTO upgradetaskhistory (id, upgrade_task_factory_key, build_number, status, upgrade_type) VALUES (10124, 'host', 100009, 'COMPLETED', 'CLOUD');
INSERT INTO upgradetaskhistory (id, upgrade_task_factory_key, build_number, status, upgrade_type) VALUES (10125, 'host', 100010, 'COMPLETED', 'CLOUD');
INSERT INTO upgradetaskhistory (id, upgrade_task_factory_key, build_number, status, upgrade_type) VALUES (10126, 'host', 100011, 'COMPLETED', 'CLOUD');
INSERT INTO upgradetaskhistory (id, upgrade_task_factory_key, build_number, status, upgrade_type) VALUES (10149, 'host', 100035, 'COMPLETED', 'CLOUD');
INSERT INTO upgradetaskhistory (id, upgrade_task_factory_key, build_number, status, upgrade_type) VALUES (10127, 'host', 100012, 'COMPLETED', 'CLOUD');
INSERT INTO upgradetaskhistory (id, upgrade_task_factory_key, build_number, status, upgrade_type) VALUES (10128, 'host', 100013, 'COMPLETED', 'CLOUD');
INSERT INTO upgradetaskhistory (id, upgrade_task_factory_key, build_number, status, upgrade_type) VALUES (10150, 'host', 100036, 'COMPLETED', 'CLOUD');
INSERT INTO upgradetaskhistory (id, upgrade_task_factory_key, build_number, status, upgrade_type) VALUES (10151, 'host', 100037, 'COMPLETED', 'CLOUD');
INSERT INTO upgradetaskhistory (id, upgrade_task_factory_key, build_number, status, upgrade_type) VALUES (10152, 'host', 100038, 'COMPLETED', 'CLOUD');
INSERT INTO upgradetaskhistory (id, upgrade_task_factory_key, build_number, status, upgrade_type) VALUES (10153, 'host', 100039, 'COMPLETED', 'CLOUD');
INSERT INTO upgradetaskhistory (id, upgrade_task_factory_key, build_number, status, upgrade_type) VALUES (10154, 'host', 100040, 'COMPLETED', 'CLOUD');
INSERT INTO upgradetaskhistory (id, upgrade_task_factory_key, build_number, status, upgrade_type) VALUES (10155, 'host', 100041, 'COMPLETED', 'CLOUD');
INSERT INTO upgradetaskhistory (id, upgrade_task_factory_key, build_number, status, upgrade_type) VALUES (10156, 'host', 100042, 'COMPLETED', 'CLOUD');
INSERT INTO upgradetaskhistory (id, upgrade_task_factory_key, build_number, status, upgrade_type) VALUES (10157, 'host', 100043, 'COMPLETED', 'CLOUD');
INSERT INTO upgradetaskhistory (id, upgrade_task_factory_key, build_number, status, upgrade_type) VALUES (10158, 'host', 100044, 'COMPLETED', 'CLOUD');
INSERT INTO upgradetaskhistory (id, upgrade_task_factory_key, build_number, status, upgrade_type) VALUES (10159, 'com.atlassian.jira.plugins.jira-development-integration-plugin', 1, 'COMPLETED', 'CLOUD');
INSERT INTO upgradetaskhistory (id, upgrade_task_factory_key, build_number, status, upgrade_type) VALUES (10160, 'com.atlassian.jira.plugins.jira-development-integration-plugin', 2, 'COMPLETED', 'CLOUD');
INSERT INTO upgradetaskhistory (id, upgrade_task_factory_key, build_number, status, upgrade_type) VALUES (10161, 'com.atlassian.oauth.consumer.sal', 1, 'COMPLETED', 'CLOUD');
INSERT INTO upgradetaskhistory (id, upgrade_task_factory_key, build_number, status, upgrade_type) VALUES (10162, 'com.atlassian.oauth.serviceprovider.sal', 1, 'COMPLETED', 'CLOUD');
INSERT INTO upgradetaskhistory (id, upgrade_task_factory_key, build_number, status, upgrade_type) VALUES (10163, 'com.atlassian.labs.hipchat.hipchat-for-jira-plugin', 5, 'COMPLETED', 'CLOUD');
INSERT INTO upgradetaskhistory (id, upgrade_task_factory_key, build_number, status, upgrade_type) VALUES (10164, 'com.atlassian.jira.plugins.jira-bitbucket-connector-plugin', 1, 'COMPLETED', 'CLOUD');
INSERT INTO upgradetaskhistory (id, upgrade_task_factory_key, build_number, status, upgrade_type) VALUES (10165, 'com.pyxis.greenhopper.jira', 1000, 'COMPLETED', 'CLOUD');
INSERT INTO upgradetaskhistory (id, upgrade_task_factory_key, build_number, status, upgrade_type) VALUES (10166, 'com.pyxis.greenhopper.jira', 1001, 'COMPLETED', 'CLOUD');
INSERT INTO upgradetaskhistory (id, upgrade_task_factory_key, build_number, status, upgrade_type) VALUES (10167, 'com.pyxis.greenhopper.jira', 1002, 'COMPLETED', 'CLOUD');
INSERT INTO upgradetaskhistory (id, upgrade_task_factory_key, build_number, status, upgrade_type) VALUES (10168, 'com.pyxis.greenhopper.jira', 1003, 'COMPLETED', 'CLOUD');
INSERT INTO upgradetaskhistory (id, upgrade_task_factory_key, build_number, status, upgrade_type) VALUES (10169, 'com.pyxis.greenhopper.jira', 1004, 'COMPLETED', 'CLOUD');
INSERT INTO upgradetaskhistory (id, upgrade_task_factory_key, build_number, status, upgrade_type) VALUES (10170, 'com.pyxis.greenhopper.jira', 1005, 'COMPLETED', 'CLOUD');
INSERT INTO upgradetaskhistory (id, upgrade_task_factory_key, build_number, status, upgrade_type) VALUES (10171, 'com.pyxis.greenhopper.jira', 1006, 'COMPLETED', 'CLOUD');
INSERT INTO upgradetaskhistory (id, upgrade_task_factory_key, build_number, status, upgrade_type) VALUES (10172, 'com.pyxis.greenhopper.jira', 1007, 'COMPLETED', 'CLOUD');


--
-- Name: upgradetaskhistory_id_seq; Type: SEQUENCE SET; Schema: public; Owner: jira
--

SELECT pg_catalog.setval('upgradetaskhistory_id_seq', 10172, true);


--
-- Data for Name: upgradetaskhistoryauditlog; Type: TABLE DATA; Schema: public; Owner: jira
--

INSERT INTO upgradetaskhistoryauditlog (id, upgrade_task_factory_key, build_number, status, upgrade_type, timeperformed, action) VALUES (10000, 'host', 71001, 'COMPLETED', 'SERVER', '2017-02-24 06:50:25.343+00', 'upgrade');
INSERT INTO upgradetaskhistoryauditlog (id, upgrade_task_factory_key, build_number, status, upgrade_type, timeperformed, action) VALUES (10001, 'host', 72001, 'COMPLETED', 'SERVER', '2017-02-24 06:50:25.344+00', 'upgrade');
INSERT INTO upgradetaskhistoryauditlog (id, upgrade_task_factory_key, build_number, status, upgrade_type, timeperformed, action) VALUES (10002, 'host', 72002, 'COMPLETED', 'SERVER', '2017-02-24 06:50:25.36+00', 'upgrade');
INSERT INTO upgradetaskhistoryauditlog (id, upgrade_task_factory_key, build_number, status, upgrade_type, timeperformed, action) VALUES (10003, 'host', 73002, 'COMPLETED', 'SERVER', '2017-02-24 06:50:25.361+00', 'upgrade');
INSERT INTO upgradetaskhistoryauditlog (id, upgrade_task_factory_key, build_number, status, upgrade_type, timeperformed, action) VALUES (10004, 'host', 73010, 'COMPLETED', 'SERVER', '2017-02-24 06:50:25.365+00', 'upgrade');
INSERT INTO upgradetaskhistoryauditlog (id, upgrade_task_factory_key, build_number, status, upgrade_type, timeperformed, action) VALUES (10005, 'host', 73011, 'COMPLETED', 'SERVER', '2017-02-24 06:50:25.37+00', 'upgrade');
INSERT INTO upgradetaskhistoryauditlog (id, upgrade_task_factory_key, build_number, status, upgrade_type, timeperformed, action) VALUES (10131, 'host', 100029, 'COMPLETED', 'CLOUD', '2017-05-15 11:38:14.683+00', 'upgrade');
INSERT INTO upgradetaskhistoryauditlog (id, upgrade_task_factory_key, build_number, status, upgrade_type, timeperformed, action) VALUES (10132, 'host', 100030, 'COMPLETED', 'CLOUD', '2017-05-15 11:38:14.688+00', 'upgrade');
INSERT INTO upgradetaskhistoryauditlog (id, upgrade_task_factory_key, build_number, status, upgrade_type, timeperformed, action) VALUES (10133, 'host', 100031, 'COMPLETED', 'CLOUD', '2017-05-15 11:38:14.699+00', 'upgrade');
INSERT INTO upgradetaskhistoryauditlog (id, upgrade_task_factory_key, build_number, status, upgrade_type, timeperformed, action) VALUES (10134, 'host', 100032, 'COMPLETED', 'CLOUD', '2017-05-15 11:38:14.703+00', 'upgrade');
INSERT INTO upgradetaskhistoryauditlog (id, upgrade_task_factory_key, build_number, status, upgrade_type, timeperformed, action) VALUES (10135, 'host', 100033, 'COMPLETED', 'CLOUD', '2017-05-15 11:38:14.708+00', 'upgrade');
INSERT INTO upgradetaskhistoryauditlog (id, upgrade_task_factory_key, build_number, status, upgrade_type, timeperformed, action) VALUES (10136, 'host', 100034, 'COMPLETED', 'CLOUD', '2017-05-15 11:38:14.713+00', 'upgrade');
INSERT INTO upgradetaskhistoryauditlog (id, upgrade_task_factory_key, build_number, status, upgrade_type, timeperformed, action) VALUES (10137, 'host', 100035, 'COMPLETED', 'CLOUD', '2017-05-15 11:38:14.723+00', 'upgrade');
INSERT INTO upgradetaskhistoryauditlog (id, upgrade_task_factory_key, build_number, status, upgrade_type, timeperformed, action) VALUES (10138, 'host', 100036, 'COMPLETED', 'CLOUD', '2017-05-15 11:38:14.731+00', 'upgrade');
INSERT INTO upgradetaskhistoryauditlog (id, upgrade_task_factory_key, build_number, status, upgrade_type, timeperformed, action) VALUES (10139, 'host', 100037, 'COMPLETED', 'CLOUD', '2017-05-15 11:38:14.765+00', 'upgrade');
INSERT INTO upgradetaskhistoryauditlog (id, upgrade_task_factory_key, build_number, status, upgrade_type, timeperformed, action) VALUES (10140, 'host', 100038, 'COMPLETED', 'CLOUD', '2017-05-15 11:38:14.768+00', 'upgrade');
INSERT INTO upgradetaskhistoryauditlog (id, upgrade_task_factory_key, build_number, status, upgrade_type, timeperformed, action) VALUES (10141, 'host', 100039, 'COMPLETED', 'CLOUD', '2017-05-15 11:38:14.771+00', 'upgrade');
INSERT INTO upgradetaskhistoryauditlog (id, upgrade_task_factory_key, build_number, status, upgrade_type, timeperformed, action) VALUES (10142, 'host', 100040, 'COMPLETED', 'CLOUD', '2017-05-15 11:38:14.774+00', 'upgrade');
INSERT INTO upgradetaskhistoryauditlog (id, upgrade_task_factory_key, build_number, status, upgrade_type, timeperformed, action) VALUES (10143, 'host', 100041, 'COMPLETED', 'CLOUD', '2017-05-15 11:38:14.776+00', 'upgrade');
INSERT INTO upgradetaskhistoryauditlog (id, upgrade_task_factory_key, build_number, status, upgrade_type, timeperformed, action) VALUES (10144, 'host', 100042, 'COMPLETED', 'CLOUD', '2017-05-15 11:38:14.779+00', 'upgrade');
INSERT INTO upgradetaskhistoryauditlog (id, upgrade_task_factory_key, build_number, status, upgrade_type, timeperformed, action) VALUES (10145, 'host', 100043, 'COMPLETED', 'CLOUD', '2017-05-15 11:38:14.782+00', 'upgrade');
INSERT INTO upgradetaskhistoryauditlog (id, upgrade_task_factory_key, build_number, status, upgrade_type, timeperformed, action) VALUES (10146, 'host', 100044, 'COMPLETED', 'CLOUD', '2017-05-15 11:38:14.784+00', 'upgrade');
INSERT INTO upgradetaskhistoryauditlog (id, upgrade_task_factory_key, build_number, status, upgrade_type, timeperformed, action) VALUES (10147, 'com.atlassian.jira.plugins.jira-development-integration-plugin', 1, 'COMPLETED', 'CLOUD', '2017-05-15 11:38:14.804+00', 'upgrade');
INSERT INTO upgradetaskhistoryauditlog (id, upgrade_task_factory_key, build_number, status, upgrade_type, timeperformed, action) VALUES (10148, 'com.atlassian.jira.plugins.jira-development-integration-plugin', 2, 'COMPLETED', 'CLOUD', '2017-05-15 11:38:14.849+00', 'upgrade');
INSERT INTO upgradetaskhistoryauditlog (id, upgrade_task_factory_key, build_number, status, upgrade_type, timeperformed, action) VALUES (10149, 'com.atlassian.oauth.consumer.sal', 1, 'COMPLETED', 'CLOUD', '2017-05-15 11:38:14.875+00', 'upgrade');
INSERT INTO upgradetaskhistoryauditlog (id, upgrade_task_factory_key, build_number, status, upgrade_type, timeperformed, action) VALUES (10150, 'com.atlassian.oauth.serviceprovider.sal', 1, 'COMPLETED', 'CLOUD', '2017-05-15 11:38:14.896+00', 'upgrade');
INSERT INTO upgradetaskhistoryauditlog (id, upgrade_task_factory_key, build_number, status, upgrade_type, timeperformed, action) VALUES (10151, 'com.atlassian.labs.hipchat.hipchat-for-jira-plugin', 5, 'COMPLETED', 'CLOUD', '2017-05-15 11:38:14.902+00', 'upgrade');
INSERT INTO upgradetaskhistoryauditlog (id, upgrade_task_factory_key, build_number, status, upgrade_type, timeperformed, action) VALUES (10152, 'com.atlassian.jira.plugins.jira-bitbucket-connector-plugin', 1, 'COMPLETED', 'CLOUD', '2017-05-15 11:38:14.908+00', 'upgrade');
INSERT INTO upgradetaskhistoryauditlog (id, upgrade_task_factory_key, build_number, status, upgrade_type, timeperformed, action) VALUES (10153, 'com.pyxis.greenhopper.jira', 1000, 'COMPLETED', 'CLOUD', '2017-05-15 11:38:14.956+00', 'upgrade');
INSERT INTO upgradetaskhistoryauditlog (id, upgrade_task_factory_key, build_number, status, upgrade_type, timeperformed, action) VALUES (10154, 'com.pyxis.greenhopper.jira', 1001, 'COMPLETED', 'CLOUD', '2017-05-15 11:38:14.96+00', 'upgrade');
INSERT INTO upgradetaskhistoryauditlog (id, upgrade_task_factory_key, build_number, status, upgrade_type, timeperformed, action) VALUES (10155, 'com.pyxis.greenhopper.jira', 1002, 'COMPLETED', 'CLOUD', '2017-05-15 11:38:14.964+00', 'upgrade');
INSERT INTO upgradetaskhistoryauditlog (id, upgrade_task_factory_key, build_number, status, upgrade_type, timeperformed, action) VALUES (10156, 'com.pyxis.greenhopper.jira', 1003, 'COMPLETED', 'CLOUD', '2017-05-15 11:38:14.967+00', 'upgrade');
INSERT INTO upgradetaskhistoryauditlog (id, upgrade_task_factory_key, build_number, status, upgrade_type, timeperformed, action) VALUES (10157, 'com.pyxis.greenhopper.jira', 1004, 'COMPLETED', 'CLOUD', '2017-05-15 11:38:15.141+00', 'upgrade');
INSERT INTO upgradetaskhistoryauditlog (id, upgrade_task_factory_key, build_number, status, upgrade_type, timeperformed, action) VALUES (10158, 'com.pyxis.greenhopper.jira', 1005, 'COMPLETED', 'CLOUD', '2017-05-15 11:38:15.157+00', 'upgrade');
INSERT INTO upgradetaskhistoryauditlog (id, upgrade_task_factory_key, build_number, status, upgrade_type, timeperformed, action) VALUES (10159, 'com.pyxis.greenhopper.jira', 1006, 'COMPLETED', 'CLOUD', '2017-05-15 11:38:15.16+00', 'upgrade');
INSERT INTO upgradetaskhistoryauditlog (id, upgrade_task_factory_key, build_number, status, upgrade_type, timeperformed, action) VALUES (10160, 'com.pyxis.greenhopper.jira', 1007, 'COMPLETED', 'CLOUD', '2017-05-15 11:38:15.163+00', 'upgrade');
INSERT INTO upgradetaskhistoryauditlog (id, upgrade_task_factory_key, build_number, status, upgrade_type, timeperformed, action) VALUES (10100, 'host', 73011, 'COMPLETED', 'SERVER', '2017-05-15 11:38:14.435+00', 'downgrade');
INSERT INTO upgradetaskhistoryauditlog (id, upgrade_task_factory_key, build_number, status, upgrade_type, timeperformed, action) VALUES (10101, 'host', 73010, 'COMPLETED', 'SERVER', '2017-05-15 11:38:14.437+00', 'downgrade');
INSERT INTO upgradetaskhistoryauditlog (id, upgrade_task_factory_key, build_number, status, upgrade_type, timeperformed, action) VALUES (10102, 'host', 100000, 'COMPLETED', 'CLOUD', '2017-05-15 11:38:14.446+00', 'upgrade');
INSERT INTO upgradetaskhistoryauditlog (id, upgrade_task_factory_key, build_number, status, upgrade_type, timeperformed, action) VALUES (10103, 'host', 100001, 'COMPLETED', 'CLOUD', '2017-05-15 11:38:14.451+00', 'upgrade');
INSERT INTO upgradetaskhistoryauditlog (id, upgrade_task_factory_key, build_number, status, upgrade_type, timeperformed, action) VALUES (10104, 'host', 100002, 'COMPLETED', 'CLOUD', '2017-05-15 11:38:14.455+00', 'upgrade');
INSERT INTO upgradetaskhistoryauditlog (id, upgrade_task_factory_key, build_number, status, upgrade_type, timeperformed, action) VALUES (10105, 'host', 100003, 'COMPLETED', 'CLOUD', '2017-05-15 11:38:14.459+00', 'upgrade');
INSERT INTO upgradetaskhistoryauditlog (id, upgrade_task_factory_key, build_number, status, upgrade_type, timeperformed, action) VALUES (10106, 'host', 100004, 'COMPLETED', 'CLOUD', '2017-05-15 11:38:14.463+00', 'upgrade');
INSERT INTO upgradetaskhistoryauditlog (id, upgrade_task_factory_key, build_number, status, upgrade_type, timeperformed, action) VALUES (10107, 'host', 100005, 'COMPLETED', 'CLOUD', '2017-05-15 11:38:14.472+00', 'upgrade');
INSERT INTO upgradetaskhistoryauditlog (id, upgrade_task_factory_key, build_number, status, upgrade_type, timeperformed, action) VALUES (10108, 'host', 100006, 'COMPLETED', 'CLOUD', '2017-05-15 11:38:14.476+00', 'upgrade');
INSERT INTO upgradetaskhistoryauditlog (id, upgrade_task_factory_key, build_number, status, upgrade_type, timeperformed, action) VALUES (10109, 'host', 100007, 'COMPLETED', 'CLOUD', '2017-05-15 11:38:14.511+00', 'upgrade');
INSERT INTO upgradetaskhistoryauditlog (id, upgrade_task_factory_key, build_number, status, upgrade_type, timeperformed, action) VALUES (10110, 'host', 100008, 'COMPLETED', 'CLOUD', '2017-05-15 11:38:14.524+00', 'upgrade');
INSERT INTO upgradetaskhistoryauditlog (id, upgrade_task_factory_key, build_number, status, upgrade_type, timeperformed, action) VALUES (10111, 'host', 100009, 'COMPLETED', 'CLOUD', '2017-05-15 11:38:14.534+00', 'upgrade');
INSERT INTO upgradetaskhistoryauditlog (id, upgrade_task_factory_key, build_number, status, upgrade_type, timeperformed, action) VALUES (10112, 'host', 100010, 'COMPLETED', 'CLOUD', '2017-05-15 11:38:14.539+00', 'upgrade');
INSERT INTO upgradetaskhistoryauditlog (id, upgrade_task_factory_key, build_number, status, upgrade_type, timeperformed, action) VALUES (10113, 'host', 100011, 'COMPLETED', 'CLOUD', '2017-05-15 11:38:14.542+00', 'upgrade');
INSERT INTO upgradetaskhistoryauditlog (id, upgrade_task_factory_key, build_number, status, upgrade_type, timeperformed, action) VALUES (10114, 'host', 100012, 'COMPLETED', 'CLOUD', '2017-05-15 11:38:14.544+00', 'upgrade');
INSERT INTO upgradetaskhistoryauditlog (id, upgrade_task_factory_key, build_number, status, upgrade_type, timeperformed, action) VALUES (10115, 'host', 100013, 'COMPLETED', 'CLOUD', '2017-05-15 11:38:14.568+00', 'upgrade');
INSERT INTO upgradetaskhistoryauditlog (id, upgrade_task_factory_key, build_number, status, upgrade_type, timeperformed, action) VALUES (10116, 'host', 100014, 'COMPLETED', 'CLOUD', '2017-05-15 11:38:14.582+00', 'upgrade');
INSERT INTO upgradetaskhistoryauditlog (id, upgrade_task_factory_key, build_number, status, upgrade_type, timeperformed, action) VALUES (10117, 'host', 100015, 'COMPLETED', 'CLOUD', '2017-05-15 11:38:14.584+00', 'upgrade');
INSERT INTO upgradetaskhistoryauditlog (id, upgrade_task_factory_key, build_number, status, upgrade_type, timeperformed, action) VALUES (10118, 'host', 100016, 'COMPLETED', 'CLOUD', '2017-05-15 11:38:14.588+00', 'upgrade');
INSERT INTO upgradetaskhistoryauditlog (id, upgrade_task_factory_key, build_number, status, upgrade_type, timeperformed, action) VALUES (10119, 'host', 100017, 'COMPLETED', 'CLOUD', '2017-05-15 11:38:14.595+00', 'upgrade');
INSERT INTO upgradetaskhistoryauditlog (id, upgrade_task_factory_key, build_number, status, upgrade_type, timeperformed, action) VALUES (10120, 'host', 100018, 'COMPLETED', 'CLOUD', '2017-05-15 11:38:14.6+00', 'upgrade');
INSERT INTO upgradetaskhistoryauditlog (id, upgrade_task_factory_key, build_number, status, upgrade_type, timeperformed, action) VALUES (10121, 'host', 100019, 'COMPLETED', 'CLOUD', '2017-05-15 11:38:14.604+00', 'upgrade');
INSERT INTO upgradetaskhistoryauditlog (id, upgrade_task_factory_key, build_number, status, upgrade_type, timeperformed, action) VALUES (10122, 'host', 100020, 'COMPLETED', 'CLOUD', '2017-05-15 11:38:14.607+00', 'upgrade');
INSERT INTO upgradetaskhistoryauditlog (id, upgrade_task_factory_key, build_number, status, upgrade_type, timeperformed, action) VALUES (10123, 'host', 100021, 'COMPLETED', 'CLOUD', '2017-05-15 11:38:14.612+00', 'upgrade');
INSERT INTO upgradetaskhistoryauditlog (id, upgrade_task_factory_key, build_number, status, upgrade_type, timeperformed, action) VALUES (10124, 'host', 100022, 'COMPLETED', 'CLOUD', '2017-05-15 11:38:14.617+00', 'upgrade');
INSERT INTO upgradetaskhistoryauditlog (id, upgrade_task_factory_key, build_number, status, upgrade_type, timeperformed, action) VALUES (10125, 'host', 100023, 'COMPLETED', 'CLOUD', '2017-05-15 11:38:14.621+00', 'upgrade');
INSERT INTO upgradetaskhistoryauditlog (id, upgrade_task_factory_key, build_number, status, upgrade_type, timeperformed, action) VALUES (10126, 'host', 100024, 'COMPLETED', 'CLOUD', '2017-05-15 11:38:14.628+00', 'upgrade');
INSERT INTO upgradetaskhistoryauditlog (id, upgrade_task_factory_key, build_number, status, upgrade_type, timeperformed, action) VALUES (10127, 'host', 100025, 'COMPLETED', 'CLOUD', '2017-05-15 11:38:14.633+00', 'upgrade');
INSERT INTO upgradetaskhistoryauditlog (id, upgrade_task_factory_key, build_number, status, upgrade_type, timeperformed, action) VALUES (10128, 'host', 100026, 'COMPLETED', 'CLOUD', '2017-05-15 11:38:14.637+00', 'upgrade');
INSERT INTO upgradetaskhistoryauditlog (id, upgrade_task_factory_key, build_number, status, upgrade_type, timeperformed, action) VALUES (10129, 'host', 100027, 'COMPLETED', 'CLOUD', '2017-05-15 11:38:14.641+00', 'upgrade');
INSERT INTO upgradetaskhistoryauditlog (id, upgrade_task_factory_key, build_number, status, upgrade_type, timeperformed, action) VALUES (10130, 'host', 100028, 'COMPLETED', 'CLOUD', '2017-05-15 11:38:14.647+00', 'upgrade');


--
-- Name: upgradetaskhistoryauditlog_id_seq; Type: SEQUENCE SET; Schema: public; Owner: jira
--

SELECT pg_catalog.setval('upgradetaskhistoryauditlog_id_seq', 10160, true);


--
-- Data for Name: upgradeversionhistory; Type: TABLE DATA; Schema: public; Owner: jira
--

INSERT INTO upgradeversionhistory (id, timeperformed, targetbuild, targetversion) VALUES (10000, '2015-08-12 11:51:46.083+00', '70026', '7.0.0-SNAPSHOT');
INSERT INTO upgradeversionhistory (id, timeperformed, targetbuild, targetversion) VALUES (10100, '2017-02-17 11:08:32.826+00', '70121', '7.0.11');
INSERT INTO upgradeversionhistory (id, timeperformed, targetbuild, targetversion) VALUES (10200, '2017-02-24 06:50:25.375+00', '73011', '7.3.0');
INSERT INTO upgradeversionhistory (id, timeperformed, targetbuild, targetversion) VALUES (NULL, '2017-05-15 11:38:15.167+00', '100044', '1000.981.0');


--
-- Data for Name: userassociation; Type: TABLE DATA; Schema: public; Owner: jira
--

INSERT INTO userassociation (source_name, sink_node_id, sink_node_entity, association_type, sequence, created) VALUES ('admin', 10000, 'Issue', 'WatchIssue', NULL, '2017-02-17 11:13:02.203+00');
INSERT INTO userassociation (source_name, sink_node_id, sink_node_entity, association_type, sequence, created) VALUES ('admin', 10001, 'Issue', 'WatchIssue', NULL, '2017-02-17 11:13:10.879+00');
INSERT INTO userassociation (source_name, sink_node_id, sink_node_entity, association_type, sequence, created) VALUES ('admin', 10002, 'Issue', 'WatchIssue', NULL, '2017-02-17 11:13:28.995+00');
INSERT INTO userassociation (source_name, sink_node_id, sink_node_entity, association_type, sequence, created) VALUES ('admin', 10003, 'Issue', 'WatchIssue', NULL, '2017-02-17 11:13:33.141+00');
INSERT INTO userassociation (source_name, sink_node_id, sink_node_entity, association_type, sequence, created) VALUES ('admin', 10004, 'Issue', 'WatchIssue', NULL, '2017-02-17 11:14:10.301+00');
INSERT INTO userassociation (source_name, sink_node_id, sink_node_entity, association_type, sequence, created) VALUES ('admin', 10100, 'Issue', 'WatchIssue', NULL, '2017-02-17 11:50:25.443+00');
INSERT INTO userassociation (source_name, sink_node_id, sink_node_entity, association_type, sequence, created) VALUES ('admin', 10200, 'Issue', 'WatchIssue', NULL, '2017-02-24 06:52:43.641+00');


--
-- Data for Name: userbase; Type: TABLE DATA; Schema: public; Owner: jira
--



--
-- Name: userbase_id_seq; Type: SEQUENCE SET; Schema: public; Owner: jira
--

SELECT pg_catalog.setval('userbase_id_seq', 10000, false);


--
-- Data for Name: userhistoryitem; Type: TABLE DATA; Schema: public; Owner: jira
--

INSERT INTO userhistoryitem (id, entitytype, entityid, username, lastviewed, data) VALUES (10100, 'Dashboard', '10000', 'admin', 1487919107105, NULL);
INSERT INTO userhistoryitem (id, entitytype, entityid, username, lastviewed, data) VALUES (10101, 'Project', '10000', 'admin', 1487296812548, NULL);
INSERT INTO userhistoryitem (id, entitytype, entityid, username, lastviewed, data) VALUES (10102, 'Issue', '10004', 'admin', 1487296252859, NULL);
INSERT INTO userhistoryitem (id, entitytype, entityid, username, lastviewed, data) VALUES (10103, 'Searcher', 'project', 'admin', 1487294058898, NULL);
INSERT INTO userhistoryitem (id, entitytype, entityid, username, lastviewed, data) VALUES (10104, 'Searcher', 'issuetype', 'admin', 1487294058908, NULL);
INSERT INTO userhistoryitem (id, entitytype, entityid, username, lastviewed, data) VALUES (10105, 'Searcher', 'status', 'admin', 1487294058930, NULL);
INSERT INTO userhistoryitem (id, entitytype, entityid, username, lastviewed, data) VALUES (10106, 'Searcher', 'resolution', 'admin', 1487294058950, NULL);
INSERT INTO userhistoryitem (id, entitytype, entityid, username, lastviewed, data) VALUES (10107, 'Searcher', 'assignee', 'admin', 1487294058973, NULL);
INSERT INTO userhistoryitem (id, entitytype, entityid, username, lastviewed, data) VALUES (10108, 'Issue', '10001', 'admin', 1487919174017, NULL);
INSERT INTO userhistoryitem (id, entitytype, entityid, username, lastviewed, data) VALUES (10200, 'Issue', '10100', 'admin', 1487296812540, NULL);
INSERT INTO userhistoryitem (id, entitytype, entityid, username, lastviewed, data) VALUES (10300, 'Issue', '10200', 'admin', 1487919180118, NULL);


--
-- Name: userhistoryitem_id_seq; Type: SEQUENCE SET; Schema: public; Owner: jira
--

SELECT pg_catalog.setval('userhistoryitem_id_seq', 10400, false);


--
-- Data for Name: userpickerfilter; Type: TABLE DATA; Schema: public; Owner: jira
--



--
-- Name: userpickerfilter_id_seq; Type: SEQUENCE SET; Schema: public; Owner: jira
--

SELECT pg_catalog.setval('userpickerfilter_id_seq', 10000, false);


--
-- Data for Name: userpickerfiltergroup; Type: TABLE DATA; Schema: public; Owner: jira
--



--
-- Name: userpickerfiltergroup_id_seq; Type: SEQUENCE SET; Schema: public; Owner: jira
--

SELECT pg_catalog.setval('userpickerfiltergroup_id_seq', 10000, false);


--
-- Data for Name: userpickerfilterrole; Type: TABLE DATA; Schema: public; Owner: jira
--



--
-- Name: userpickerfilterrole_id_seq; Type: SEQUENCE SET; Schema: public; Owner: jira
--

SELECT pg_catalog.setval('userpickerfilterrole_id_seq', 10000, false);


--
-- Data for Name: versioncontrol; Type: TABLE DATA; Schema: public; Owner: jira
--



--
-- Name: versioncontrol_id_seq; Type: SEQUENCE SET; Schema: public; Owner: jira
--

SELECT pg_catalog.setval('versioncontrol_id_seq', 10000, false);


--
-- Data for Name: votehistory; Type: TABLE DATA; Schema: public; Owner: jira
--



--
-- Name: votehistory_id_seq; Type: SEQUENCE SET; Schema: public; Owner: jira
--

SELECT pg_catalog.setval('votehistory_id_seq', 10000, false);


--
-- Data for Name: workflowscheme; Type: TABLE DATA; Schema: public; Owner: jira
--

INSERT INTO workflowscheme (id, name, description, scope) VALUES (10000, 'classic', 'classic', NULL);
INSERT INTO workflowscheme (id, name, description, scope) VALUES (10100, 'HSP: Task Management Workflow Scheme', '', NULL);


--
-- Name: workflowscheme_id_seq; Type: SEQUENCE SET; Schema: public; Owner: jira
--

SELECT pg_catalog.setval('workflowscheme_id_seq', 10200, false);


--
-- Data for Name: workflowschemeentity; Type: TABLE DATA; Schema: public; Owner: jira
--

INSERT INTO workflowschemeentity (id, scheme, workflow, issuetype) VALUES (10000, 10000, 'classic default workflow', '0');
INSERT INTO workflowschemeentity (id, scheme, workflow, issuetype) VALUES (10100, 10100, 'HSP: Task Management Workflow', '0');


--
-- Name: workflowschemeentity_id_seq; Type: SEQUENCE SET; Schema: public; Owner: jira
--

SELECT pg_catalog.setval('workflowschemeentity_id_seq', 10200, false);


--
-- Data for Name: worklog; Type: TABLE DATA; Schema: public; Owner: jira
--



--
-- Name: worklog_id_seq; Type: SEQUENCE SET; Schema: public; Owner: jira
--

SELECT pg_catalog.setval('worklog_id_seq', 10000, false);


--
-- PostgreSQL database dump complete
--

