--
-- PostgreSQL database dump
--

-- Dumped from database version 9.5.6
-- Dumped by pg_dump version 9.5.6

SET statement_timeout = 0;
SET lock_timeout = 0;
SET client_encoding = 'UTF8';
SET standard_conforming_strings = on;
SET check_function_bodies = false;
SET client_min_messages = warning;
SET row_security = off;

SET search_path = public, pg_catalog;

--
-- Data for Name: AO_013613_EXP_CATEGORY; Type: TABLE DATA; Schema: public; Owner: jira
--



--
-- Data for Name: AO_013613_EXPENSE; Type: TABLE DATA; Schema: public; Owner: jira
--



--
-- Name: AO_013613_EXPENSE_ID_seq; Type: SEQUENCE SET; Schema: public; Owner: jira
--

SELECT pg_catalog.setval('"AO_013613_EXPENSE_ID_seq"', 1, false);


--
-- Name: AO_013613_EXP_CATEGORY_ID_seq; Type: SEQUENCE SET; Schema: public; Owner: jira
--

SELECT pg_catalog.setval('"AO_013613_EXP_CATEGORY_ID_seq"', 1, false);


--
-- Data for Name: AO_013613_HD_SCHEME; Type: TABLE DATA; Schema: public; Owner: jira
--



--
-- Data for Name: AO_013613_HD_SCHEME_DAY; Type: TABLE DATA; Schema: public; Owner: jira
--



--
-- Name: AO_013613_HD_SCHEME_DAY_ID_seq; Type: SEQUENCE SET; Schema: public; Owner: jira
--

SELECT pg_catalog.setval('"AO_013613_HD_SCHEME_DAY_ID_seq"', 1, false);


--
-- Name: AO_013613_HD_SCHEME_ID_seq; Type: SEQUENCE SET; Schema: public; Owner: jira
--

SELECT pg_catalog.setval('"AO_013613_HD_SCHEME_ID_seq"', 1, false);


--
-- Data for Name: AO_013613_HD_SCHEME_MEMBER; Type: TABLE DATA; Schema: public; Owner: jira
--



--
-- Name: AO_013613_HD_SCHEME_MEMBER_ID_seq; Type: SEQUENCE SET; Schema: public; Owner: jira
--

SELECT pg_catalog.setval('"AO_013613_HD_SCHEME_MEMBER_ID_seq"', 1, false);


--
-- Data for Name: AO_013613_PERMISSION_GROUP; Type: TABLE DATA; Schema: public; Owner: jira
--



--
-- Name: AO_013613_PERMISSION_GROUP_ID_seq; Type: SEQUENCE SET; Schema: public; Owner: jira
--

SELECT pg_catalog.setval('"AO_013613_PERMISSION_GROUP_ID_seq"', 1, false);


--
-- Data for Name: AO_013613_PROJECT_CONFIG; Type: TABLE DATA; Schema: public; Owner: jira
--



--
-- Name: AO_013613_PROJECT_CONFIG_ID_seq; Type: SEQUENCE SET; Schema: public; Owner: jira
--

SELECT pg_catalog.setval('"AO_013613_PROJECT_CONFIG_ID_seq"', 1, false);


--
-- Data for Name: AO_013613_WORK_ATTRIBUTE; Type: TABLE DATA; Schema: public; Owner: jira
--



--
-- Data for Name: AO_013613_WA_VALUE; Type: TABLE DATA; Schema: public; Owner: jira
--



--
-- Name: AO_013613_WA_VALUE_ID_seq; Type: SEQUENCE SET; Schema: public; Owner: jira
--

SELECT pg_catalog.setval('"AO_013613_WA_VALUE_ID_seq"', 1, false);


--
-- Data for Name: AO_013613_WL_SCHEME; Type: TABLE DATA; Schema: public; Owner: jira
--



--
-- Data for Name: AO_013613_WL_SCHEME_DAY; Type: TABLE DATA; Schema: public; Owner: jira
--



--
-- Name: AO_013613_WL_SCHEME_DAY_ID_seq; Type: SEQUENCE SET; Schema: public; Owner: jira
--

SELECT pg_catalog.setval('"AO_013613_WL_SCHEME_DAY_ID_seq"', 1, false);


--
-- Name: AO_013613_WL_SCHEME_ID_seq; Type: SEQUENCE SET; Schema: public; Owner: jira
--

SELECT pg_catalog.setval('"AO_013613_WL_SCHEME_ID_seq"', 1, false);


--
-- Data for Name: AO_013613_WL_SCHEME_MEMBER; Type: TABLE DATA; Schema: public; Owner: jira
--



--
-- Name: AO_013613_WL_SCHEME_MEMBER_ID_seq; Type: SEQUENCE SET; Schema: public; Owner: jira
--

SELECT pg_catalog.setval('"AO_013613_WL_SCHEME_MEMBER_ID_seq"', 1, false);


--
-- Name: AO_013613_WORK_ATTRIBUTE_ID_seq; Type: SEQUENCE SET; Schema: public; Owner: jira
--

SELECT pg_catalog.setval('"AO_013613_WORK_ATTRIBUTE_ID_seq"', 1, false);


--
-- Data for Name: AO_0201F0_KB_HELPFUL_AGGR; Type: TABLE DATA; Schema: public; Owner: jira
--



--
-- Name: AO_0201F0_KB_HELPFUL_AGGR_ID_seq; Type: SEQUENCE SET; Schema: public; Owner: jira
--

SELECT pg_catalog.setval('"AO_0201F0_KB_HELPFUL_AGGR_ID_seq"', 1, false);


--
-- Data for Name: AO_0201F0_KB_VIEW_AGGR; Type: TABLE DATA; Schema: public; Owner: jira
--



--
-- Name: AO_0201F0_KB_VIEW_AGGR_ID_seq; Type: SEQUENCE SET; Schema: public; Owner: jira
--

SELECT pg_catalog.setval('"AO_0201F0_KB_VIEW_AGGR_ID_seq"', 1, false);


--
-- Data for Name: AO_0201F0_STATS_EVENT; Type: TABLE DATA; Schema: public; Owner: jira
--



--
-- Name: AO_0201F0_STATS_EVENT_ID_seq; Type: SEQUENCE SET; Schema: public; Owner: jira
--

SELECT pg_catalog.setval('"AO_0201F0_STATS_EVENT_ID_seq"', 1, false);


--
-- Data for Name: AO_0201F0_STATS_EVENT_PARAM; Type: TABLE DATA; Schema: public; Owner: jira
--



--
-- Name: AO_0201F0_STATS_EVENT_PARAM_ID_seq; Type: SEQUENCE SET; Schema: public; Owner: jira
--

SELECT pg_catalog.setval('"AO_0201F0_STATS_EVENT_PARAM_ID_seq"', 1, false);


--
-- Data for Name: AO_098293_ANNOUNCEMENT_ENTITY; Type: TABLE DATA; Schema: public; Owner: jira
--



--
-- Name: AO_098293_ANNOUNCEMENT_ENTITY_ID_seq; Type: SEQUENCE SET; Schema: public; Owner: jira
--

SELECT pg_catalog.setval('"AO_098293_ANNOUNCEMENT_ENTITY_ID_seq"', 1, false);


--
-- Data for Name: AO_21D670_WHITELIST_RULES; Type: TABLE DATA; Schema: public; Owner: jira
--



--
-- Name: AO_21D670_WHITELIST_RULES_ID_seq; Type: SEQUENCE SET; Schema: public; Owner: jira
--

SELECT pg_catalog.setval('"AO_21D670_WHITELIST_RULES_ID_seq"', 1, true);


--
-- Data for Name: AO_2C4E5C_MAILCONNECTION; Type: TABLE DATA; Schema: public; Owner: jira
--



--
-- Data for Name: AO_2C4E5C_MAILCHANNEL; Type: TABLE DATA; Schema: public; Owner: jira
--



--
-- Name: AO_2C4E5C_MAILCHANNEL_ID_seq; Type: SEQUENCE SET; Schema: public; Owner: jira
--

SELECT pg_catalog.setval('"AO_2C4E5C_MAILCHANNEL_ID_seq"', 1, false);


--
-- Name: AO_2C4E5C_MAILCONNECTION_ID_seq; Type: SEQUENCE SET; Schema: public; Owner: jira
--

SELECT pg_catalog.setval('"AO_2C4E5C_MAILCONNECTION_ID_seq"', 1, false);


--
-- Data for Name: AO_2C4E5C_MAILGLOBALHANDLER; Type: TABLE DATA; Schema: public; Owner: jira
--



--
-- Name: AO_2C4E5C_MAILGLOBALHANDLER_ID_seq; Type: SEQUENCE SET; Schema: public; Owner: jira
--

SELECT pg_catalog.setval('"AO_2C4E5C_MAILGLOBALHANDLER_ID_seq"', 1, false);


--
-- Data for Name: AO_2C4E5C_MAILHANDLER; Type: TABLE DATA; Schema: public; Owner: jira
--



--
-- Name: AO_2C4E5C_MAILHANDLER_ID_seq; Type: SEQUENCE SET; Schema: public; Owner: jira
--

SELECT pg_catalog.setval('"AO_2C4E5C_MAILHANDLER_ID_seq"', 1, false);


--
-- Data for Name: AO_2C4E5C_MAILITEM; Type: TABLE DATA; Schema: public; Owner: jira
--



--
-- Data for Name: AO_2C4E5C_MAILITEMAUDIT; Type: TABLE DATA; Schema: public; Owner: jira
--



--
-- Name: AO_2C4E5C_MAILITEMAUDIT_ID_seq; Type: SEQUENCE SET; Schema: public; Owner: jira
--

SELECT pg_catalog.setval('"AO_2C4E5C_MAILITEMAUDIT_ID_seq"', 1, false);


--
-- Data for Name: AO_2C4E5C_MAILITEMCHUNK; Type: TABLE DATA; Schema: public; Owner: jira
--



--
-- Name: AO_2C4E5C_MAILITEMCHUNK_ID_seq; Type: SEQUENCE SET; Schema: public; Owner: jira
--

SELECT pg_catalog.setval('"AO_2C4E5C_MAILITEMCHUNK_ID_seq"', 1, false);


--
-- Name: AO_2C4E5C_MAILITEM_ID_seq; Type: SEQUENCE SET; Schema: public; Owner: jira
--

SELECT pg_catalog.setval('"AO_2C4E5C_MAILITEM_ID_seq"', 1, false);


--
-- Data for Name: AO_2C4E5C_MAILRUNAUDIT; Type: TABLE DATA; Schema: public; Owner: jira
--



--
-- Name: AO_2C4E5C_MAILRUNAUDIT_ID_seq; Type: SEQUENCE SET; Schema: public; Owner: jira
--

SELECT pg_catalog.setval('"AO_2C4E5C_MAILRUNAUDIT_ID_seq"', 1, false);


--
-- Data for Name: AO_2D3BEA_BASELINE; Type: TABLE DATA; Schema: public; Owner: jira
--



--
-- Data for Name: AO_2D3BEA_FOLIO; Type: TABLE DATA; Schema: public; Owner: jira
--



--
-- Data for Name: AO_2D3BEA_OVERTIME; Type: TABLE DATA; Schema: public; Owner: jira
--



--
-- Data for Name: AO_2D3BEA_POSITION; Type: TABLE DATA; Schema: public; Owner: jira
--



--
-- Data for Name: AO_2D3BEA_ALLOCATION; Type: TABLE DATA; Schema: public; Owner: jira
--



--
-- Name: AO_2D3BEA_ALLOCATION_ID_seq; Type: SEQUENCE SET; Schema: public; Owner: jira
--

SELECT pg_catalog.setval('"AO_2D3BEA_ALLOCATION_ID_seq"', 1, false);


--
-- Data for Name: AO_2D3BEA_EXPENSE; Type: TABLE DATA; Schema: public; Owner: jira
--



--
-- Data for Name: AO_2D3BEA_ATTACHMENT; Type: TABLE DATA; Schema: public; Owner: jira
--



--
-- Name: AO_2D3BEA_ATTACHMENT_ID_seq; Type: SEQUENCE SET; Schema: public; Owner: jira
--

SELECT pg_catalog.setval('"AO_2D3BEA_ATTACHMENT_ID_seq"', 1, false);


--
-- Name: AO_2D3BEA_BASELINE_ID_seq; Type: SEQUENCE SET; Schema: public; Owner: jira
--

SELECT pg_catalog.setval('"AO_2D3BEA_BASELINE_ID_seq"', 1, false);


--
-- Data for Name: AO_2D3BEA_COMMENT; Type: TABLE DATA; Schema: public; Owner: jira
--



--
-- Name: AO_2D3BEA_COMMENT_ID_seq; Type: SEQUENCE SET; Schema: public; Owner: jira
--

SELECT pg_catalog.setval('"AO_2D3BEA_COMMENT_ID_seq"', 1, false);


--
-- Data for Name: AO_2D3BEA_CUSTOMFIELD; Type: TABLE DATA; Schema: public; Owner: jira
--



--
-- Data for Name: AO_2D3BEA_CUSTOMFIELDPVALUE; Type: TABLE DATA; Schema: public; Owner: jira
--



--
-- Name: AO_2D3BEA_CUSTOMFIELDPVALUE_ID_seq; Type: SEQUENCE SET; Schema: public; Owner: jira
--

SELECT pg_catalog.setval('"AO_2D3BEA_CUSTOMFIELDPVALUE_ID_seq"', 1, false);


--
-- Data for Name: AO_2D3BEA_CUSTOMFIELDVALUE; Type: TABLE DATA; Schema: public; Owner: jira
--



--
-- Name: AO_2D3BEA_CUSTOMFIELDVALUE_ID_seq; Type: SEQUENCE SET; Schema: public; Owner: jira
--

SELECT pg_catalog.setval('"AO_2D3BEA_CUSTOMFIELDVALUE_ID_seq"', 1, false);


--
-- Name: AO_2D3BEA_CUSTOMFIELD_ID_seq; Type: SEQUENCE SET; Schema: public; Owner: jira
--

SELECT pg_catalog.setval('"AO_2D3BEA_CUSTOMFIELD_ID_seq"', 1, false);


--
-- Data for Name: AO_2D3BEA_ENTITY_CHANGE; Type: TABLE DATA; Schema: public; Owner: jira
--



--
-- Name: AO_2D3BEA_ENTITY_CHANGE_ID_seq; Type: SEQUENCE SET; Schema: public; Owner: jira
--

SELECT pg_catalog.setval('"AO_2D3BEA_ENTITY_CHANGE_ID_seq"', 1, false);


--
-- Data for Name: AO_2D3BEA_EXCHANGERATE; Type: TABLE DATA; Schema: public; Owner: jira
--



--
-- Name: AO_2D3BEA_EXCHANGERATE_ID_seq; Type: SEQUENCE SET; Schema: public; Owner: jira
--

SELECT pg_catalog.setval('"AO_2D3BEA_EXCHANGERATE_ID_seq"', 1, false);


--
-- Name: AO_2D3BEA_EXPENSE_ID_seq; Type: SEQUENCE SET; Schema: public; Owner: jira
--

SELECT pg_catalog.setval('"AO_2D3BEA_EXPENSE_ID_seq"', 1, false);


--
-- Data for Name: AO_2D3BEA_EXTERNALTEAM; Type: TABLE DATA; Schema: public; Owner: jira
--



--
-- Name: AO_2D3BEA_EXTERNALTEAM_ID_seq; Type: SEQUENCE SET; Schema: public; Owner: jira
--

SELECT pg_catalog.setval('"AO_2D3BEA_EXTERNALTEAM_ID_seq"', 1, false);


--
-- Data for Name: AO_2D3BEA_FILTER; Type: TABLE DATA; Schema: public; Owner: jira
--



--
-- Name: AO_2D3BEA_FILTER_ID_seq; Type: SEQUENCE SET; Schema: public; Owner: jira
--

SELECT pg_catalog.setval('"AO_2D3BEA_FILTER_ID_seq"', 1, false);


--
-- Data for Name: AO_2D3BEA_FOLIOCF; Type: TABLE DATA; Schema: public; Owner: jira
--



--
-- Data for Name: AO_2D3BEA_FOLIOCFVALUE; Type: TABLE DATA; Schema: public; Owner: jira
--



--
-- Name: AO_2D3BEA_FOLIOCFVALUE_ID_seq; Type: SEQUENCE SET; Schema: public; Owner: jira
--

SELECT pg_catalog.setval('"AO_2D3BEA_FOLIOCFVALUE_ID_seq"', 1, false);


--
-- Name: AO_2D3BEA_FOLIOCF_ID_seq; Type: SEQUENCE SET; Schema: public; Owner: jira
--

SELECT pg_catalog.setval('"AO_2D3BEA_FOLIOCF_ID_seq"', 1, false);


--
-- Data for Name: AO_2D3BEA_PORTFOLIO; Type: TABLE DATA; Schema: public; Owner: jira
--



--
-- Data for Name: AO_2D3BEA_FOLIOTOPORTFOLIO; Type: TABLE DATA; Schema: public; Owner: jira
--



--
-- Name: AO_2D3BEA_FOLIOTOPORTFOLIO_ID_seq; Type: SEQUENCE SET; Schema: public; Owner: jira
--

SELECT pg_catalog.setval('"AO_2D3BEA_FOLIOTOPORTFOLIO_ID_seq"', 1, false);


--
-- Data for Name: AO_2D3BEA_FOLIO_ADMIN; Type: TABLE DATA; Schema: public; Owner: jira
--



--
-- Name: AO_2D3BEA_FOLIO_ADMIN_ID_seq; Type: SEQUENCE SET; Schema: public; Owner: jira
--

SELECT pg_catalog.setval('"AO_2D3BEA_FOLIO_ADMIN_ID_seq"', 1, false);


--
-- Data for Name: AO_2D3BEA_FOLIO_FORMAT; Type: TABLE DATA; Schema: public; Owner: jira
--



--
-- Name: AO_2D3BEA_FOLIO_FORMAT_ID_seq; Type: SEQUENCE SET; Schema: public; Owner: jira
--

SELECT pg_catalog.setval('"AO_2D3BEA_FOLIO_FORMAT_ID_seq"', 1, false);


--
-- Name: AO_2D3BEA_FOLIO_ID_seq; Type: SEQUENCE SET; Schema: public; Owner: jira
--

SELECT pg_catalog.setval('"AO_2D3BEA_FOLIO_ID_seq"', 1, false);


--
-- Data for Name: AO_2D3BEA_FOLIO_USER_AO; Type: TABLE DATA; Schema: public; Owner: jira
--



--
-- Name: AO_2D3BEA_FOLIO_USER_AO_ID_seq; Type: SEQUENCE SET; Schema: public; Owner: jira
--

SELECT pg_catalog.setval('"AO_2D3BEA_FOLIO_USER_AO_ID_seq"', 1, false);


--
-- Data for Name: AO_2D3BEA_NWDS; Type: TABLE DATA; Schema: public; Owner: jira
--



--
-- Name: AO_2D3BEA_NWDS_ID_seq; Type: SEQUENCE SET; Schema: public; Owner: jira
--

SELECT pg_catalog.setval('"AO_2D3BEA_NWDS_ID_seq"', 1, false);


--
-- Data for Name: AO_2D3BEA_OTRULETOFOLIO; Type: TABLE DATA; Schema: public; Owner: jira
--



--
-- Name: AO_2D3BEA_OTRULETOFOLIO_ID_seq; Type: SEQUENCE SET; Schema: public; Owner: jira
--

SELECT pg_catalog.setval('"AO_2D3BEA_OTRULETOFOLIO_ID_seq"', 1, false);


--
-- Name: AO_2D3BEA_OVERTIME_ID_seq; Type: SEQUENCE SET; Schema: public; Owner: jira
--

SELECT pg_catalog.setval('"AO_2D3BEA_OVERTIME_ID_seq"', 1, false);


--
-- Data for Name: AO_2D3BEA_PERMISSION_GROUP; Type: TABLE DATA; Schema: public; Owner: jira
--



--
-- Name: AO_2D3BEA_PERMISSION_GROUP_ID_seq; Type: SEQUENCE SET; Schema: public; Owner: jira
--

SELECT pg_catalog.setval('"AO_2D3BEA_PERMISSION_GROUP_ID_seq"', 1, false);


--
-- Data for Name: AO_2D3BEA_PLAN_ALLOCATION; Type: TABLE DATA; Schema: public; Owner: jira
--



--
-- Name: AO_2D3BEA_PLAN_ALLOCATION_ID_seq; Type: SEQUENCE SET; Schema: public; Owner: jira
--

SELECT pg_catalog.setval('"AO_2D3BEA_PLAN_ALLOCATION_ID_seq"', 1, false);


--
-- Data for Name: AO_2D3BEA_PORTFOLIOTOPORTFOLIO; Type: TABLE DATA; Schema: public; Owner: jira
--



--
-- Name: AO_2D3BEA_PORTFOLIOTOPORTFOLIO_ID_seq; Type: SEQUENCE SET; Schema: public; Owner: jira
--

SELECT pg_catalog.setval('"AO_2D3BEA_PORTFOLIOTOPORTFOLIO_ID_seq"', 1, false);


--
-- Data for Name: AO_2D3BEA_PORTFOLIO_ADMIN; Type: TABLE DATA; Schema: public; Owner: jira
--



--
-- Name: AO_2D3BEA_PORTFOLIO_ADMIN_ID_seq; Type: SEQUENCE SET; Schema: public; Owner: jira
--

SELECT pg_catalog.setval('"AO_2D3BEA_PORTFOLIO_ADMIN_ID_seq"', 1, false);


--
-- Name: AO_2D3BEA_PORTFOLIO_ID_seq; Type: SEQUENCE SET; Schema: public; Owner: jira
--

SELECT pg_catalog.setval('"AO_2D3BEA_PORTFOLIO_ID_seq"', 1, false);


--
-- Name: AO_2D3BEA_POSITION_ID_seq; Type: SEQUENCE SET; Schema: public; Owner: jira
--

SELECT pg_catalog.setval('"AO_2D3BEA_POSITION_ID_seq"', 1, false);


--
-- Data for Name: AO_2D3BEA_RATE; Type: TABLE DATA; Schema: public; Owner: jira
--



--
-- Name: AO_2D3BEA_RATE_ID_seq; Type: SEQUENCE SET; Schema: public; Owner: jira
--

SELECT pg_catalog.setval('"AO_2D3BEA_RATE_ID_seq"', 1, false);


--
-- Data for Name: AO_2D3BEA_STATUS; Type: TABLE DATA; Schema: public; Owner: jira
--



--
-- Name: AO_2D3BEA_STATUS_ID_seq; Type: SEQUENCE SET; Schema: public; Owner: jira
--

SELECT pg_catalog.setval('"AO_2D3BEA_STATUS_ID_seq"', 1, false);


--
-- Data for Name: AO_2D3BEA_TIMELINE; Type: TABLE DATA; Schema: public; Owner: jira
--



--
-- Name: AO_2D3BEA_TIMELINE_ID_seq; Type: SEQUENCE SET; Schema: public; Owner: jira
--

SELECT pg_catalog.setval('"AO_2D3BEA_TIMELINE_ID_seq"', 1, false);


--
-- Data for Name: AO_2D3BEA_WAGE; Type: TABLE DATA; Schema: public; Owner: jira
--



--
-- Name: AO_2D3BEA_WAGE_ID_seq; Type: SEQUENCE SET; Schema: public; Owner: jira
--

SELECT pg_catalog.setval('"AO_2D3BEA_WAGE_ID_seq"', 1, false);


--
-- Data for Name: AO_2D3BEA_WEEKDAY; Type: TABLE DATA; Schema: public; Owner: jira
--



--
-- Name: AO_2D3BEA_WEEKDAY_ID_seq; Type: SEQUENCE SET; Schema: public; Owner: jira
--

SELECT pg_catalog.setval('"AO_2D3BEA_WEEKDAY_ID_seq"', 1, false);


--
-- Data for Name: AO_2D3BEA_WORKED_HOURS; Type: TABLE DATA; Schema: public; Owner: jira
--



--
-- Name: AO_2D3BEA_WORKED_HOURS_ID_seq; Type: SEQUENCE SET; Schema: public; Owner: jira
--

SELECT pg_catalog.setval('"AO_2D3BEA_WORKED_HOURS_ID_seq"', 1, false);


--
-- Data for Name: AO_2D3BEA_WORKFLOW; Type: TABLE DATA; Schema: public; Owner: jira
--



--
-- Name: AO_2D3BEA_WORKFLOW_ID_seq; Type: SEQUENCE SET; Schema: public; Owner: jira
--

SELECT pg_catalog.setval('"AO_2D3BEA_WORKFLOW_ID_seq"', 1, false);


--
-- Data for Name: AO_319474_QUEUE; Type: TABLE DATA; Schema: public; Owner: jira
--



--
-- Data for Name: AO_319474_MESSAGE; Type: TABLE DATA; Schema: public; Owner: jira
--



--
-- Name: AO_319474_MESSAGE_ID_seq; Type: SEQUENCE SET; Schema: public; Owner: jira
--

SELECT pg_catalog.setval('"AO_319474_MESSAGE_ID_seq"', 1, false);


--
-- Data for Name: AO_319474_MESSAGE_PROPERTY; Type: TABLE DATA; Schema: public; Owner: jira
--



--
-- Name: AO_319474_MESSAGE_PROPERTY_ID_seq; Type: SEQUENCE SET; Schema: public; Owner: jira
--

SELECT pg_catalog.setval('"AO_319474_MESSAGE_PROPERTY_ID_seq"', 1, false);


--
-- Name: AO_319474_QUEUE_ID_seq; Type: SEQUENCE SET; Schema: public; Owner: jira
--

SELECT pg_catalog.setval('"AO_319474_QUEUE_ID_seq"', 1, false);


--
-- Data for Name: AO_319474_QUEUE_PROPERTY; Type: TABLE DATA; Schema: public; Owner: jira
--



--
-- Name: AO_319474_QUEUE_PROPERTY_ID_seq; Type: SEQUENCE SET; Schema: public; Owner: jira
--

SELECT pg_catalog.setval('"AO_319474_QUEUE_PROPERTY_ID_seq"', 1, false);


--
-- Data for Name: AO_3A3ECC_JIRACOMMENT_MAPPING; Type: TABLE DATA; Schema: public; Owner: jira
--



--
-- Name: AO_3A3ECC_JIRACOMMENT_MAPPING_ID_seq; Type: SEQUENCE SET; Schema: public; Owner: jira
--

SELECT pg_catalog.setval('"AO_3A3ECC_JIRACOMMENT_MAPPING_ID_seq"', 1, false);


--
-- Data for Name: AO_3A3ECC_JIRAMAPPING_SET; Type: TABLE DATA; Schema: public; Owner: jira
--



--
-- Data for Name: AO_3A3ECC_JIRAMAPPING_BEAN; Type: TABLE DATA; Schema: public; Owner: jira
--



--
-- Name: AO_3A3ECC_JIRAMAPPING_BEAN_ID_seq; Type: SEQUENCE SET; Schema: public; Owner: jira
--

SELECT pg_catalog.setval('"AO_3A3ECC_JIRAMAPPING_BEAN_ID_seq"', 1, false);


--
-- Data for Name: AO_3A3ECC_JIRAMAPPING_SCHEME; Type: TABLE DATA; Schema: public; Owner: jira
--



--
-- Name: AO_3A3ECC_JIRAMAPPING_SCHEME_ID_seq; Type: SEQUENCE SET; Schema: public; Owner: jira
--

SELECT pg_catalog.setval('"AO_3A3ECC_JIRAMAPPING_SCHEME_ID_seq"', 1, false);


--
-- Name: AO_3A3ECC_JIRAMAPPING_SET_ID_seq; Type: SEQUENCE SET; Schema: public; Owner: jira
--

SELECT pg_catalog.setval('"AO_3A3ECC_JIRAMAPPING_SET_ID_seq"', 1, false);


--
-- Data for Name: AO_3A3ECC_JIRAPROJECT_MAPPING; Type: TABLE DATA; Schema: public; Owner: jira
--



--
-- Name: AO_3A3ECC_JIRAPROJECT_MAPPING_ID_seq; Type: SEQUENCE SET; Schema: public; Owner: jira
--

SELECT pg_catalog.setval('"AO_3A3ECC_JIRAPROJECT_MAPPING_ID_seq"', 1, false);


--
-- Data for Name: AO_3A3ECC_REMOTE_IDCF; Type: TABLE DATA; Schema: public; Owner: jira
--



--
-- Name: AO_3A3ECC_REMOTE_IDCF_ID_seq; Type: SEQUENCE SET; Schema: public; Owner: jira
--

SELECT pg_catalog.setval('"AO_3A3ECC_REMOTE_IDCF_ID_seq"', 1, false);


--
-- Data for Name: AO_3A3ECC_REMOTE_LINK_CONFIG; Type: TABLE DATA; Schema: public; Owner: jira
--



--
-- Name: AO_3A3ECC_REMOTE_LINK_CONFIG_ID_seq; Type: SEQUENCE SET; Schema: public; Owner: jira
--

SELECT pg_catalog.setval('"AO_3A3ECC_REMOTE_LINK_CONFIG_ID_seq"', 1, false);


--
-- Data for Name: AO_3B1893_LOOP_DETECTION; Type: TABLE DATA; Schema: public; Owner: jira
--



--
-- Name: AO_3B1893_LOOP_DETECTION_ID_seq; Type: SEQUENCE SET; Schema: public; Owner: jira
--

SELECT pg_catalog.setval('"AO_3B1893_LOOP_DETECTION_ID_seq"', 1, false);


--
-- Data for Name: AO_4AEACD_WEBHOOK_DAO; Type: TABLE DATA; Schema: public; Owner: jira
--



--
-- Name: AO_4AEACD_WEBHOOK_DAO_ID_seq; Type: SEQUENCE SET; Schema: public; Owner: jira
--

SELECT pg_catalog.setval('"AO_4AEACD_WEBHOOK_DAO_ID_seq"', 1, false);


--
-- Data for Name: AO_4E8AE6_NOTIF_BATCH_QUEUE; Type: TABLE DATA; Schema: public; Owner: jira
--



--
-- Name: AO_4E8AE6_NOTIF_BATCH_QUEUE_ID_seq; Type: SEQUENCE SET; Schema: public; Owner: jira
--

SELECT pg_catalog.setval('"AO_4E8AE6_NOTIF_BATCH_QUEUE_ID_seq"', 1, false);


--
-- Data for Name: AO_4E8AE6_OUT_EMAIL_SETTINGS; Type: TABLE DATA; Schema: public; Owner: jira
--



--
-- Name: AO_4E8AE6_OUT_EMAIL_SETTINGS_ID_seq; Type: SEQUENCE SET; Schema: public; Owner: jira
--

SELECT pg_catalog.setval('"AO_4E8AE6_OUT_EMAIL_SETTINGS_ID_seq"', 1, false);


--
-- Data for Name: AO_54307E_ASYNCUPGRADERECORD; Type: TABLE DATA; Schema: public; Owner: jira
--



--
-- Name: AO_54307E_ASYNCUPGRADERECORD_ID_seq; Type: SEQUENCE SET; Schema: public; Owner: jira
--

SELECT pg_catalog.setval('"AO_54307E_ASYNCUPGRADERECORD_ID_seq"', 1, false);


--
-- Data for Name: AO_54307E_SERVICEDESK; Type: TABLE DATA; Schema: public; Owner: jira
--



--
-- Data for Name: AO_54307E_CAPABILITY; Type: TABLE DATA; Schema: public; Owner: jira
--



--
-- Name: AO_54307E_CAPABILITY_ID_seq; Type: SEQUENCE SET; Schema: public; Owner: jira
--

SELECT pg_catalog.setval('"AO_54307E_CAPABILITY_ID_seq"', 1, false);


--
-- Data for Name: AO_54307E_CONFLUENCEKB; Type: TABLE DATA; Schema: public; Owner: jira
--



--
-- Data for Name: AO_54307E_CUSTOMTHEME; Type: TABLE DATA; Schema: public; Owner: jira
--



--
-- Data for Name: AO_54307E_VIEWPORT; Type: TABLE DATA; Schema: public; Owner: jira
--



--
-- Data for Name: AO_54307E_VIEWPORTFORM; Type: TABLE DATA; Schema: public; Owner: jira
--



--
-- Data for Name: AO_54307E_CONFLUENCEKBENABLED; Type: TABLE DATA; Schema: public; Owner: jira
--



--
-- Name: AO_54307E_CONFLUENCEKBENABLED_ID_seq; Type: SEQUENCE SET; Schema: public; Owner: jira
--

SELECT pg_catalog.setval('"AO_54307E_CONFLUENCEKBENABLED_ID_seq"', 1, false);


--
-- Data for Name: AO_54307E_CONFLUENCEKBLABELS; Type: TABLE DATA; Schema: public; Owner: jira
--



--
-- Name: AO_54307E_CONFLUENCEKBLABELS_ID_seq; Type: SEQUENCE SET; Schema: public; Owner: jira
--

SELECT pg_catalog.setval('"AO_54307E_CONFLUENCEKBLABELS_ID_seq"', 1, false);


--
-- Name: AO_54307E_CONFLUENCEKB_ID_seq; Type: SEQUENCE SET; Schema: public; Owner: jira
--

SELECT pg_catalog.setval('"AO_54307E_CONFLUENCEKB_ID_seq"', 1, false);


--
-- Data for Name: AO_54307E_CUSTOMGLOBALTHEME; Type: TABLE DATA; Schema: public; Owner: jira
--



--
-- Name: AO_54307E_CUSTOMGLOBALTHEME_ID_seq; Type: SEQUENCE SET; Schema: public; Owner: jira
--

SELECT pg_catalog.setval('"AO_54307E_CUSTOMGLOBALTHEME_ID_seq"', 1, false);


--
-- Name: AO_54307E_CUSTOMTHEME_ID_seq; Type: SEQUENCE SET; Schema: public; Owner: jira
--

SELECT pg_catalog.setval('"AO_54307E_CUSTOMTHEME_ID_seq"', 1, false);


--
-- Data for Name: AO_54307E_EMAILCHANNELSETTING; Type: TABLE DATA; Schema: public; Owner: jira
--



--
-- Name: AO_54307E_EMAILCHANNELSETTING_ID_seq; Type: SEQUENCE SET; Schema: public; Owner: jira
--

SELECT pg_catalog.setval('"AO_54307E_EMAILCHANNELSETTING_ID_seq"', 1, false);


--
-- Data for Name: AO_54307E_EMAILSETTINGS; Type: TABLE DATA; Schema: public; Owner: jira
--



--
-- Name: AO_54307E_EMAILSETTINGS_ID_seq; Type: SEQUENCE SET; Schema: public; Owner: jira
--

SELECT pg_catalog.setval('"AO_54307E_EMAILSETTINGS_ID_seq"', 1, false);


--
-- Data for Name: AO_54307E_TIMEMETRIC; Type: TABLE DATA; Schema: public; Owner: jira
--



--
-- Data for Name: AO_54307E_GOAL; Type: TABLE DATA; Schema: public; Owner: jira
--



--
-- Name: AO_54307E_GOAL_ID_seq; Type: SEQUENCE SET; Schema: public; Owner: jira
--

SELECT pg_catalog.setval('"AO_54307E_GOAL_ID_seq"', 1, false);


--
-- Data for Name: AO_54307E_GROUP; Type: TABLE DATA; Schema: public; Owner: jira
--



--
-- Data for Name: AO_54307E_GROUPTOREQUESTTYPE; Type: TABLE DATA; Schema: public; Owner: jira
--



--
-- Name: AO_54307E_GROUPTOREQUESTTYPE_ID_seq; Type: SEQUENCE SET; Schema: public; Owner: jira
--

SELECT pg_catalog.setval('"AO_54307E_GROUPTOREQUESTTYPE_ID_seq"', 1, false);


--
-- Name: AO_54307E_GROUP_ID_seq; Type: SEQUENCE SET; Schema: public; Owner: jira
--

SELECT pg_catalog.setval('"AO_54307E_GROUP_ID_seq"', 1, false);


--
-- Data for Name: AO_54307E_IMAGES; Type: TABLE DATA; Schema: public; Owner: jira
--



--
-- Name: AO_54307E_IMAGES_ID_seq; Type: SEQUENCE SET; Schema: public; Owner: jira
--

SELECT pg_catalog.setval('"AO_54307E_IMAGES_ID_seq"', 1, false);


--
-- Data for Name: AO_54307E_METRICCONDITION; Type: TABLE DATA; Schema: public; Owner: jira
--



--
-- Name: AO_54307E_METRICCONDITION_ID_seq; Type: SEQUENCE SET; Schema: public; Owner: jira
--

SELECT pg_catalog.setval('"AO_54307E_METRICCONDITION_ID_seq"', 1, false);


--
-- Data for Name: AO_54307E_ORGANIZATION; Type: TABLE DATA; Schema: public; Owner: jira
--



--
-- Name: AO_54307E_ORGANIZATION_ID_seq; Type: SEQUENCE SET; Schema: public; Owner: jira
--

SELECT pg_catalog.setval('"AO_54307E_ORGANIZATION_ID_seq"', 1, false);


--
-- Data for Name: AO_54307E_ORGANIZATION_MEMBER; Type: TABLE DATA; Schema: public; Owner: jira
--



--
-- Name: AO_54307E_ORGANIZATION_MEMBER_ID_seq; Type: SEQUENCE SET; Schema: public; Owner: jira
--

SELECT pg_catalog.setval('"AO_54307E_ORGANIZATION_MEMBER_ID_seq"', 1, false);


--
-- Data for Name: AO_54307E_ORGANIZATION_PROJECT; Type: TABLE DATA; Schema: public; Owner: jira
--



--
-- Name: AO_54307E_ORGANIZATION_PROJECT_ID_seq; Type: SEQUENCE SET; Schema: public; Owner: jira
--

SELECT pg_catalog.setval('"AO_54307E_ORGANIZATION_PROJECT_ID_seq"', 1, false);


--
-- Data for Name: AO_54307E_OUT_EMAIL_SETTINGS; Type: TABLE DATA; Schema: public; Owner: jira
--



--
-- Name: AO_54307E_OUT_EMAIL_SETTINGS_ID_seq; Type: SEQUENCE SET; Schema: public; Owner: jira
--

SELECT pg_catalog.setval('"AO_54307E_OUT_EMAIL_SETTINGS_ID_seq"', 1, false);


--
-- Data for Name: AO_54307E_PARTICIPANTSETTINGS; Type: TABLE DATA; Schema: public; Owner: jira
--



--
-- Name: AO_54307E_PARTICIPANTSETTINGS_ID_seq; Type: SEQUENCE SET; Schema: public; Owner: jira
--

SELECT pg_catalog.setval('"AO_54307E_PARTICIPANTSETTINGS_ID_seq"', 1, false);


--
-- Data for Name: AO_54307E_QUEUE; Type: TABLE DATA; Schema: public; Owner: jira
--



--
-- Data for Name: AO_54307E_QUEUECOLUMN; Type: TABLE DATA; Schema: public; Owner: jira
--



--
-- Name: AO_54307E_QUEUECOLUMN_ID_seq; Type: SEQUENCE SET; Schema: public; Owner: jira
--

SELECT pg_catalog.setval('"AO_54307E_QUEUECOLUMN_ID_seq"', 1, false);


--
-- Name: AO_54307E_QUEUE_ID_seq; Type: SEQUENCE SET; Schema: public; Owner: jira
--

SELECT pg_catalog.setval('"AO_54307E_QUEUE_ID_seq"', 1, false);


--
-- Data for Name: AO_54307E_REPORT; Type: TABLE DATA; Schema: public; Owner: jira
--



--
-- Name: AO_54307E_REPORT_ID_seq; Type: SEQUENCE SET; Schema: public; Owner: jira
--

SELECT pg_catalog.setval('"AO_54307E_REPORT_ID_seq"', 1, false);


--
-- Data for Name: AO_54307E_SERIES; Type: TABLE DATA; Schema: public; Owner: jira
--



--
-- Name: AO_54307E_SERIES_ID_seq; Type: SEQUENCE SET; Schema: public; Owner: jira
--

SELECT pg_catalog.setval('"AO_54307E_SERIES_ID_seq"', 1, false);


--
-- Name: AO_54307E_SERVICEDESK_ID_seq; Type: SEQUENCE SET; Schema: public; Owner: jira
--

SELECT pg_catalog.setval('"AO_54307E_SERVICEDESK_ID_seq"', 1, false);


--
-- Data for Name: AO_54307E_STATUSMAPPING; Type: TABLE DATA; Schema: public; Owner: jira
--



--
-- Name: AO_54307E_STATUSMAPPING_ID_seq; Type: SEQUENCE SET; Schema: public; Owner: jira
--

SELECT pg_catalog.setval('"AO_54307E_STATUSMAPPING_ID_seq"', 1, false);


--
-- Data for Name: AO_54307E_SUBSCRIPTION; Type: TABLE DATA; Schema: public; Owner: jira
--



--
-- Name: AO_54307E_SUBSCRIPTION_ID_seq; Type: SEQUENCE SET; Schema: public; Owner: jira
--

SELECT pg_catalog.setval('"AO_54307E_SUBSCRIPTION_ID_seq"', 1, false);


--
-- Data for Name: AO_54307E_SYNCUPGRADERECORD; Type: TABLE DATA; Schema: public; Owner: jira
--



--
-- Name: AO_54307E_SYNCUPGRADERECORD_ID_seq; Type: SEQUENCE SET; Schema: public; Owner: jira
--

SELECT pg_catalog.setval('"AO_54307E_SYNCUPGRADERECORD_ID_seq"', 1, false);


--
-- Data for Name: AO_54307E_THRESHOLD; Type: TABLE DATA; Schema: public; Owner: jira
--



--
-- Name: AO_54307E_THRESHOLD_ID_seq; Type: SEQUENCE SET; Schema: public; Owner: jira
--

SELECT pg_catalog.setval('"AO_54307E_THRESHOLD_ID_seq"', 1, false);


--
-- Name: AO_54307E_TIMEMETRIC_ID_seq; Type: SEQUENCE SET; Schema: public; Owner: jira
--

SELECT pg_catalog.setval('"AO_54307E_TIMEMETRIC_ID_seq"', 1, false);


--
-- Data for Name: AO_54307E_VIEWPORTFIELD; Type: TABLE DATA; Schema: public; Owner: jira
--



--
-- Data for Name: AO_54307E_VIEWPORTFIELDVALUE; Type: TABLE DATA; Schema: public; Owner: jira
--



--
-- Name: AO_54307E_VIEWPORTFIELDVALUE_ID_seq; Type: SEQUENCE SET; Schema: public; Owner: jira
--

SELECT pg_catalog.setval('"AO_54307E_VIEWPORTFIELDVALUE_ID_seq"', 1, false);


--
-- Name: AO_54307E_VIEWPORTFIELD_ID_seq; Type: SEQUENCE SET; Schema: public; Owner: jira
--

SELECT pg_catalog.setval('"AO_54307E_VIEWPORTFIELD_ID_seq"', 1, false);


--
-- Name: AO_54307E_VIEWPORTFORM_ID_seq; Type: SEQUENCE SET; Schema: public; Owner: jira
--

SELECT pg_catalog.setval('"AO_54307E_VIEWPORTFORM_ID_seq"', 1, false);


--
-- Name: AO_54307E_VIEWPORT_ID_seq; Type: SEQUENCE SET; Schema: public; Owner: jira
--

SELECT pg_catalog.setval('"AO_54307E_VIEWPORT_ID_seq"', 1, false);


--
-- Data for Name: AO_550953_SHORTCUT; Type: TABLE DATA; Schema: public; Owner: jira
--



--
-- Name: AO_550953_SHORTCUT_ID_seq; Type: SEQUENCE SET; Schema: public; Owner: jira
--

SELECT pg_catalog.setval('"AO_550953_SHORTCUT_ID_seq"', 2, true);


--
-- Name: AO_563AEE_ACTIVITY_ENTITY_ACTIVITY_ID_seq; Type: SEQUENCE SET; Schema: public; Owner: jira
--

SELECT pg_catalog.setval('"AO_563AEE_ACTIVITY_ENTITY_ACTIVITY_ID_seq"', 1, true);


--
-- Name: AO_563AEE_ACTOR_ENTITY_ID_seq; Type: SEQUENCE SET; Schema: public; Owner: jira
--

SELECT pg_catalog.setval('"AO_563AEE_ACTOR_ENTITY_ID_seq"', 1, false);


--
-- Name: AO_563AEE_MEDIA_LINK_ENTITY_ID_seq; Type: SEQUENCE SET; Schema: public; Owner: jira
--

SELECT pg_catalog.setval('"AO_563AEE_MEDIA_LINK_ENTITY_ID_seq"', 1, true);


--
-- Name: AO_563AEE_OBJECT_ENTITY_ID_seq; Type: SEQUENCE SET; Schema: public; Owner: jira
--

SELECT pg_catalog.setval('"AO_563AEE_OBJECT_ENTITY_ID_seq"', 1, false);


--
-- Name: AO_563AEE_TARGET_ENTITY_ID_seq; Type: SEQUENCE SET; Schema: public; Owner: jira
--

SELECT pg_catalog.setval('"AO_563AEE_TARGET_ENTITY_ID_seq"', 1, true);


--
-- Data for Name: AO_56464C_APPROVAL; Type: TABLE DATA; Schema: public; Owner: jira
--



--
-- Name: AO_56464C_APPROVAL_ID_seq; Type: SEQUENCE SET; Schema: public; Owner: jira
--

SELECT pg_catalog.setval('"AO_56464C_APPROVAL_ID_seq"', 1, false);


--
-- Data for Name: AO_56464C_APPROVER; Type: TABLE DATA; Schema: public; Owner: jira
--



--
-- Data for Name: AO_56464C_APPROVERDECISION; Type: TABLE DATA; Schema: public; Owner: jira
--



--
-- Name: AO_56464C_APPROVERDECISION_ID_seq; Type: SEQUENCE SET; Schema: public; Owner: jira
--

SELECT pg_catalog.setval('"AO_56464C_APPROVERDECISION_ID_seq"', 1, false);


--
-- Name: AO_56464C_APPROVER_ID_seq; Type: SEQUENCE SET; Schema: public; Owner: jira
--

SELECT pg_catalog.setval('"AO_56464C_APPROVER_ID_seq"', 1, false);


--
-- Data for Name: AO_56464C_NOTIFICATIONRECORD; Type: TABLE DATA; Schema: public; Owner: jira
--



--
-- Name: AO_56464C_NOTIFICATIONRECORD_ID_seq; Type: SEQUENCE SET; Schema: public; Owner: jira
--

SELECT pg_catalog.setval('"AO_56464C_NOTIFICATIONRECORD_ID_seq"', 1, false);


--
-- Data for Name: AO_575BF5_ISSUE_SUMMARY; Type: TABLE DATA; Schema: public; Owner: jira
--



--
-- Name: AO_575BF5_ISSUE_SUMMARY_ID_seq; Type: SEQUENCE SET; Schema: public; Owner: jira
--

SELECT pg_catalog.setval('"AO_575BF5_ISSUE_SUMMARY_ID_seq"', 1, false);


--
-- Data for Name: AO_575BF5_PROCESSED_COMMITS; Type: TABLE DATA; Schema: public; Owner: jira
--



--
-- Name: AO_575BF5_PROCESSED_COMMITS_ID_seq; Type: SEQUENCE SET; Schema: public; Owner: jira
--

SELECT pg_catalog.setval('"AO_575BF5_PROCESSED_COMMITS_ID_seq"', 1, false);


--
-- Data for Name: AO_575BF5_PROVIDER_ISSUE; Type: TABLE DATA; Schema: public; Owner: jira
--



--
-- Name: AO_575BF5_PROVIDER_ISSUE_ID_seq; Type: SEQUENCE SET; Schema: public; Owner: jira
--

SELECT pg_catalog.setval('"AO_575BF5_PROVIDER_ISSUE_ID_seq"', 1, false);


--
-- Data for Name: AO_587B34_GLANCE_CONFIG; Type: TABLE DATA; Schema: public; Owner: jira
--



--
-- Data for Name: AO_587B34_PROJECT_CONFIG; Type: TABLE DATA; Schema: public; Owner: jira
--



--
-- Name: AO_587B34_PROJECT_CONFIG_ID_seq; Type: SEQUENCE SET; Schema: public; Owner: jira
--

SELECT pg_catalog.setval('"AO_587B34_PROJECT_CONFIG_ID_seq"', 1, false);


--
-- Data for Name: AO_5FB9D7_AOHIP_CHAT_LINK; Type: TABLE DATA; Schema: public; Owner: jira
--



--
-- Name: AO_5FB9D7_AOHIP_CHAT_LINK_ID_seq; Type: SEQUENCE SET; Schema: public; Owner: jira
--

SELECT pg_catalog.setval('"AO_5FB9D7_AOHIP_CHAT_LINK_ID_seq"', 1, false);


--
-- Data for Name: AO_5FB9D7_AOHIP_CHAT_USER; Type: TABLE DATA; Schema: public; Owner: jira
--



--
-- Name: AO_5FB9D7_AOHIP_CHAT_USER_ID_seq; Type: SEQUENCE SET; Schema: public; Owner: jira
--

SELECT pg_catalog.setval('"AO_5FB9D7_AOHIP_CHAT_USER_ID_seq"', 1, false);


--
-- Data for Name: AO_60DB71_AUDITENTRY; Type: TABLE DATA; Schema: public; Owner: jira
--



--
-- Name: AO_60DB71_AUDITENTRY_ID_seq; Type: SEQUENCE SET; Schema: public; Owner: jira
--

SELECT pg_catalog.setval('"AO_60DB71_AUDITENTRY_ID_seq"', 1, false);


--
-- Data for Name: AO_60DB71_RAPIDVIEW; Type: TABLE DATA; Schema: public; Owner: jira
--



--
-- Data for Name: AO_60DB71_BOARDADMINS; Type: TABLE DATA; Schema: public; Owner: jira
--



--
-- Name: AO_60DB71_BOARDADMINS_ID_seq; Type: SEQUENCE SET; Schema: public; Owner: jira
--

SELECT pg_catalog.setval('"AO_60DB71_BOARDADMINS_ID_seq"', 1, false);


--
-- Data for Name: AO_60DB71_CARDCOLOR; Type: TABLE DATA; Schema: public; Owner: jira
--



--
-- Name: AO_60DB71_CARDCOLOR_ID_seq; Type: SEQUENCE SET; Schema: public; Owner: jira
--

SELECT pg_catalog.setval('"AO_60DB71_CARDCOLOR_ID_seq"', 1, false);


--
-- Data for Name: AO_60DB71_CARDLAYOUT; Type: TABLE DATA; Schema: public; Owner: jira
--



--
-- Name: AO_60DB71_CARDLAYOUT_ID_seq; Type: SEQUENCE SET; Schema: public; Owner: jira
--

SELECT pg_catalog.setval('"AO_60DB71_CARDLAYOUT_ID_seq"', 1, false);


--
-- Data for Name: AO_60DB71_COLUMN; Type: TABLE DATA; Schema: public; Owner: jira
--



--
-- Data for Name: AO_60DB71_COLUMNSTATUS; Type: TABLE DATA; Schema: public; Owner: jira
--



--
-- Name: AO_60DB71_COLUMNSTATUS_ID_seq; Type: SEQUENCE SET; Schema: public; Owner: jira
--

SELECT pg_catalog.setval('"AO_60DB71_COLUMNSTATUS_ID_seq"', 1, false);


--
-- Name: AO_60DB71_COLUMN_ID_seq; Type: SEQUENCE SET; Schema: public; Owner: jira
--

SELECT pg_catalog.setval('"AO_60DB71_COLUMN_ID_seq"', 1, false);


--
-- Data for Name: AO_60DB71_CREATIONCONVERSATION; Type: TABLE DATA; Schema: public; Owner: jira
--



--
-- Name: AO_60DB71_CREATIONCONVERSATION_ID_seq; Type: SEQUENCE SET; Schema: public; Owner: jira
--

SELECT pg_catalog.setval('"AO_60DB71_CREATIONCONVERSATION_ID_seq"', 1, false);


--
-- Data for Name: AO_60DB71_DETAILVIEWFIELD; Type: TABLE DATA; Schema: public; Owner: jira
--



--
-- Name: AO_60DB71_DETAILVIEWFIELD_ID_seq; Type: SEQUENCE SET; Schema: public; Owner: jira
--

SELECT pg_catalog.setval('"AO_60DB71_DETAILVIEWFIELD_ID_seq"', 1, false);


--
-- Data for Name: AO_60DB71_ESTIMATESTATISTIC; Type: TABLE DATA; Schema: public; Owner: jira
--



--
-- Name: AO_60DB71_ESTIMATESTATISTIC_ID_seq; Type: SEQUENCE SET; Schema: public; Owner: jira
--

SELECT pg_catalog.setval('"AO_60DB71_ESTIMATESTATISTIC_ID_seq"', 1, false);


--
-- Data for Name: AO_60DB71_ISSUERANKING; Type: TABLE DATA; Schema: public; Owner: jira
--



--
-- Data for Name: AO_60DB71_ISSUERANKINGLOG; Type: TABLE DATA; Schema: public; Owner: jira
--



--
-- Name: AO_60DB71_ISSUERANKINGLOG_ID_seq; Type: SEQUENCE SET; Schema: public; Owner: jira
--

SELECT pg_catalog.setval('"AO_60DB71_ISSUERANKINGLOG_ID_seq"', 1, false);


--
-- Name: AO_60DB71_ISSUERANKING_ID_seq; Type: SEQUENCE SET; Schema: public; Owner: jira
--

SELECT pg_catalog.setval('"AO_60DB71_ISSUERANKING_ID_seq"', 1, false);


--
-- Data for Name: AO_60DB71_LEXORANK; Type: TABLE DATA; Schema: public; Owner: jira
--

INSERT INTO "AO_60DB71_LEXORANK" ("FIELD_ID", "ID", "ISSUE_ID", "LOCK_HASH", "LOCK_TIME", "RANK", "TYPE") VALUES (10106, 9, -9223372036854775808, NULL, NULL, '0|000000:', 0);
INSERT INTO "AO_60DB71_LEXORANK" ("FIELD_ID", "ID", "ISSUE_ID", "LOCK_HASH", "LOCK_TIME", "RANK", "TYPE") VALUES (10106, 10, 9223372036854775807, NULL, NULL, '0|zzzzzz:', 2);


--
-- Data for Name: AO_60DB71_LEXORANKBALANCER; Type: TABLE DATA; Schema: public; Owner: jira
--



--
-- Name: AO_60DB71_LEXORANKBALANCER_ID_seq; Type: SEQUENCE SET; Schema: public; Owner: jira
--

SELECT pg_catalog.setval('"AO_60DB71_LEXORANKBALANCER_ID_seq"', 1, false);


--
-- Name: AO_60DB71_LEXORANK_ID_seq; Type: SEQUENCE SET; Schema: public; Owner: jira
--

SELECT pg_catalog.setval('"AO_60DB71_LEXORANK_ID_seq"', 10, true);


--
-- Data for Name: AO_60DB71_WORKINGDAYS; Type: TABLE DATA; Schema: public; Owner: jira
--



--
-- Data for Name: AO_60DB71_NONWORKINGDAY; Type: TABLE DATA; Schema: public; Owner: jira
--



--
-- Name: AO_60DB71_NONWORKINGDAY_ID_seq; Type: SEQUENCE SET; Schema: public; Owner: jira
--

SELECT pg_catalog.setval('"AO_60DB71_NONWORKINGDAY_ID_seq"', 1, false);


--
-- Data for Name: AO_60DB71_QUICKFILTER; Type: TABLE DATA; Schema: public; Owner: jira
--



--
-- Name: AO_60DB71_QUICKFILTER_ID_seq; Type: SEQUENCE SET; Schema: public; Owner: jira
--

SELECT pg_catalog.setval('"AO_60DB71_QUICKFILTER_ID_seq"', 1, false);


--
-- Data for Name: AO_60DB71_RANKABLEOBJECT; Type: TABLE DATA; Schema: public; Owner: jira
--



--
-- Name: AO_60DB71_RANKABLEOBJECT_ID_seq; Type: SEQUENCE SET; Schema: public; Owner: jira
--

SELECT pg_catalog.setval('"AO_60DB71_RANKABLEOBJECT_ID_seq"', 1, false);


--
-- Name: AO_60DB71_RAPIDVIEW_ID_seq; Type: SEQUENCE SET; Schema: public; Owner: jira
--

SELECT pg_catalog.setval('"AO_60DB71_RAPIDVIEW_ID_seq"', 1, false);


--
-- Data for Name: AO_60DB71_SPRINT; Type: TABLE DATA; Schema: public; Owner: jira
--



--
-- Name: AO_60DB71_SPRINT_ID_seq; Type: SEQUENCE SET; Schema: public; Owner: jira
--

SELECT pg_catalog.setval('"AO_60DB71_SPRINT_ID_seq"', 1, false);


--
-- Data for Name: AO_60DB71_STATSFIELD; Type: TABLE DATA; Schema: public; Owner: jira
--



--
-- Name: AO_60DB71_STATSFIELD_ID_seq; Type: SEQUENCE SET; Schema: public; Owner: jira
--

SELECT pg_catalog.setval('"AO_60DB71_STATSFIELD_ID_seq"', 1, false);


--
-- Data for Name: AO_60DB71_SUBQUERY; Type: TABLE DATA; Schema: public; Owner: jira
--



--
-- Name: AO_60DB71_SUBQUERY_ID_seq; Type: SEQUENCE SET; Schema: public; Owner: jira
--

SELECT pg_catalog.setval('"AO_60DB71_SUBQUERY_ID_seq"', 1, false);


--
-- Data for Name: AO_60DB71_SWIMLANE; Type: TABLE DATA; Schema: public; Owner: jira
--



--
-- Name: AO_60DB71_SWIMLANE_ID_seq; Type: SEQUENCE SET; Schema: public; Owner: jira
--

SELECT pg_catalog.setval('"AO_60DB71_SWIMLANE_ID_seq"', 1, false);


--
-- Data for Name: AO_60DB71_TRACKINGSTATISTIC; Type: TABLE DATA; Schema: public; Owner: jira
--



--
-- Name: AO_60DB71_TRACKINGSTATISTIC_ID_seq; Type: SEQUENCE SET; Schema: public; Owner: jira
--

SELECT pg_catalog.setval('"AO_60DB71_TRACKINGSTATISTIC_ID_seq"', 1, false);


--
-- Data for Name: AO_60DB71_VERSION; Type: TABLE DATA; Schema: public; Owner: jira
--



--
-- Name: AO_60DB71_VERSION_ID_seq; Type: SEQUENCE SET; Schema: public; Owner: jira
--

SELECT pg_catalog.setval('"AO_60DB71_VERSION_ID_seq"', 1, false);


--
-- Name: AO_60DB71_WORKINGDAYS_ID_seq; Type: SEQUENCE SET; Schema: public; Owner: jira
--

SELECT pg_catalog.setval('"AO_60DB71_WORKINGDAYS_ID_seq"', 1, false);


--
-- Data for Name: AO_68DACE_CONNECT_APPLICATION; Type: TABLE DATA; Schema: public; Owner: jira
--



--
-- Name: AO_68DACE_CONNECT_APPLICATION_ID_seq; Type: SEQUENCE SET; Schema: public; Owner: jira
--

SELECT pg_catalog.setval('"AO_68DACE_CONNECT_APPLICATION_ID_seq"', 1, true);


--
-- Data for Name: AO_68DACE_INSTALLATION; Type: TABLE DATA; Schema: public; Owner: jira
--



--
-- Name: AO_68DACE_INSTALLATION_ID_seq; Type: SEQUENCE SET; Schema: public; Owner: jira
--

SELECT pg_catalog.setval('"AO_68DACE_INSTALLATION_ID_seq"', 1, false);


--
-- Data for Name: AO_7A2604_CALENDAR; Type: TABLE DATA; Schema: public; Owner: jira
--



--
-- Name: AO_7A2604_CALENDAR_ID_seq; Type: SEQUENCE SET; Schema: public; Owner: jira
--

SELECT pg_catalog.setval('"AO_7A2604_CALENDAR_ID_seq"', 1, false);


--
-- Data for Name: AO_7A2604_HOLIDAY; Type: TABLE DATA; Schema: public; Owner: jira
--



--
-- Name: AO_7A2604_HOLIDAY_ID_seq; Type: SEQUENCE SET; Schema: public; Owner: jira
--

SELECT pg_catalog.setval('"AO_7A2604_HOLIDAY_ID_seq"', 1, false);


--
-- Data for Name: AO_7A2604_WORKINGTIME; Type: TABLE DATA; Schema: public; Owner: jira
--



--
-- Name: AO_7A2604_WORKINGTIME_ID_seq; Type: SEQUENCE SET; Schema: public; Owner: jira
--

SELECT pg_catalog.setval('"AO_7A2604_WORKINGTIME_ID_seq"', 1, false);


--
-- Data for Name: AO_82B313_PERSON; Type: TABLE DATA; Schema: public; Owner: jira
--



--
-- Data for Name: AO_82B313_SKILL; Type: TABLE DATA; Schema: public; Owner: jira
--



--
-- Data for Name: AO_82B313_ABILITY; Type: TABLE DATA; Schema: public; Owner: jira
--



--
-- Name: AO_82B313_ABILITY_ID_seq; Type: SEQUENCE SET; Schema: public; Owner: jira
--

SELECT pg_catalog.setval('"AO_82B313_ABILITY_ID_seq"', 1, false);


--
-- Data for Name: AO_82B313_ABSENCE; Type: TABLE DATA; Schema: public; Owner: jira
--



--
-- Name: AO_82B313_ABSENCE_ID_seq; Type: SEQUENCE SET; Schema: public; Owner: jira
--

SELECT pg_catalog.setval('"AO_82B313_ABSENCE_ID_seq"', 1, false);


--
-- Data for Name: AO_82B313_TEAM; Type: TABLE DATA; Schema: public; Owner: jira
--



--
-- Data for Name: AO_82B313_RESOURCE; Type: TABLE DATA; Schema: public; Owner: jira
--



--
-- Data for Name: AO_82B313_AVAILABILITY; Type: TABLE DATA; Schema: public; Owner: jira
--



--
-- Name: AO_82B313_AVAILABILITY_ID_seq; Type: SEQUENCE SET; Schema: public; Owner: jira
--

SELECT pg_catalog.setval('"AO_82B313_AVAILABILITY_ID_seq"', 1, false);


--
-- Data for Name: AO_82B313_INIT; Type: TABLE DATA; Schema: public; Owner: jira
--



--
-- Name: AO_82B313_INIT_ID_seq; Type: SEQUENCE SET; Schema: public; Owner: jira
--

SELECT pg_catalog.setval('"AO_82B313_INIT_ID_seq"', 1, false);


--
-- Name: AO_82B313_PERSON_ID_seq; Type: SEQUENCE SET; Schema: public; Owner: jira
--

SELECT pg_catalog.setval('"AO_82B313_PERSON_ID_seq"', 1, false);


--
-- Name: AO_82B313_RESOURCE_ID_seq; Type: SEQUENCE SET; Schema: public; Owner: jira
--

SELECT pg_catalog.setval('"AO_82B313_RESOURCE_ID_seq"', 1, false);


--
-- Name: AO_82B313_SKILL_ID_seq; Type: SEQUENCE SET; Schema: public; Owner: jira
--

SELECT pg_catalog.setval('"AO_82B313_SKILL_ID_seq"', 1, false);


--
-- Name: AO_82B313_TEAM_ID_seq; Type: SEQUENCE SET; Schema: public; Owner: jira
--

SELECT pg_catalog.setval('"AO_82B313_TEAM_ID_seq"', 1, false);


--
-- Data for Name: AO_86ED1B_GRACE_PERIOD; Type: TABLE DATA; Schema: public; Owner: jira
--



--
-- Name: AO_86ED1B_GRACE_PERIOD_ID_seq; Type: SEQUENCE SET; Schema: public; Owner: jira
--

SELECT pg_catalog.setval('"AO_86ED1B_GRACE_PERIOD_ID_seq"', 1, false);


--
-- Data for Name: AO_86ED1B_PROJECT_CONFIG; Type: TABLE DATA; Schema: public; Owner: jira
--



--
-- Name: AO_86ED1B_PROJECT_CONFIG_ID_seq; Type: SEQUENCE SET; Schema: public; Owner: jira
--

SELECT pg_catalog.setval('"AO_86ED1B_PROJECT_CONFIG_ID_seq"', 1, false);


--
-- Data for Name: AO_86ED1B_STREAMS_ENTRY; Type: TABLE DATA; Schema: public; Owner: jira
--



--
-- Name: AO_86ED1B_STREAMS_ENTRY_ID_seq; Type: SEQUENCE SET; Schema: public; Owner: jira
--

SELECT pg_catalog.setval('"AO_86ED1B_STREAMS_ENTRY_ID_seq"', 1, false);


--
-- Data for Name: AO_86ED1B_TIMEPLAN; Type: TABLE DATA; Schema: public; Owner: jira
--



--
-- Name: AO_86ED1B_TIMEPLAN_ID_seq; Type: SEQUENCE SET; Schema: public; Owner: jira
--

SELECT pg_catalog.setval('"AO_86ED1B_TIMEPLAN_ID_seq"', 1, false);


--
-- Data for Name: AO_86ED1B_TIMESHEET_APPROVAL; Type: TABLE DATA; Schema: public; Owner: jira
--



--
-- Name: AO_86ED1B_TIMESHEET_APPROVAL_ID_seq; Type: SEQUENCE SET; Schema: public; Owner: jira
--

SELECT pg_catalog.setval('"AO_86ED1B_TIMESHEET_APPROVAL_ID_seq"', 1, false);


--
-- Data for Name: AO_86ED1B_TIMESHEET_STATUS; Type: TABLE DATA; Schema: public; Owner: jira
--



--
-- Name: AO_86ED1B_TIMESHEET_STATUS_ID_seq; Type: SEQUENCE SET; Schema: public; Owner: jira
--

SELECT pg_catalog.setval('"AO_86ED1B_TIMESHEET_STATUS_ID_seq"', 1, false);


--
-- Data for Name: AO_88DE6A_AGREEMENT; Type: TABLE DATA; Schema: public; Owner: jira
--



--
-- Name: AO_88DE6A_AGREEMENT_ID_seq; Type: SEQUENCE SET; Schema: public; Owner: jira
--

SELECT pg_catalog.setval('"AO_88DE6A_AGREEMENT_ID_seq"', 1, false);


--
-- Data for Name: AO_88DE6A_CONNECTION; Type: TABLE DATA; Schema: public; Owner: jira
--



--
-- Name: AO_88DE6A_CONNECTION_ID_seq; Type: SEQUENCE SET; Schema: public; Owner: jira
--

SELECT pg_catalog.setval('"AO_88DE6A_CONNECTION_ID_seq"', 1, false);


--
-- Data for Name: AO_88DE6A_LICENSE; Type: TABLE DATA; Schema: public; Owner: jira
--



--
-- Name: AO_88DE6A_LICENSE_ID_seq; Type: SEQUENCE SET; Schema: public; Owner: jira
--

SELECT pg_catalog.setval('"AO_88DE6A_LICENSE_ID_seq"', 1, false);


--
-- Data for Name: AO_88DE6A_MAPPING_BEAN; Type: TABLE DATA; Schema: public; Owner: jira
--



--
-- Name: AO_88DE6A_MAPPING_BEAN_ID_seq; Type: SEQUENCE SET; Schema: public; Owner: jira
--

SELECT pg_catalog.setval('"AO_88DE6A_MAPPING_BEAN_ID_seq"', 1, false);


--
-- Data for Name: AO_88DE6A_MAPPING_ENTRY; Type: TABLE DATA; Schema: public; Owner: jira
--



--
-- Name: AO_88DE6A_MAPPING_ENTRY_ID_seq; Type: SEQUENCE SET; Schema: public; Owner: jira
--

SELECT pg_catalog.setval('"AO_88DE6A_MAPPING_ENTRY_ID_seq"', 1, false);


--
-- Data for Name: AO_88DE6A_TRANSACTION; Type: TABLE DATA; Schema: public; Owner: jira
--



--
-- Data for Name: AO_88DE6A_TRANSACTION_CONTENT; Type: TABLE DATA; Schema: public; Owner: jira
--



--
-- Name: AO_88DE6A_TRANSACTION_CONTENT_ID_seq; Type: SEQUENCE SET; Schema: public; Owner: jira
--

SELECT pg_catalog.setval('"AO_88DE6A_TRANSACTION_CONTENT_ID_seq"', 1, false);


--
-- Name: AO_88DE6A_TRANSACTION_ID_seq; Type: SEQUENCE SET; Schema: public; Owner: jira
--

SELECT pg_catalog.setval('"AO_88DE6A_TRANSACTION_ID_seq"', 1, false);


--
-- Data for Name: AO_88DE6A_TRANSACTION_LOG; Type: TABLE DATA; Schema: public; Owner: jira
--



--
-- Name: AO_88DE6A_TRANSACTION_LOG_ID_seq; Type: SEQUENCE SET; Schema: public; Owner: jira
--

SELECT pg_catalog.setval('"AO_88DE6A_TRANSACTION_LOG_ID_seq"', 1, false);


--
-- Data for Name: AO_9B2E3B_RULE_EXECUTION; Type: TABLE DATA; Schema: public; Owner: jira
--



--
-- Data for Name: AO_9B2E3B_EXEC_RULE_MSG_ITEM; Type: TABLE DATA; Schema: public; Owner: jira
--



--
-- Name: AO_9B2E3B_EXEC_RULE_MSG_ITEM_ID_seq; Type: SEQUENCE SET; Schema: public; Owner: jira
--

SELECT pg_catalog.setval('"AO_9B2E3B_EXEC_RULE_MSG_ITEM_ID_seq"', 1, false);


--
-- Data for Name: AO_9B2E3B_RULESET; Type: TABLE DATA; Schema: public; Owner: jira
--



--
-- Data for Name: AO_9B2E3B_RULESET_REVISION; Type: TABLE DATA; Schema: public; Owner: jira
--



--
-- Data for Name: AO_9B2E3B_RULE; Type: TABLE DATA; Schema: public; Owner: jira
--



--
-- Data for Name: AO_9B2E3B_IF_THEN; Type: TABLE DATA; Schema: public; Owner: jira
--



--
-- Data for Name: AO_9B2E3B_IF_CONDITION_CONFIG; Type: TABLE DATA; Schema: public; Owner: jira
--



--
-- Name: AO_9B2E3B_IF_CONDITION_CONFIG_ID_seq; Type: SEQUENCE SET; Schema: public; Owner: jira
--

SELECT pg_catalog.setval('"AO_9B2E3B_IF_CONDITION_CONFIG_ID_seq"', 1, false);


--
-- Data for Name: AO_9B2E3B_IF_COND_CONF_DATA; Type: TABLE DATA; Schema: public; Owner: jira
--



--
-- Name: AO_9B2E3B_IF_COND_CONF_DATA_ID_seq; Type: SEQUENCE SET; Schema: public; Owner: jira
--

SELECT pg_catalog.setval('"AO_9B2E3B_IF_COND_CONF_DATA_ID_seq"', 1, false);


--
-- Data for Name: AO_9B2E3B_IF_THEN_EXECUTION; Type: TABLE DATA; Schema: public; Owner: jira
--



--
-- Data for Name: AO_9B2E3B_IF_EXECUTION; Type: TABLE DATA; Schema: public; Owner: jira
--



--
-- Data for Name: AO_9B2E3B_IF_COND_EXECUTION; Type: TABLE DATA; Schema: public; Owner: jira
--



--
-- Name: AO_9B2E3B_IF_COND_EXECUTION_ID_seq; Type: SEQUENCE SET; Schema: public; Owner: jira
--

SELECT pg_catalog.setval('"AO_9B2E3B_IF_COND_EXECUTION_ID_seq"', 1, false);


--
-- Name: AO_9B2E3B_IF_EXECUTION_ID_seq; Type: SEQUENCE SET; Schema: public; Owner: jira
--

SELECT pg_catalog.setval('"AO_9B2E3B_IF_EXECUTION_ID_seq"', 1, false);


--
-- Name: AO_9B2E3B_IF_THEN_EXECUTION_ID_seq; Type: SEQUENCE SET; Schema: public; Owner: jira
--

SELECT pg_catalog.setval('"AO_9B2E3B_IF_THEN_EXECUTION_ID_seq"', 1, false);


--
-- Name: AO_9B2E3B_IF_THEN_ID_seq; Type: SEQUENCE SET; Schema: public; Owner: jira
--

SELECT pg_catalog.setval('"AO_9B2E3B_IF_THEN_ID_seq"', 1, false);


--
-- Data for Name: AO_9B2E3B_PROJECT_USER_CONTEXT; Type: TABLE DATA; Schema: public; Owner: jira
--



--
-- Name: AO_9B2E3B_PROJECT_USER_CONTEXT_ID_seq; Type: SEQUENCE SET; Schema: public; Owner: jira
--

SELECT pg_catalog.setval('"AO_9B2E3B_PROJECT_USER_CONTEXT_ID_seq"', 1, false);


--
-- Data for Name: AO_9B2E3B_RSETREV_PROJ_CONTEXT; Type: TABLE DATA; Schema: public; Owner: jira
--



--
-- Name: AO_9B2E3B_RSETREV_PROJ_CONTEXT_ID_seq; Type: SEQUENCE SET; Schema: public; Owner: jira
--

SELECT pg_catalog.setval('"AO_9B2E3B_RSETREV_PROJ_CONTEXT_ID_seq"', 1, false);


--
-- Data for Name: AO_9B2E3B_RSETREV_USER_CONTEXT; Type: TABLE DATA; Schema: public; Owner: jira
--



--
-- Name: AO_9B2E3B_RSETREV_USER_CONTEXT_ID_seq; Type: SEQUENCE SET; Schema: public; Owner: jira
--

SELECT pg_catalog.setval('"AO_9B2E3B_RSETREV_USER_CONTEXT_ID_seq"', 1, false);


--
-- Name: AO_9B2E3B_RULESET_ID_seq; Type: SEQUENCE SET; Schema: public; Owner: jira
--

SELECT pg_catalog.setval('"AO_9B2E3B_RULESET_ID_seq"', 1, false);


--
-- Name: AO_9B2E3B_RULESET_REVISION_ID_seq; Type: SEQUENCE SET; Schema: public; Owner: jira
--

SELECT pg_catalog.setval('"AO_9B2E3B_RULESET_REVISION_ID_seq"', 1, false);


--
-- Name: AO_9B2E3B_RULE_EXECUTION_ID_seq; Type: SEQUENCE SET; Schema: public; Owner: jira
--

SELECT pg_catalog.setval('"AO_9B2E3B_RULE_EXECUTION_ID_seq"', 1, false);


--
-- Name: AO_9B2E3B_RULE_ID_seq; Type: SEQUENCE SET; Schema: public; Owner: jira
--

SELECT pg_catalog.setval('"AO_9B2E3B_RULE_ID_seq"', 1, false);


--
-- Data for Name: AO_9B2E3B_THEN_ACTION_CONFIG; Type: TABLE DATA; Schema: public; Owner: jira
--



--
-- Name: AO_9B2E3B_THEN_ACTION_CONFIG_ID_seq; Type: SEQUENCE SET; Schema: public; Owner: jira
--

SELECT pg_catalog.setval('"AO_9B2E3B_THEN_ACTION_CONFIG_ID_seq"', 1, false);


--
-- Data for Name: AO_9B2E3B_THEN_ACT_CONF_DATA; Type: TABLE DATA; Schema: public; Owner: jira
--



--
-- Name: AO_9B2E3B_THEN_ACT_CONF_DATA_ID_seq; Type: SEQUENCE SET; Schema: public; Owner: jira
--

SELECT pg_catalog.setval('"AO_9B2E3B_THEN_ACT_CONF_DATA_ID_seq"', 1, false);


--
-- Data for Name: AO_9B2E3B_THEN_EXECUTION; Type: TABLE DATA; Schema: public; Owner: jira
--



--
-- Data for Name: AO_9B2E3B_THEN_ACT_EXECUTION; Type: TABLE DATA; Schema: public; Owner: jira
--



--
-- Name: AO_9B2E3B_THEN_ACT_EXECUTION_ID_seq; Type: SEQUENCE SET; Schema: public; Owner: jira
--

SELECT pg_catalog.setval('"AO_9B2E3B_THEN_ACT_EXECUTION_ID_seq"', 1, false);


--
-- Name: AO_9B2E3B_THEN_EXECUTION_ID_seq; Type: SEQUENCE SET; Schema: public; Owner: jira
--

SELECT pg_catalog.setval('"AO_9B2E3B_THEN_EXECUTION_ID_seq"', 1, false);


--
-- Data for Name: AO_9B2E3B_WHEN_HANDLER_CONFIG; Type: TABLE DATA; Schema: public; Owner: jira
--



--
-- Name: AO_9B2E3B_WHEN_HANDLER_CONFIG_ID_seq; Type: SEQUENCE SET; Schema: public; Owner: jira
--

SELECT pg_catalog.setval('"AO_9B2E3B_WHEN_HANDLER_CONFIG_ID_seq"', 1, false);


--
-- Data for Name: AO_9B2E3B_WHEN_HAND_CONF_DATA; Type: TABLE DATA; Schema: public; Owner: jira
--



--
-- Name: AO_9B2E3B_WHEN_HAND_CONF_DATA_ID_seq; Type: SEQUENCE SET; Schema: public; Owner: jira
--

SELECT pg_catalog.setval('"AO_9B2E3B_WHEN_HAND_CONF_DATA_ID_seq"', 1, false);


--
-- Name: AO_A0B856_WEB_HOOK_LISTENER_AO_ID_seq; Type: SEQUENCE SET; Schema: public; Owner: jira
--

SELECT pg_catalog.setval('"AO_A0B856_WEB_HOOK_LISTENER_AO_ID_seq"', 1, false);


--
-- Data for Name: AO_A415DF_AOPLAN; Type: TABLE DATA; Schema: public; Owner: jira
--



--
-- Data for Name: AO_A415DF_AOPERSON; Type: TABLE DATA; Schema: public; Owner: jira
--



--
-- Data for Name: AO_A415DF_AOABILITY; Type: TABLE DATA; Schema: public; Owner: jira
--



--
-- Name: AO_A415DF_AOABILITY_ID_OTHER_seq; Type: SEQUENCE SET; Schema: public; Owner: jira
--

SELECT pg_catalog.setval('"AO_A415DF_AOABILITY_ID_OTHER_seq"', 1, false);


--
-- Data for Name: AO_A415DF_AOABSENCE; Type: TABLE DATA; Schema: public; Owner: jira
--



--
-- Name: AO_A415DF_AOABSENCE_ID_OTHER_seq; Type: SEQUENCE SET; Schema: public; Owner: jira
--

SELECT pg_catalog.setval('"AO_A415DF_AOABSENCE_ID_OTHER_seq"', 1, false);


--
-- Data for Name: AO_A415DF_AOTEAM; Type: TABLE DATA; Schema: public; Owner: jira
--



--
-- Data for Name: AO_A415DF_AORESOURCE; Type: TABLE DATA; Schema: public; Owner: jira
--



--
-- Data for Name: AO_A415DF_AOAVAILABILITY; Type: TABLE DATA; Schema: public; Owner: jira
--



--
-- Name: AO_A415DF_AOAVAILABILITY_ID_OTHER_seq; Type: SEQUENCE SET; Schema: public; Owner: jira
--

SELECT pg_catalog.setval('"AO_A415DF_AOAVAILABILITY_ID_OTHER_seq"', 1, false);


--
-- Data for Name: AO_A415DF_AOCONFIGURATION; Type: TABLE DATA; Schema: public; Owner: jira
--



--
-- Name: AO_A415DF_AOCONFIGURATION_ID_OTHER_seq; Type: SEQUENCE SET; Schema: public; Owner: jira
--

SELECT pg_catalog.setval('"AO_A415DF_AOCONFIGURATION_ID_OTHER_seq"', 1, false);


--
-- Data for Name: AO_A415DF_AOCUSTOM_WORDING; Type: TABLE DATA; Schema: public; Owner: jira
--



--
-- Name: AO_A415DF_AOCUSTOM_WORDING_ID_OTHER_seq; Type: SEQUENCE SET; Schema: public; Owner: jira
--

SELECT pg_catalog.setval('"AO_A415DF_AOCUSTOM_WORDING_ID_OTHER_seq"', 1, false);


--
-- Data for Name: AO_A415DF_AODEPENDENCY; Type: TABLE DATA; Schema: public; Owner: jira
--



--
-- Name: AO_A415DF_AODEPENDENCY_ID_OTHER_seq; Type: SEQUENCE SET; Schema: public; Owner: jira
--

SELECT pg_catalog.setval('"AO_A415DF_AODEPENDENCY_ID_OTHER_seq"', 1, false);


--
-- Data for Name: AO_A415DF_AODOOR_STOP; Type: TABLE DATA; Schema: public; Owner: jira
--



--
-- Name: AO_A415DF_AODOOR_STOP_ID_seq; Type: SEQUENCE SET; Schema: public; Owner: jira
--

SELECT pg_catalog.setval('"AO_A415DF_AODOOR_STOP_ID_seq"', 1, false);


--
-- Data for Name: AO_A415DF_AOSTREAM; Type: TABLE DATA; Schema: public; Owner: jira
--



--
-- Data for Name: AO_A415DF_AORELEASE; Type: TABLE DATA; Schema: public; Owner: jira
--



--
-- Data for Name: AO_A415DF_AOSPRINT; Type: TABLE DATA; Schema: public; Owner: jira
--



--
-- Data for Name: AO_A415DF_AOTHEME; Type: TABLE DATA; Schema: public; Owner: jira
--



--
-- Data for Name: AO_A415DF_AOWORK_ITEM; Type: TABLE DATA; Schema: public; Owner: jira
--



--
-- Data for Name: AO_A415DF_AOESTIMATE; Type: TABLE DATA; Schema: public; Owner: jira
--



--
-- Name: AO_A415DF_AOESTIMATE_ID_OTHER_seq; Type: SEQUENCE SET; Schema: public; Owner: jira
--

SELECT pg_catalog.setval('"AO_A415DF_AOESTIMATE_ID_OTHER_seq"', 1, false);


--
-- Data for Name: AO_A415DF_AOEXTENSION_LINK; Type: TABLE DATA; Schema: public; Owner: jira
--



--
-- Name: AO_A415DF_AOEXTENSION_LINK_ID_OTHER_seq; Type: SEQUENCE SET; Schema: public; Owner: jira
--

SELECT pg_catalog.setval('"AO_A415DF_AOEXTENSION_LINK_ID_OTHER_seq"', 1, false);


--
-- Data for Name: AO_A415DF_AONON_WORKING_DAYS; Type: TABLE DATA; Schema: public; Owner: jira
--



--
-- Name: AO_A415DF_AONON_WORKING_DAYS_ID_OTHER_seq; Type: SEQUENCE SET; Schema: public; Owner: jira
--

SELECT pg_catalog.setval('"AO_A415DF_AONON_WORKING_DAYS_ID_OTHER_seq"', 1, false);


--
-- Data for Name: AO_A415DF_AOPERMISSION; Type: TABLE DATA; Schema: public; Owner: jira
--



--
-- Name: AO_A415DF_AOPERMISSION_ID_OTHER_seq; Type: SEQUENCE SET; Schema: public; Owner: jira
--

SELECT pg_catalog.setval('"AO_A415DF_AOPERMISSION_ID_OTHER_seq"', 1, false);


--
-- Name: AO_A415DF_AOPERSON_ID_OTHER_seq; Type: SEQUENCE SET; Schema: public; Owner: jira
--

SELECT pg_catalog.setval('"AO_A415DF_AOPERSON_ID_OTHER_seq"', 1, false);


--
-- Data for Name: AO_A415DF_AOPLAN_CONFIGURATION; Type: TABLE DATA; Schema: public; Owner: jira
--



--
-- Name: AO_A415DF_AOPLAN_CONFIGURATION_ID_OTHER_seq; Type: SEQUENCE SET; Schema: public; Owner: jira
--

SELECT pg_catalog.setval('"AO_A415DF_AOPLAN_CONFIGURATION_ID_OTHER_seq"', 1, false);


--
-- Name: AO_A415DF_AOPLAN_ID_OTHER_seq; Type: SEQUENCE SET; Schema: public; Owner: jira
--

SELECT pg_catalog.setval('"AO_A415DF_AOPLAN_ID_OTHER_seq"', 1, false);


--
-- Data for Name: AO_A415DF_AOPRESENCE; Type: TABLE DATA; Schema: public; Owner: jira
--



--
-- Name: AO_A415DF_AOPRESENCE_ID_OTHER_seq; Type: SEQUENCE SET; Schema: public; Owner: jira
--

SELECT pg_catalog.setval('"AO_A415DF_AOPRESENCE_ID_OTHER_seq"', 1, false);


--
-- Name: AO_A415DF_AORELEASE_ID_OTHER_seq; Type: SEQUENCE SET; Schema: public; Owner: jira
--

SELECT pg_catalog.setval('"AO_A415DF_AORELEASE_ID_OTHER_seq"', 1, false);


--
-- Data for Name: AO_A415DF_AOREPLANNING; Type: TABLE DATA; Schema: public; Owner: jira
--



--
-- Name: AO_A415DF_AOREPLANNING_ID_OTHER_seq; Type: SEQUENCE SET; Schema: public; Owner: jira
--

SELECT pg_catalog.setval('"AO_A415DF_AOREPLANNING_ID_OTHER_seq"', 1, false);


--
-- Name: AO_A415DF_AORESOURCE_ID_OTHER_seq; Type: SEQUENCE SET; Schema: public; Owner: jira
--

SELECT pg_catalog.setval('"AO_A415DF_AORESOURCE_ID_OTHER_seq"', 1, false);


--
-- Data for Name: AO_A415DF_AOSTAGE; Type: TABLE DATA; Schema: public; Owner: jira
--



--
-- Data for Name: AO_A415DF_AOSKILL; Type: TABLE DATA; Schema: public; Owner: jira
--



--
-- Name: AO_A415DF_AOSKILL_ID_OTHER_seq; Type: SEQUENCE SET; Schema: public; Owner: jira
--

SELECT pg_catalog.setval('"AO_A415DF_AOSKILL_ID_OTHER_seq"', 1, false);


--
-- Data for Name: AO_A415DF_AOSOLUTION_STORE; Type: TABLE DATA; Schema: public; Owner: jira
--



--
-- Name: AO_A415DF_AOSOLUTION_STORE_ID_OTHER_seq; Type: SEQUENCE SET; Schema: public; Owner: jira
--

SELECT pg_catalog.setval('"AO_A415DF_AOSOLUTION_STORE_ID_OTHER_seq"', 1, false);


--
-- Name: AO_A415DF_AOSPRINT_ID_OTHER_seq; Type: SEQUENCE SET; Schema: public; Owner: jira
--

SELECT pg_catalog.setval('"AO_A415DF_AOSPRINT_ID_OTHER_seq"', 1, false);


--
-- Name: AO_A415DF_AOSTAGE_ID_OTHER_seq; Type: SEQUENCE SET; Schema: public; Owner: jira
--

SELECT pg_catalog.setval('"AO_A415DF_AOSTAGE_ID_OTHER_seq"', 1, false);


--
-- Name: AO_A415DF_AOSTREAM_ID_OTHER_seq; Type: SEQUENCE SET; Schema: public; Owner: jira
--

SELECT pg_catalog.setval('"AO_A415DF_AOSTREAM_ID_OTHER_seq"', 1, false);


--
-- Data for Name: AO_A415DF_AOSTREAM_TO_TEAM; Type: TABLE DATA; Schema: public; Owner: jira
--



--
-- Name: AO_A415DF_AOSTREAM_TO_TEAM_ID_OTHER_seq; Type: SEQUENCE SET; Schema: public; Owner: jira
--

SELECT pg_catalog.setval('"AO_A415DF_AOSTREAM_TO_TEAM_ID_OTHER_seq"', 1, false);


--
-- Name: AO_A415DF_AOTEAM_ID_OTHER_seq; Type: SEQUENCE SET; Schema: public; Owner: jira
--

SELECT pg_catalog.setval('"AO_A415DF_AOTEAM_ID_OTHER_seq"', 1, false);


--
-- Name: AO_A415DF_AOTHEME_ID_OTHER_seq; Type: SEQUENCE SET; Schema: public; Owner: jira
--

SELECT pg_catalog.setval('"AO_A415DF_AOTHEME_ID_OTHER_seq"', 1, false);


--
-- Name: AO_A415DF_AOWORK_ITEM_ID_OTHER_seq; Type: SEQUENCE SET; Schema: public; Owner: jira
--

SELECT pg_catalog.setval('"AO_A415DF_AOWORK_ITEM_ID_OTHER_seq"', 1, false);


--
-- Data for Name: AO_A415DF_AOWORK_ITEM_TO_RES; Type: TABLE DATA; Schema: public; Owner: jira
--



--
-- Name: AO_A415DF_AOWORK_ITEM_TO_RES_ID_OTHER_seq; Type: SEQUENCE SET; Schema: public; Owner: jira
--

SELECT pg_catalog.setval('"AO_A415DF_AOWORK_ITEM_TO_RES_ID_OTHER_seq"', 1, false);


--
-- Data for Name: AO_A44657_HEALTH_CHECK_ENTITY; Type: TABLE DATA; Schema: public; Owner: jira
--



--
-- Name: AO_A44657_HEALTH_CHECK_ENTITY_ID_seq; Type: SEQUENCE SET; Schema: public; Owner: jira
--

SELECT pg_catalog.setval('"AO_A44657_HEALTH_CHECK_ENTITY_ID_seq"', 1, false);


--
-- Data for Name: AO_AEFED0_PROGRAM; Type: TABLE DATA; Schema: public; Owner: jira
--



--
-- Data for Name: AO_AEFED0_TEAM_V2; Type: TABLE DATA; Schema: public; Owner: jira
--



--
-- Data for Name: AO_AEFED0_TEAM_MEMBER_V2; Type: TABLE DATA; Schema: public; Owner: jira
--



--
-- Data for Name: AO_AEFED0_TEAM_ROLE; Type: TABLE DATA; Schema: public; Owner: jira
--



--
-- Data for Name: AO_AEFED0_MEMBERSHIP; Type: TABLE DATA; Schema: public; Owner: jira
--



--
-- Name: AO_AEFED0_MEMBERSHIP_ID_seq; Type: SEQUENCE SET; Schema: public; Owner: jira
--

SELECT pg_catalog.setval('"AO_AEFED0_MEMBERSHIP_ID_seq"', 1, false);


--
-- Name: AO_AEFED0_PROGRAM_ID_seq; Type: SEQUENCE SET; Schema: public; Owner: jira
--

SELECT pg_catalog.setval('"AO_AEFED0_PROGRAM_ID_seq"', 1, false);


--
-- Data for Name: AO_AEFED0_TEAM; Type: TABLE DATA; Schema: public; Owner: jira
--



--
-- Name: AO_AEFED0_TEAM_ID_seq; Type: SEQUENCE SET; Schema: public; Owner: jira
--

SELECT pg_catalog.setval('"AO_AEFED0_TEAM_ID_seq"', 1, false);


--
-- Data for Name: AO_AEFED0_TEAM_LINK; Type: TABLE DATA; Schema: public; Owner: jira
--



--
-- Name: AO_AEFED0_TEAM_LINK_ID_seq; Type: SEQUENCE SET; Schema: public; Owner: jira
--

SELECT pg_catalog.setval('"AO_AEFED0_TEAM_LINK_ID_seq"', 1, false);


--
-- Data for Name: AO_AEFED0_TEAM_MEMBER; Type: TABLE DATA; Schema: public; Owner: jira
--



--
-- Name: AO_AEFED0_TEAM_MEMBER_ID_seq; Type: SEQUENCE SET; Schema: public; Owner: jira
--

SELECT pg_catalog.setval('"AO_AEFED0_TEAM_MEMBER_ID_seq"', 1, false);


--
-- Name: AO_AEFED0_TEAM_MEMBER_V2_ID_seq; Type: SEQUENCE SET; Schema: public; Owner: jira
--

SELECT pg_catalog.setval('"AO_AEFED0_TEAM_MEMBER_V2_ID_seq"', 1, false);


--
-- Data for Name: AO_AEFED0_TEAM_PERMISSION; Type: TABLE DATA; Schema: public; Owner: jira
--



--
-- Name: AO_AEFED0_TEAM_PERMISSION_ID_seq; Type: SEQUENCE SET; Schema: public; Owner: jira
--

SELECT pg_catalog.setval('"AO_AEFED0_TEAM_PERMISSION_ID_seq"', 1, false);


--
-- Name: AO_AEFED0_TEAM_ROLE_ID_seq; Type: SEQUENCE SET; Schema: public; Owner: jira
--

SELECT pg_catalog.setval('"AO_AEFED0_TEAM_ROLE_ID_seq"', 1, false);


--
-- Data for Name: AO_AEFED0_TEAM_TO_MEMBER; Type: TABLE DATA; Schema: public; Owner: jira
--



--
-- Name: AO_AEFED0_TEAM_TO_MEMBER_ID_seq; Type: SEQUENCE SET; Schema: public; Owner: jira
--

SELECT pg_catalog.setval('"AO_AEFED0_TEAM_TO_MEMBER_ID_seq"', 1, false);


--
-- Name: AO_AEFED0_TEAM_V2_ID_seq; Type: SEQUENCE SET; Schema: public; Owner: jira
--

SELECT pg_catalog.setval('"AO_AEFED0_TEAM_V2_ID_seq"', 1, false);


--
-- Data for Name: AO_B9A0F0_APPLIED_TEMPLATE; Type: TABLE DATA; Schema: public; Owner: jira
--



--
-- Name: AO_B9A0F0_APPLIED_TEMPLATE_ID_seq; Type: SEQUENCE SET; Schema: public; Owner: jira
--

SELECT pg_catalog.setval('"AO_B9A0F0_APPLIED_TEMPLATE_ID_seq"', 1, true);


--
-- Data for Name: AO_C3C6E8_CATEGORY_TYPE; Type: TABLE DATA; Schema: public; Owner: jira
--



--
-- Data for Name: AO_C3C6E8_CATEGORY_V1; Type: TABLE DATA; Schema: public; Owner: jira
--



--
-- Data for Name: AO_C3C6E8_CUSTOMER_V1; Type: TABLE DATA; Schema: public; Owner: jira
--



--
-- Data for Name: AO_C3C6E8_ACCOUNT_V1; Type: TABLE DATA; Schema: public; Owner: jira
--



--
-- Name: AO_C3C6E8_ACCOUNT_V1_ID_seq; Type: SEQUENCE SET; Schema: public; Owner: jira
--

SELECT pg_catalog.setval('"AO_C3C6E8_ACCOUNT_V1_ID_seq"', 1, false);


--
-- Data for Name: AO_C3C6E8_BUDGET; Type: TABLE DATA; Schema: public; Owner: jira
--



--
-- Name: AO_C3C6E8_BUDGET_ID_seq; Type: SEQUENCE SET; Schema: public; Owner: jira
--

SELECT pg_catalog.setval('"AO_C3C6E8_BUDGET_ID_seq"', 1, false);


--
-- Name: AO_C3C6E8_CATEGORY_TYPE_ID_seq; Type: SEQUENCE SET; Schema: public; Owner: jira
--

SELECT pg_catalog.setval('"AO_C3C6E8_CATEGORY_TYPE_ID_seq"', 1, false);


--
-- Name: AO_C3C6E8_CATEGORY_V1_ID_seq; Type: SEQUENCE SET; Schema: public; Owner: jira
--

SELECT pg_catalog.setval('"AO_C3C6E8_CATEGORY_V1_ID_seq"', 1, false);


--
-- Data for Name: AO_C3C6E8_CUSTOMER_PERMISSION; Type: TABLE DATA; Schema: public; Owner: jira
--



--
-- Name: AO_C3C6E8_CUSTOMER_PERMISSION_ID_seq; Type: SEQUENCE SET; Schema: public; Owner: jira
--

SELECT pg_catalog.setval('"AO_C3C6E8_CUSTOMER_PERMISSION_ID_seq"', 1, false);


--
-- Name: AO_C3C6E8_CUSTOMER_V1_ID_seq; Type: SEQUENCE SET; Schema: public; Owner: jira
--

SELECT pg_catalog.setval('"AO_C3C6E8_CUSTOMER_V1_ID_seq"', 1, false);


--
-- Data for Name: AO_C3C6E8_LINK_V1; Type: TABLE DATA; Schema: public; Owner: jira
--



--
-- Name: AO_C3C6E8_LINK_V1_ID_seq; Type: SEQUENCE SET; Schema: public; Owner: jira
--

SELECT pg_catalog.setval('"AO_C3C6E8_LINK_V1_ID_seq"', 1, false);


--
-- Data for Name: AO_C3C6E8_RATE_TABLE; Type: TABLE DATA; Schema: public; Owner: jira
--



--
-- Data for Name: AO_C3C6E8_RATE; Type: TABLE DATA; Schema: public; Owner: jira
--



--
-- Name: AO_C3C6E8_RATE_ID_seq; Type: SEQUENCE SET; Schema: public; Owner: jira
--

SELECT pg_catalog.setval('"AO_C3C6E8_RATE_ID_seq"', 1, false);


--
-- Name: AO_C3C6E8_RATE_TABLE_ID_seq; Type: SEQUENCE SET; Schema: public; Owner: jira
--

SELECT pg_catalog.setval('"AO_C3C6E8_RATE_TABLE_ID_seq"', 1, false);


--
-- Data for Name: AO_C7F17E_LINGO; Type: TABLE DATA; Schema: public; Owner: jira
--



--
-- Name: AO_C7F17E_LINGO_ID_seq; Type: SEQUENCE SET; Schema: public; Owner: jira
--

SELECT pg_catalog.setval('"AO_C7F17E_LINGO_ID_seq"', 1, false);


--
-- Data for Name: AO_C7F17E_LINGO_REVISION; Type: TABLE DATA; Schema: public; Owner: jira
--



--
-- Name: AO_C7F17E_LINGO_REVISION_ID_seq; Type: SEQUENCE SET; Schema: public; Owner: jira
--

SELECT pg_catalog.setval('"AO_C7F17E_LINGO_REVISION_ID_seq"', 1, false);


--
-- Data for Name: AO_C7F17E_LINGO_TRANSLATION; Type: TABLE DATA; Schema: public; Owner: jira
--



--
-- Name: AO_C7F17E_LINGO_TRANSLATION_ID_seq; Type: SEQUENCE SET; Schema: public; Owner: jira
--

SELECT pg_catalog.setval('"AO_C7F17E_LINGO_TRANSLATION_ID_seq"', 1, false);


--
-- Data for Name: AO_CFF990_AOTRANSITION_FAILURE; Type: TABLE DATA; Schema: public; Owner: jira
--



--
-- Name: AO_CFF990_AOTRANSITION_FAILURE_ID_seq; Type: SEQUENCE SET; Schema: public; Owner: jira
--

SELECT pg_catalog.setval('"AO_CFF990_AOTRANSITION_FAILURE_ID_seq"', 1, false);


--
-- Data for Name: AO_D9132D_SOLUTION; Type: TABLE DATA; Schema: public; Owner: jira
--



--
-- Data for Name: AO_D9132D_ASSIGNMENT; Type: TABLE DATA; Schema: public; Owner: jira
--



--
-- Name: AO_D9132D_ASSIGNMENT_ID_seq; Type: SEQUENCE SET; Schema: public; Owner: jira
--

SELECT pg_catalog.setval('"AO_D9132D_ASSIGNMENT_ID_seq"', 1, false);


--
-- Data for Name: AO_D9132D_CONFIGURATION; Type: TABLE DATA; Schema: public; Owner: jira
--



--
-- Name: AO_D9132D_CONFIGURATION_ID_seq; Type: SEQUENCE SET; Schema: public; Owner: jira
--

SELECT pg_catalog.setval('"AO_D9132D_CONFIGURATION_ID_seq"', 1, false);


--
-- Data for Name: AO_D9132D_DEP_ISSUE_LINK_TYPES; Type: TABLE DATA; Schema: public; Owner: jira
--



--
-- Name: AO_D9132D_DEP_ISSUE_LINK_TYPES_ID_seq; Type: SEQUENCE SET; Schema: public; Owner: jira
--

SELECT pg_catalog.setval('"AO_D9132D_DEP_ISSUE_LINK_TYPES_ID_seq"', 1, false);


--
-- Data for Name: AO_D9132D_PLAN; Type: TABLE DATA; Schema: public; Owner: jira
--



--
-- Data for Name: AO_D9132D_SCENARIO; Type: TABLE DATA; Schema: public; Owner: jira
--



--
-- Data for Name: AO_D9132D_SCENARIO_ISSUES; Type: TABLE DATA; Schema: public; Owner: jira
--



--
-- Data for Name: AO_D9132D_DISTRIBUTION; Type: TABLE DATA; Schema: public; Owner: jira
--



--
-- Name: AO_D9132D_DISTRIBUTION_ID_seq; Type: SEQUENCE SET; Schema: public; Owner: jira
--

SELECT pg_catalog.setval('"AO_D9132D_DISTRIBUTION_ID_seq"', 1, false);


--
-- Data for Name: AO_D9132D_EXCLUDED_VERSIONS; Type: TABLE DATA; Schema: public; Owner: jira
--



--
-- Name: AO_D9132D_EXCLUDED_VERSIONS_ID_seq; Type: SEQUENCE SET; Schema: public; Owner: jira
--

SELECT pg_catalog.setval('"AO_D9132D_EXCLUDED_VERSIONS_ID_seq"', 1, false);


--
-- Data for Name: AO_D9132D_HIERARCHY_CONFIG; Type: TABLE DATA; Schema: public; Owner: jira
--



--
-- Name: AO_D9132D_HIERARCHY_CONFIG_ID_seq; Type: SEQUENCE SET; Schema: public; Owner: jira
--

SELECT pg_catalog.setval('"AO_D9132D_HIERARCHY_CONFIG_ID_seq"', 1, false);


--
-- Data for Name: AO_D9132D_INIT; Type: TABLE DATA; Schema: public; Owner: jira
--



--
-- Name: AO_D9132D_INIT_ID_seq; Type: SEQUENCE SET; Schema: public; Owner: jira
--

SELECT pg_catalog.setval('"AO_D9132D_INIT_ID_seq"', 1, false);


--
-- Data for Name: AO_D9132D_ISSUE_SOURCE; Type: TABLE DATA; Schema: public; Owner: jira
--



--
-- Name: AO_D9132D_ISSUE_SOURCE_ID_seq; Type: SEQUENCE SET; Schema: public; Owner: jira
--

SELECT pg_catalog.setval('"AO_D9132D_ISSUE_SOURCE_ID_seq"', 1, false);


--
-- Data for Name: AO_D9132D_NONWORKINGDAYS; Type: TABLE DATA; Schema: public; Owner: jira
--



--
-- Name: AO_D9132D_NONWORKINGDAYS_ID_seq; Type: SEQUENCE SET; Schema: public; Owner: jira
--

SELECT pg_catalog.setval('"AO_D9132D_NONWORKINGDAYS_ID_seq"', 1, false);


--
-- Data for Name: AO_D9132D_PERMISSIONS; Type: TABLE DATA; Schema: public; Owner: jira
--



--
-- Name: AO_D9132D_PERMISSIONS_ID_seq; Type: SEQUENCE SET; Schema: public; Owner: jira
--

SELECT pg_catalog.setval('"AO_D9132D_PERMISSIONS_ID_seq"', 1, false);


--
-- Data for Name: AO_D9132D_PLANSKILL; Type: TABLE DATA; Schema: public; Owner: jira
--



--
-- Name: AO_D9132D_PLANSKILL_ID_seq; Type: SEQUENCE SET; Schema: public; Owner: jira
--

SELECT pg_catalog.setval('"AO_D9132D_PLANSKILL_ID_seq"', 1, false);


--
-- Data for Name: AO_D9132D_PLANTEAM; Type: TABLE DATA; Schema: public; Owner: jira
--



--
-- Name: AO_D9132D_PLANTEAM_ID_seq; Type: SEQUENCE SET; Schema: public; Owner: jira
--

SELECT pg_catalog.setval('"AO_D9132D_PLANTEAM_ID_seq"', 1, false);


--
-- Data for Name: AO_D9132D_THEME; Type: TABLE DATA; Schema: public; Owner: jira
--



--
-- Data for Name: AO_D9132D_PLANTHEME; Type: TABLE DATA; Schema: public; Owner: jira
--



--
-- Name: AO_D9132D_PLANTHEME_ID_seq; Type: SEQUENCE SET; Schema: public; Owner: jira
--

SELECT pg_catalog.setval('"AO_D9132D_PLANTHEME_ID_seq"', 1, false);


--
-- Data for Name: AO_D9132D_X_PROJECT_VERSION; Type: TABLE DATA; Schema: public; Owner: jira
--



--
-- Data for Name: AO_D9132D_PLANVERSION; Type: TABLE DATA; Schema: public; Owner: jira
--



--
-- Name: AO_D9132D_PLANVERSION_ID_seq; Type: SEQUENCE SET; Schema: public; Owner: jira
--

SELECT pg_catalog.setval('"AO_D9132D_PLANVERSION_ID_seq"', 1, false);


--
-- Name: AO_D9132D_PLAN_ID_seq; Type: SEQUENCE SET; Schema: public; Owner: jira
--

SELECT pg_catalog.setval('"AO_D9132D_PLAN_ID_seq"', 1, false);


--
-- Data for Name: AO_D9132D_RANK_ITEM; Type: TABLE DATA; Schema: public; Owner: jira
--



--
-- Name: AO_D9132D_RANK_ITEM_ID_seq; Type: SEQUENCE SET; Schema: public; Owner: jira
--

SELECT pg_catalog.setval('"AO_D9132D_RANK_ITEM_ID_seq"', 1, false);


--
-- Data for Name: AO_D9132D_SCENARIO_ABILITY; Type: TABLE DATA; Schema: public; Owner: jira
--



--
-- Name: AO_D9132D_SCENARIO_ABILITY_ID_seq; Type: SEQUENCE SET; Schema: public; Owner: jira
--

SELECT pg_catalog.setval('"AO_D9132D_SCENARIO_ABILITY_ID_seq"', 1, false);


--
-- Data for Name: AO_D9132D_SCENARIO_RESOURCE; Type: TABLE DATA; Schema: public; Owner: jira
--



--
-- Data for Name: AO_D9132D_SCENARIO_AVLBLTY; Type: TABLE DATA; Schema: public; Owner: jira
--



--
-- Name: AO_D9132D_SCENARIO_AVLBLTY_ID_seq; Type: SEQUENCE SET; Schema: public; Owner: jira
--

SELECT pg_catalog.setval('"AO_D9132D_SCENARIO_AVLBLTY_ID_seq"', 1, false);


--
-- Data for Name: AO_D9132D_SCENARIO_CHANGES; Type: TABLE DATA; Schema: public; Owner: jira
--



--
-- Name: AO_D9132D_SCENARIO_CHANGES_ID_seq; Type: SEQUENCE SET; Schema: public; Owner: jira
--

SELECT pg_catalog.setval('"AO_D9132D_SCENARIO_CHANGES_ID_seq"', 1, false);


--
-- Name: AO_D9132D_SCENARIO_ID_seq; Type: SEQUENCE SET; Schema: public; Owner: jira
--

SELECT pg_catalog.setval('"AO_D9132D_SCENARIO_ID_seq"', 1, false);


--
-- Name: AO_D9132D_SCENARIO_ISSUES_ID_seq; Type: SEQUENCE SET; Schema: public; Owner: jira
--

SELECT pg_catalog.setval('"AO_D9132D_SCENARIO_ISSUES_ID_seq"', 1, false);


--
-- Data for Name: AO_D9132D_SCENARIO_ISSUE_LINKS; Type: TABLE DATA; Schema: public; Owner: jira
--



--
-- Name: AO_D9132D_SCENARIO_ISSUE_LINKS_ID_seq; Type: SEQUENCE SET; Schema: public; Owner: jira
--

SELECT pg_catalog.setval('"AO_D9132D_SCENARIO_ISSUE_LINKS_ID_seq"', 1, false);


--
-- Data for Name: AO_D9132D_SCENARIO_ISSUE_RES; Type: TABLE DATA; Schema: public; Owner: jira
--



--
-- Name: AO_D9132D_SCENARIO_ISSUE_RES_ID_seq; Type: SEQUENCE SET; Schema: public; Owner: jira
--

SELECT pg_catalog.setval('"AO_D9132D_SCENARIO_ISSUE_RES_ID_seq"', 1, false);


--
-- Data for Name: AO_D9132D_SCENARIO_PERSON; Type: TABLE DATA; Schema: public; Owner: jira
--



--
-- Name: AO_D9132D_SCENARIO_PERSON_ID_seq; Type: SEQUENCE SET; Schema: public; Owner: jira
--

SELECT pg_catalog.setval('"AO_D9132D_SCENARIO_PERSON_ID_seq"', 1, false);


--
-- Name: AO_D9132D_SCENARIO_RESOURCE_ID_seq; Type: SEQUENCE SET; Schema: public; Owner: jira
--

SELECT pg_catalog.setval('"AO_D9132D_SCENARIO_RESOURCE_ID_seq"', 1, false);


--
-- Data for Name: AO_D9132D_SCENARIO_SKILL; Type: TABLE DATA; Schema: public; Owner: jira
--



--
-- Name: AO_D9132D_SCENARIO_SKILL_ID_seq; Type: SEQUENCE SET; Schema: public; Owner: jira
--

SELECT pg_catalog.setval('"AO_D9132D_SCENARIO_SKILL_ID_seq"', 1, false);


--
-- Data for Name: AO_D9132D_SCENARIO_STAGE; Type: TABLE DATA; Schema: public; Owner: jira
--



--
-- Name: AO_D9132D_SCENARIO_STAGE_ID_seq; Type: SEQUENCE SET; Schema: public; Owner: jira
--

SELECT pg_catalog.setval('"AO_D9132D_SCENARIO_STAGE_ID_seq"', 1, false);


--
-- Data for Name: AO_D9132D_SCENARIO_TEAM; Type: TABLE DATA; Schema: public; Owner: jira
--



--
-- Name: AO_D9132D_SCENARIO_TEAM_ID_seq; Type: SEQUENCE SET; Schema: public; Owner: jira
--

SELECT pg_catalog.setval('"AO_D9132D_SCENARIO_TEAM_ID_seq"', 1, false);


--
-- Data for Name: AO_D9132D_SCENARIO_THEME; Type: TABLE DATA; Schema: public; Owner: jira
--



--
-- Name: AO_D9132D_SCENARIO_THEME_ID_seq; Type: SEQUENCE SET; Schema: public; Owner: jira
--

SELECT pg_catalog.setval('"AO_D9132D_SCENARIO_THEME_ID_seq"', 1, false);


--
-- Data for Name: AO_D9132D_SCENARIO_VERSION; Type: TABLE DATA; Schema: public; Owner: jira
--



--
-- Name: AO_D9132D_SCENARIO_VERSION_ID_seq; Type: SEQUENCE SET; Schema: public; Owner: jira
--

SELECT pg_catalog.setval('"AO_D9132D_SCENARIO_VERSION_ID_seq"', 1, false);


--
-- Data for Name: AO_D9132D_SCENARIO_XPVERSION; Type: TABLE DATA; Schema: public; Owner: jira
--



--
-- Name: AO_D9132D_SCENARIO_XPVERSION_ID_seq; Type: SEQUENCE SET; Schema: public; Owner: jira
--

SELECT pg_catalog.setval('"AO_D9132D_SCENARIO_XPVERSION_ID_seq"', 1, false);


--
-- Name: AO_D9132D_SOLUTION_ID_seq; Type: SEQUENCE SET; Schema: public; Owner: jira
--

SELECT pg_catalog.setval('"AO_D9132D_SOLUTION_ID_seq"', 1, false);


--
-- Data for Name: AO_D9132D_STAGE; Type: TABLE DATA; Schema: public; Owner: jira
--



--
-- Name: AO_D9132D_STAGE_ID_seq; Type: SEQUENCE SET; Schema: public; Owner: jira
--

SELECT pg_catalog.setval('"AO_D9132D_STAGE_ID_seq"', 1, false);


--
-- Name: AO_D9132D_THEME_ID_seq; Type: SEQUENCE SET; Schema: public; Owner: jira
--

SELECT pg_catalog.setval('"AO_D9132D_THEME_ID_seq"', 1, false);


--
-- Data for Name: AO_D9132D_VERSION_ENRICHMENT; Type: TABLE DATA; Schema: public; Owner: jira
--



--
-- Name: AO_D9132D_VERSION_ENRICHMENT_ID_seq; Type: SEQUENCE SET; Schema: public; Owner: jira
--

SELECT pg_catalog.setval('"AO_D9132D_VERSION_ENRICHMENT_ID_seq"', 1, false);


--
-- Name: AO_D9132D_X_PROJECT_VERSION_ID_seq; Type: SEQUENCE SET; Schema: public; Owner: jira
--

SELECT pg_catalog.setval('"AO_D9132D_X_PROJECT_VERSION_ID_seq"', 1, false);


--
-- Data for Name: AO_DEB285_BLOG_AO; Type: TABLE DATA; Schema: public; Owner: jira
--



--
-- Name: AO_DEB285_BLOG_AO_ID_seq; Type: SEQUENCE SET; Schema: public; Owner: jira
--

SELECT pg_catalog.setval('"AO_DEB285_BLOG_AO_ID_seq"', 1, false);


--
-- Data for Name: AO_DEB285_COMMENT_AO; Type: TABLE DATA; Schema: public; Owner: jira
--



--
-- Name: AO_DEB285_COMMENT_AO_ID_seq; Type: SEQUENCE SET; Schema: public; Owner: jira
--

SELECT pg_catalog.setval('"AO_DEB285_COMMENT_AO_ID_seq"', 1, false);


--
-- Data for Name: AO_E8B6CC_REPOSITORY_MAPPING; Type: TABLE DATA; Schema: public; Owner: jira
--



--
-- Data for Name: AO_E8B6CC_BRANCH; Type: TABLE DATA; Schema: public; Owner: jira
--



--
-- Data for Name: AO_E8B6CC_BRANCH_HEAD_MAPPING; Type: TABLE DATA; Schema: public; Owner: jira
--



--
-- Name: AO_E8B6CC_BRANCH_HEAD_MAPPING_ID_seq; Type: SEQUENCE SET; Schema: public; Owner: jira
--

SELECT pg_catalog.setval('"AO_E8B6CC_BRANCH_HEAD_MAPPING_ID_seq"', 1, false);


--
-- Name: AO_E8B6CC_BRANCH_ID_seq; Type: SEQUENCE SET; Schema: public; Owner: jira
--

SELECT pg_catalog.setval('"AO_E8B6CC_BRANCH_ID_seq"', 1, false);


--
-- Data for Name: AO_E8B6CC_CHANGESET_MAPPING; Type: TABLE DATA; Schema: public; Owner: jira
--



--
-- Name: AO_E8B6CC_CHANGESET_MAPPING_ID_seq; Type: SEQUENCE SET; Schema: public; Owner: jira
--

SELECT pg_catalog.setval('"AO_E8B6CC_CHANGESET_MAPPING_ID_seq"', 1, false);


--
-- Data for Name: AO_E8B6CC_COMMIT; Type: TABLE DATA; Schema: public; Owner: jira
--



--
-- Name: AO_E8B6CC_COMMIT_ID_seq; Type: SEQUENCE SET; Schema: public; Owner: jira
--

SELECT pg_catalog.setval('"AO_E8B6CC_COMMIT_ID_seq"', 1, false);


--
-- Data for Name: AO_E8B6CC_GIT_HUB_EVENT; Type: TABLE DATA; Schema: public; Owner: jira
--



--
-- Name: AO_E8B6CC_GIT_HUB_EVENT_ID_seq; Type: SEQUENCE SET; Schema: public; Owner: jira
--

SELECT pg_catalog.setval('"AO_E8B6CC_GIT_HUB_EVENT_ID_seq"', 1, false);


--
-- Data for Name: AO_E8B6CC_ISSUE_TO_BRANCH; Type: TABLE DATA; Schema: public; Owner: jira
--



--
-- Name: AO_E8B6CC_ISSUE_TO_BRANCH_ID_seq; Type: SEQUENCE SET; Schema: public; Owner: jira
--

SELECT pg_catalog.setval('"AO_E8B6CC_ISSUE_TO_BRANCH_ID_seq"', 1, false);


--
-- Data for Name: AO_E8B6CC_ISSUE_TO_CHANGESET; Type: TABLE DATA; Schema: public; Owner: jira
--



--
-- Name: AO_E8B6CC_ISSUE_TO_CHANGESET_ID_seq; Type: SEQUENCE SET; Schema: public; Owner: jira
--

SELECT pg_catalog.setval('"AO_E8B6CC_ISSUE_TO_CHANGESET_ID_seq"', 1, false);


--
-- Data for Name: AO_E8B6CC_MESSAGE; Type: TABLE DATA; Schema: public; Owner: jira
--



--
-- Name: AO_E8B6CC_MESSAGE_ID_seq; Type: SEQUENCE SET; Schema: public; Owner: jira
--

SELECT pg_catalog.setval('"AO_E8B6CC_MESSAGE_ID_seq"', 1, false);


--
-- Data for Name: AO_E8B6CC_MESSAGE_QUEUE_ITEM; Type: TABLE DATA; Schema: public; Owner: jira
--



--
-- Name: AO_E8B6CC_MESSAGE_QUEUE_ITEM_ID_seq; Type: SEQUENCE SET; Schema: public; Owner: jira
--

SELECT pg_catalog.setval('"AO_E8B6CC_MESSAGE_QUEUE_ITEM_ID_seq"', 1, false);


--
-- Data for Name: AO_E8B6CC_MESSAGE_TAG; Type: TABLE DATA; Schema: public; Owner: jira
--



--
-- Name: AO_E8B6CC_MESSAGE_TAG_ID_seq; Type: SEQUENCE SET; Schema: public; Owner: jira
--

SELECT pg_catalog.setval('"AO_E8B6CC_MESSAGE_TAG_ID_seq"', 1, false);


--
-- Data for Name: AO_E8B6CC_ORGANIZATION_MAPPING; Type: TABLE DATA; Schema: public; Owner: jira
--



--
-- Name: AO_E8B6CC_ORGANIZATION_MAPPING_ID_seq; Type: SEQUENCE SET; Schema: public; Owner: jira
--

SELECT pg_catalog.setval('"AO_E8B6CC_ORGANIZATION_MAPPING_ID_seq"', 1, false);


--
-- Data for Name: AO_E8B6CC_ORG_TO_PROJECT; Type: TABLE DATA; Schema: public; Owner: jira
--



--
-- Name: AO_E8B6CC_ORG_TO_PROJECT_ID_seq; Type: SEQUENCE SET; Schema: public; Owner: jira
--

SELECT pg_catalog.setval('"AO_E8B6CC_ORG_TO_PROJECT_ID_seq"', 1, false);


--
-- Data for Name: AO_E8B6CC_PR_ISSUE_KEY; Type: TABLE DATA; Schema: public; Owner: jira
--



--
-- Name: AO_E8B6CC_PR_ISSUE_KEY_ID_seq; Type: SEQUENCE SET; Schema: public; Owner: jira
--

SELECT pg_catalog.setval('"AO_E8B6CC_PR_ISSUE_KEY_ID_seq"', 1, false);


--
-- Data for Name: AO_E8B6CC_PULL_REQUEST; Type: TABLE DATA; Schema: public; Owner: jira
--



--
-- Data for Name: AO_E8B6CC_PR_PARTICIPANT; Type: TABLE DATA; Schema: public; Owner: jira
--



--
-- Name: AO_E8B6CC_PR_PARTICIPANT_ID_seq; Type: SEQUENCE SET; Schema: public; Owner: jira
--

SELECT pg_catalog.setval('"AO_E8B6CC_PR_PARTICIPANT_ID_seq"', 1, false);


--
-- Data for Name: AO_E8B6CC_PR_TO_COMMIT; Type: TABLE DATA; Schema: public; Owner: jira
--



--
-- Name: AO_E8B6CC_PR_TO_COMMIT_ID_seq; Type: SEQUENCE SET; Schema: public; Owner: jira
--

SELECT pg_catalog.setval('"AO_E8B6CC_PR_TO_COMMIT_ID_seq"', 1, false);


--
-- Name: AO_E8B6CC_PULL_REQUEST_ID_seq; Type: SEQUENCE SET; Schema: public; Owner: jira
--

SELECT pg_catalog.setval('"AO_E8B6CC_PULL_REQUEST_ID_seq"', 1, false);


--
-- Name: AO_E8B6CC_REPOSITORY_MAPPING_ID_seq; Type: SEQUENCE SET; Schema: public; Owner: jira
--

SELECT pg_catalog.setval('"AO_E8B6CC_REPOSITORY_MAPPING_ID_seq"', 1, false);


--
-- Data for Name: AO_E8B6CC_REPO_TO_CHANGESET; Type: TABLE DATA; Schema: public; Owner: jira
--



--
-- Name: AO_E8B6CC_REPO_TO_CHANGESET_ID_seq; Type: SEQUENCE SET; Schema: public; Owner: jira
--

SELECT pg_catalog.setval('"AO_E8B6CC_REPO_TO_CHANGESET_ID_seq"', 1, false);


--
-- Data for Name: AO_E8B6CC_REPO_TO_PROJECT; Type: TABLE DATA; Schema: public; Owner: jira
--



--
-- Name: AO_E8B6CC_REPO_TO_PROJECT_ID_seq; Type: SEQUENCE SET; Schema: public; Owner: jira
--

SELECT pg_catalog.setval('"AO_E8B6CC_REPO_TO_PROJECT_ID_seq"', 1, false);


--
-- Data for Name: AO_E8B6CC_SYNC_AUDIT_LOG; Type: TABLE DATA; Schema: public; Owner: jira
--



--
-- Name: AO_E8B6CC_SYNC_AUDIT_LOG_ID_seq; Type: SEQUENCE SET; Schema: public; Owner: jira
--

SELECT pg_catalog.setval('"AO_E8B6CC_SYNC_AUDIT_LOG_ID_seq"', 1, false);


--
-- Data for Name: AO_E8B6CC_SYNC_EVENT; Type: TABLE DATA; Schema: public; Owner: jira
--



--
-- Name: AO_E8B6CC_SYNC_EVENT_ID_seq; Type: SEQUENCE SET; Schema: public; Owner: jira
--

SELECT pg_catalog.setval('"AO_E8B6CC_SYNC_EVENT_ID_seq"', 1, false);


--
-- Data for Name: AO_ED979B_ACTIONREGISTRY; Type: TABLE DATA; Schema: public; Owner: jira
--



--
-- Name: AO_ED979B_ACTIONREGISTRY_ID_seq; Type: SEQUENCE SET; Schema: public; Owner: jira
--

SELECT pg_catalog.setval('"AO_ED979B_ACTIONREGISTRY_ID_seq"', 1, true);


--
-- Data for Name: AO_ED979B_EVENT; Type: TABLE DATA; Schema: public; Owner: jira
--



--
-- Data for Name: AO_ED979B_EVENTPROPERTY; Type: TABLE DATA; Schema: public; Owner: jira
--



--
-- Name: AO_ED979B_EVENTPROPERTY_ID_seq; Type: SEQUENCE SET; Schema: public; Owner: jira
--

SELECT pg_catalog.setval('"AO_ED979B_EVENTPROPERTY_ID_seq"', 1, true);


--
-- Name: AO_ED979B_EVENT_ID_seq; Type: SEQUENCE SET; Schema: public; Owner: jira
--

SELECT pg_catalog.setval('"AO_ED979B_EVENT_ID_seq"', 1, true);


--
-- Data for Name: AO_ED979B_SUBSCRIPTION; Type: TABLE DATA; Schema: public; Owner: jira
--



--
-- Name: AO_ED979B_SUBSCRIPTION_ID_seq; Type: SEQUENCE SET; Schema: public; Owner: jira
--

SELECT pg_catalog.setval('"AO_ED979B_SUBSCRIPTION_ID_seq"', 1, false);


--
-- Data for Name: AO_ED979B_USEREVENT; Type: TABLE DATA; Schema: public; Owner: jira
--



--
-- Name: AO_ED979B_USEREVENT_ID_seq; Type: SEQUENCE SET; Schema: public; Owner: jira
--

SELECT pg_catalog.setval('"AO_ED979B_USEREVENT_ID_seq"', 1, false);


--
-- Data for Name: AO_F1B27B_HISTORY_RECORD; Type: TABLE DATA; Schema: public; Owner: jira
--



--
-- Name: AO_F1B27B_HISTORY_RECORD_ID_seq; Type: SEQUENCE SET; Schema: public; Owner: jira
--

SELECT pg_catalog.setval('"AO_F1B27B_HISTORY_RECORD_ID_seq"', 1, false);


--
-- Data for Name: AO_F1B27B_PROMISE; Type: TABLE DATA; Schema: public; Owner: jira
--



--
-- Data for Name: AO_F1B27B_KEY_COMPONENT; Type: TABLE DATA; Schema: public; Owner: jira
--



--
-- Name: AO_F1B27B_KEY_COMPONENT_ID_seq; Type: SEQUENCE SET; Schema: public; Owner: jira
--

SELECT pg_catalog.setval('"AO_F1B27B_KEY_COMPONENT_ID_seq"', 1, false);


--
-- Data for Name: AO_F1B27B_PROMISE_HISTORY; Type: TABLE DATA; Schema: public; Owner: jira
--



--
-- Data for Name: AO_F1B27B_KEY_COMP_HISTORY; Type: TABLE DATA; Schema: public; Owner: jira
--



--
-- Name: AO_F1B27B_KEY_COMP_HISTORY_ID_seq; Type: SEQUENCE SET; Schema: public; Owner: jira
--

SELECT pg_catalog.setval('"AO_F1B27B_KEY_COMP_HISTORY_ID_seq"', 1, false);


--
-- Name: AO_F1B27B_PROMISE_HISTORY_ID_seq; Type: SEQUENCE SET; Schema: public; Owner: jira
--

SELECT pg_catalog.setval('"AO_F1B27B_PROMISE_HISTORY_ID_seq"', 1, false);


--
-- Name: AO_F1B27B_PROMISE_ID_seq; Type: SEQUENCE SET; Schema: public; Owner: jira
--

SELECT pg_catalog.setval('"AO_F1B27B_PROMISE_ID_seq"', 1, false);


--
-- Data for Name: AO_F4ED3A_ADD_ON_PROPERTY_AO; Type: TABLE DATA; Schema: public; Owner: jira
--



--
-- Name: AO_F4ED3A_ADD_ON_PROPERTY_AO_ID_seq; Type: SEQUENCE SET; Schema: public; Owner: jira
--

SELECT pg_catalog.setval('"AO_F4ED3A_ADD_ON_PROPERTY_AO_ID_seq"', 1, false);


--
-- Data for Name: addoncloudexport; Type: TABLE DATA; Schema: public; Owner: jira
--



--
-- Name: addoncloudexport_id_seq; Type: SEQUENCE SET; Schema: public; Owner: jira
--

SELECT pg_catalog.setval('addoncloudexport_id_seq', 10000, false);


--
-- Data for Name: adhocupgradetaskhistory; Type: TABLE DATA; Schema: public; Owner: jira
--



--
-- Name: adhocupgradetaskhistory_id_seq; Type: SEQUENCE SET; Schema: public; Owner: jira
--

SELECT pg_catalog.setval('adhocupgradetaskhistory_id_seq', 10000, false);


--
-- Data for Name: amq_temporary_store_a0b856; Type: TABLE DATA; Schema: public; Owner: jira
--



--
-- Name: amq_temporary_store_a0b856_id_seq; Type: SEQUENCE SET; Schema: public; Owner: jira
--

SELECT pg_catalog.setval('amq_temporary_store_a0b856_id_seq', 1, false);


--
-- Data for Name: ao_563aee_actor_entity; Type: TABLE DATA; Schema: public; Owner: jira
--



--
-- Data for Name: ao_563aee_media_link_entity; Type: TABLE DATA; Schema: public; Owner: jira
--



--
-- Data for Name: ao_563aee_object_entity; Type: TABLE DATA; Schema: public; Owner: jira
--



--
-- Data for Name: ao_563aee_target_entity; Type: TABLE DATA; Schema: public; Owner: jira
--



--
-- Data for Name: ao_563aee_activity_entity; Type: TABLE DATA; Schema: public; Owner: jira
--



--
-- Data for Name: ao_a0b856_web_hook_listener_ao; Type: TABLE DATA; Schema: public; Owner: jira
--



--
-- Data for Name: app_user; Type: TABLE DATA; Schema: public; Owner: jira
--

INSERT INTO app_user (id, user_key, lower_user_name) VALUES (10000, 'admin', 'admin');
INSERT INTO app_user (id, user_key, lower_user_name) VALUES (10001, 'farnsworth', 'farnsworth');
INSERT INTO app_user (id, user_key, lower_user_name) VALUES (10002, 'fry', 'fry');


--
-- Name: app_user_id_seq; Type: SEQUENCE SET; Schema: public; Owner: jira
--

SELECT pg_catalog.setval('app_user_id_seq', 10100, false);


--
-- Data for Name: async_task; Type: TABLE DATA; Schema: public; Owner: jira
--



--
-- Name: async_task_id_seq; Type: SEQUENCE SET; Schema: public; Owner: jira
--

SELECT pg_catalog.setval('async_task_id_seq', 10000, false);


--
-- Data for Name: async_task_payload; Type: TABLE DATA; Schema: public; Owner: jira
--



--
-- Name: async_task_payload_id_seq; Type: SEQUENCE SET; Schema: public; Owner: jira
--

SELECT pg_catalog.setval('async_task_payload_id_seq', 10000, false);


--
-- Data for Name: audit_changed_value; Type: TABLE DATA; Schema: public; Owner: jira
--

INSERT INTO audit_changed_value (id, log_id, name, delta_from, delta_to) VALUES (10000, 10002, 'jira-administrators', 'USE', 'jira-core');
INSERT INTO audit_changed_value (id, log_id, name, delta_from, delta_to) VALUES (10001, 10002, 'jira-users', 'USE', 'jira-core (default)');
INSERT INTO audit_changed_value (id, log_id, name, delta_from, delta_to) VALUES (10002, 10003, 'jira-administrators', 'USE', 'jira-software');
INSERT INTO audit_changed_value (id, log_id, name, delta_from, delta_to) VALUES (10003, 10003, 'jira-users', 'USE', 'jira-software (default)');
INSERT INTO audit_changed_value (id, log_id, name, delta_from, delta_to) VALUES (10004, 10004, 'jira-software', '', 'jira-software (default)');
INSERT INTO audit_changed_value (id, log_id, name, delta_from, delta_to) VALUES (10100, 10100, 'Name', NULL, 'development');
INSERT INTO audit_changed_value (id, log_id, name, delta_from, delta_to) VALUES (10101, 10100, 'Description', NULL, 'Includes development summary panel information used in JQL');
INSERT INTO audit_changed_value (id, log_id, name, delta_from, delta_to) VALUES (10102, 10100, 'Type', NULL, 'Dev Summary Custom Field');
INSERT INTO audit_changed_value (id, log_id, name, delta_from, delta_to) VALUES (10112, 10104, 'Name', NULL, 'Epic Name');
INSERT INTO audit_changed_value (id, log_id, name, delta_from, delta_to) VALUES (10113, 10104, 'Description', NULL, 'Provide a short name to identify this epic.');
INSERT INTO audit_changed_value (id, log_id, name, delta_from, delta_to) VALUES (10114, 10104, 'Type', NULL, 'Name of Epic');
INSERT INTO audit_changed_value (id, log_id, name, delta_from, delta_to) VALUES (10115, 10105, 'Name', NULL, 'Epic Status');
INSERT INTO audit_changed_value (id, log_id, name, delta_from, delta_to) VALUES (10116, 10105, 'Description', NULL, 'Epic Status field for JIRA Software use only.');
INSERT INTO audit_changed_value (id, log_id, name, delta_from, delta_to) VALUES (10117, 10105, 'Type', NULL, 'Status of Epic');
INSERT INTO audit_changed_value (id, log_id, name, delta_from, delta_to) VALUES (10118, 10106, 'Name', NULL, 'Epic Colour');
INSERT INTO audit_changed_value (id, log_id, name, delta_from, delta_to) VALUES (10119, 10106, 'Description', NULL, 'Epic Colour field for JIRA Software use only.');
INSERT INTO audit_changed_value (id, log_id, name, delta_from, delta_to) VALUES (10120, 10106, 'Type', NULL, 'Colour of Epic');
INSERT INTO audit_changed_value (id, log_id, name, delta_from, delta_to) VALUES (10121, 10107, 'Name', NULL, 'Epic Link');
INSERT INTO audit_changed_value (id, log_id, name, delta_from, delta_to) VALUES (10122, 10107, 'Description', NULL, 'Choose an epic to assign this issue to.');
INSERT INTO audit_changed_value (id, log_id, name, delta_from, delta_to) VALUES (10123, 10107, 'Type', NULL, 'Epic Link Relationship');
INSERT INTO audit_changed_value (id, log_id, name, delta_from, delta_to) VALUES (10103, 10101, 'Permission', '', 'Manage sprints');
INSERT INTO audit_changed_value (id, log_id, name, delta_from, delta_to) VALUES (10104, 10101, 'Type', '', 'Project Role');
INSERT INTO audit_changed_value (id, log_id, name, delta_from, delta_to) VALUES (10105, 10101, 'Value', '', 'Administrators');
INSERT INTO audit_changed_value (id, log_id, name, delta_from, delta_to) VALUES (10106, 10102, 'Permission', 'Manage sprints', '');
INSERT INTO audit_changed_value (id, log_id, name, delta_from, delta_to) VALUES (10107, 10102, 'Type', 'Project Role', '');
INSERT INTO audit_changed_value (id, log_id, name, delta_from, delta_to) VALUES (10108, 10102, 'Value', 'Administrators', '');
INSERT INTO audit_changed_value (id, log_id, name, delta_from, delta_to) VALUES (10109, 10103, 'Permission', '', 'Manage sprints');
INSERT INTO audit_changed_value (id, log_id, name, delta_from, delta_to) VALUES (10110, 10103, 'Type', '', 'Project Role');
INSERT INTO audit_changed_value (id, log_id, name, delta_from, delta_to) VALUES (10111, 10103, 'Value', '', 'Administrators');
INSERT INTO audit_changed_value (id, log_id, name, delta_from, delta_to) VALUES (10124, 10108, 'Name', NULL, 'Sprint');
INSERT INTO audit_changed_value (id, log_id, name, delta_from, delta_to) VALUES (10125, 10108, 'Description', NULL, 'JIRA Software sprint field');
INSERT INTO audit_changed_value (id, log_id, name, delta_from, delta_to) VALUES (10126, 10108, 'Type', NULL, 'JIRA Sprint Field');
INSERT INTO audit_changed_value (id, log_id, name, delta_from, delta_to) VALUES (10127, 10109, 'Name', NULL, 'Rank');
INSERT INTO audit_changed_value (id, log_id, name, delta_from, delta_to) VALUES (10128, 10109, 'Description', NULL, 'Global rank field for JIRA Software use only.');
INSERT INTO audit_changed_value (id, log_id, name, delta_from, delta_to) VALUES (10129, 10109, 'Type', NULL, 'Global Rank');


--
-- Name: audit_changed_value_id_seq; Type: SEQUENCE SET; Schema: public; Owner: jira
--

SELECT pg_catalog.setval('audit_changed_value_id_seq', 10129, true);


--
-- Data for Name: audit_item; Type: TABLE DATA; Schema: public; Owner: jira
--



--
-- Name: audit_item_id_seq; Type: SEQUENCE SET; Schema: public; Owner: jira
--

SELECT pg_catalog.setval('audit_item_id_seq', 10000, false);


--
-- Data for Name: audit_log; Type: TABLE DATA; Schema: public; Owner: jira
--

INSERT INTO audit_log (id, remote_address, created, author_key, summary, category, object_type, object_id, object_name, object_parent_id, object_parent_name, author_type, event_source_name, description, long_description, search_field) VALUES (10000, NULL, '2016-12-20 08:54:43.96+00', NULL, 'Not moving license location', 'migration', 'LICENSE', '0', 'No change', '0', '', 1, 'Move6xLicenseTo70Store', NULL, 'License entered during import supersedes all licenses in data.', 'not moving license location jira.auditing.category.migration move6xlicenseto70store');
INSERT INTO audit_log (id, remote_address, created, author_key, summary, category, object_type, object_id, object_name, object_parent_id, object_parent_name, author_type, event_source_name, description, long_description, search_field) VALUES (10001, NULL, '2016-12-20 08:54:43.96+00', NULL, 'Not moving old Service Desk license - license supplied by user', 'migration', 'LICENSE', '0', 'No change', '0', '', 1, 'Move6xServiceDeskLicenseTo70Store', NULL, 'The person importing JIRA has supplied a license to use; any existing Service Desk licenseinstalled in your system will be ignored in preference of the new license.', 'not moving old service desk license - supplied by user jira.auditing.category.migration move6xservicedesklicenseto70store');
INSERT INTO audit_log (id, remote_address, created, author_key, summary, category, object_type, object_id, object_name, object_parent_id, object_parent_name, author_type, event_source_name, description, long_description, search_field) VALUES (10002, NULL, '2016-12-20 08:54:43.961+00', NULL, 'Migrated groups to jira-core: 2', 'migration', 'APPLICATION_ROLE', '0', 'jira-core', '0', '', 0, 'UseBasedMigrationImpl', NULL, 'Group with USE permission migrated to a role to ensure continued access for associated users.', 'migrated groups to jira-core: 2 jira.auditing.category.migration usebasedmigrationimpl jira-administrators use jira-core jira-users (default)');
INSERT INTO audit_log (id, remote_address, created, author_key, summary, category, object_type, object_id, object_name, object_parent_id, object_parent_name, author_type, event_source_name, description, long_description, search_field) VALUES (10003, NULL, '2016-12-20 08:54:43.961+00', NULL, 'Migrated groups to jira-software: 2', 'migration', 'APPLICATION_ROLE', '0', 'jira-software', '0', '', 0, 'UseBasedMigrationImpl', NULL, 'Group with USE permission migrated to a role to ensure continued access for associated users.', 'migrated groups to jira-software: 2 jira.auditing.category.migration usebasedmigrationimpl jira-administrators use jira-software jira-users (default)');
INSERT INTO audit_log (id, remote_address, created, author_key, summary, category, object_type, object_id, object_name, object_parent_id, object_parent_name, author_type, event_source_name, description, long_description, search_field) VALUES (10004, NULL, '2016-12-20 08:54:43.98+00', NULL, 'Setting the application defaults', 'migration', 'APPLICATION_ROLE', '0', 'jira-software', '0', '', 0, 'DefaultApplicationServiceImpl', NULL, 'Applications were marked as default, based on the product license. New users will be created with respect to the default applications selection.', 'setting the application defaults jira.auditing.category.migration defaultapplicationserviceimpl jira-software (default)');
INSERT INTO audit_log (id, remote_address, created, author_key, summary, category, object_type, object_id, object_name, object_parent_id, object_parent_name, author_type, event_source_name, description, long_description, search_field) VALUES (10100, '127.0.0.1', '2017-05-15 09:27:50.865+00', 'admin', 'Custom field created', 'fields', 'CUSTOM_FIELD', 'customfield_10100', 'development', NULL, NULL, 1, '', NULL, '', 'admin 127.0.0.1 custom field created fields development includes summary panel information used in jql dev');
INSERT INTO audit_log (id, remote_address, created, author_key, summary, category, object_type, object_id, object_name, object_parent_id, object_parent_name, author_type, event_source_name, description, long_description, search_field) VALUES (10108, '127.0.0.1', '2017-05-15 09:27:51.591+00', 'admin', 'Custom field created', 'fields', 'CUSTOM_FIELD', 'customfield_10105', 'Sprint', NULL, NULL, 1, '', NULL, '', 'admin 127.0.0.1 custom field created fields sprint jira software');
INSERT INTO audit_log (id, remote_address, created, author_key, summary, category, object_type, object_id, object_name, object_parent_id, object_parent_name, author_type, event_source_name, description, long_description, search_field) VALUES (10109, '127.0.0.1', '2017-05-15 09:27:51.628+00', 'admin', 'Custom field created', 'fields', 'CUSTOM_FIELD', 'customfield_10106', 'Rank', NULL, NULL, 1, '', NULL, '', 'admin 127.0.0.1 custom field created fields rank global for jira software use only.');
INSERT INTO audit_log (id, remote_address, created, author_key, summary, category, object_type, object_id, object_name, object_parent_id, object_parent_name, author_type, event_source_name, description, long_description, search_field) VALUES (10101, '127.0.0.1', '2017-05-15 09:27:51.045+00', 'admin', 'Permission scheme updated', 'permissions', 'SCHEME', '0', 'Default Permission Scheme', NULL, NULL, 1, '', NULL, '', 'admin 127.0.0.1 permission scheme updated permissions default manage sprints project role administrators');
INSERT INTO audit_log (id, remote_address, created, author_key, summary, category, object_type, object_id, object_name, object_parent_id, object_parent_name, author_type, event_source_name, description, long_description, search_field) VALUES (10102, '127.0.0.1', '2017-05-15 09:27:51.054+00', 'admin', 'Permission scheme updated', 'permissions', 'SCHEME', '0', 'Default Permission Scheme', NULL, NULL, 1, '', NULL, '', 'admin 127.0.0.1 permission scheme updated permissions default manage sprints project role administrators');
INSERT INTO audit_log (id, remote_address, created, author_key, summary, category, object_type, object_id, object_name, object_parent_id, object_parent_name, author_type, event_source_name, description, long_description, search_field) VALUES (10103, '127.0.0.1', '2017-05-15 09:27:51.062+00', 'admin', 'Permission scheme updated', 'permissions', 'SCHEME', '0', 'Default Permission Scheme', NULL, NULL, 1, '', NULL, '', 'admin 127.0.0.1 permission scheme updated permissions default manage sprints project role administrators');
INSERT INTO audit_log (id, remote_address, created, author_key, summary, category, object_type, object_id, object_name, object_parent_id, object_parent_name, author_type, event_source_name, description, long_description, search_field) VALUES (10104, '127.0.0.1', '2017-05-15 09:27:51.124+00', 'admin', 'Custom field created', 'fields', 'CUSTOM_FIELD', 'customfield_10101', 'Epic Name', NULL, NULL, 1, '', NULL, '', 'admin 127.0.0.1 custom field created fields epic name provide a short to identify this epic. of');
INSERT INTO audit_log (id, remote_address, created, author_key, summary, category, object_type, object_id, object_name, object_parent_id, object_parent_name, author_type, event_source_name, description, long_description, search_field) VALUES (10105, '127.0.0.1', '2017-05-15 09:27:51.186+00', 'admin', 'Custom field created', 'fields', 'CUSTOM_FIELD', 'customfield_10102', 'Epic Status', NULL, NULL, 1, '', NULL, '', 'admin 127.0.0.1 custom field created fields epic status for jira software use only. of');
INSERT INTO audit_log (id, remote_address, created, author_key, summary, category, object_type, object_id, object_name, object_parent_id, object_parent_name, author_type, event_source_name, description, long_description, search_field) VALUES (10106, '127.0.0.1', '2017-05-15 09:27:51.215+00', 'admin', 'Custom field created', 'fields', 'CUSTOM_FIELD', 'customfield_10103', 'Epic Colour', NULL, NULL, 1, '', NULL, '', 'admin 127.0.0.1 custom field created fields epic colour for jira software use only. of');
INSERT INTO audit_log (id, remote_address, created, author_key, summary, category, object_type, object_id, object_name, object_parent_id, object_parent_name, author_type, event_source_name, description, long_description, search_field) VALUES (10107, '127.0.0.1', '2017-05-15 09:27:51.256+00', 'admin', 'Custom field created', 'fields', 'CUSTOM_FIELD', 'customfield_10104', 'Epic Link', NULL, NULL, 1, '', NULL, '', 'admin 127.0.0.1 custom field created fields epic link choose an to assign this issue to. relationship');


--
-- Name: audit_log_id_seq; Type: SEQUENCE SET; Schema: public; Owner: jira
--

SELECT pg_catalog.setval('audit_log_id_seq', 10109, true);


--
-- Data for Name: avatar; Type: TABLE DATA; Schema: public; Owner: jira
--

INSERT INTO avatar (id, filename, contenttype, avatartype, owner, systemavatar) VALUES (10000, 'codegeist.png', 'image/png', 'project', NULL, 1);
INSERT INTO avatar (id, filename, contenttype, avatartype, owner, systemavatar) VALUES (10001, 'bird.svg', 'image/svg+xml', 'project', NULL, 1);
INSERT INTO avatar (id, filename, contenttype, avatartype, owner, systemavatar) VALUES (10002, 'jm_black.png', 'image/png', 'project', NULL, 1);
INSERT INTO avatar (id, filename, contenttype, avatartype, owner, systemavatar) VALUES (10003, 'jm_brown.png', 'image/png', 'project', NULL, 1);
INSERT INTO avatar (id, filename, contenttype, avatartype, owner, systemavatar) VALUES (10004, 'jm_orange.png', 'image/png', 'project', NULL, 1);
INSERT INTO avatar (id, filename, contenttype, avatartype, owner, systemavatar) VALUES (10005, 'jm_red.png', 'image/png', 'project', NULL, 1);
INSERT INTO avatar (id, filename, contenttype, avatartype, owner, systemavatar) VALUES (10006, 'jm_white.png', 'image/png', 'project', NULL, 1);
INSERT INTO avatar (id, filename, contenttype, avatartype, owner, systemavatar) VALUES (10007, 'jm_yellow.png', 'image/png', 'project', NULL, 1);
INSERT INTO avatar (id, filename, contenttype, avatartype, owner, systemavatar) VALUES (10008, 'monster.png', 'image/png', 'project', NULL, 1);
INSERT INTO avatar (id, filename, contenttype, avatartype, owner, systemavatar) VALUES (10009, 'nature.svg', 'image/svg+xml', 'project', NULL, 1);
INSERT INTO avatar (id, filename, contenttype, avatartype, owner, systemavatar) VALUES (10010, 'koala.svg', 'image/svg+xml', 'project', NULL, 1);
INSERT INTO avatar (id, filename, contenttype, avatartype, owner, systemavatar) VALUES (10011, 'rocket.svg', 'image/svg+xml', 'project', NULL, 1);
INSERT INTO avatar (id, filename, contenttype, avatartype, owner, systemavatar) VALUES (10040, 'Avatar-1.png', 'image/png', 'user', NULL, 1);
INSERT INTO avatar (id, filename, contenttype, avatartype, owner, systemavatar) VALUES (10041, 'Avatar-2.png', 'image/png', 'user', NULL, 1);
INSERT INTO avatar (id, filename, contenttype, avatartype, owner, systemavatar) VALUES (10042, 'Avatar-3.png', 'image/png', 'user', NULL, 1);
INSERT INTO avatar (id, filename, contenttype, avatartype, owner, systemavatar) VALUES (10043, 'Avatar-4.png', 'image/png', 'user', NULL, 1);
INSERT INTO avatar (id, filename, contenttype, avatartype, owner, systemavatar) VALUES (10044, 'Avatar-5.png', 'image/png', 'user', NULL, 1);
INSERT INTO avatar (id, filename, contenttype, avatartype, owner, systemavatar) VALUES (10045, 'Avatar-6.png', 'image/png', 'user', NULL, 1);
INSERT INTO avatar (id, filename, contenttype, avatartype, owner, systemavatar) VALUES (10046, 'Avatar-7.png', 'image/png', 'user', NULL, 1);
INSERT INTO avatar (id, filename, contenttype, avatartype, owner, systemavatar) VALUES (10047, 'Avatar-8.png', 'image/png', 'user', NULL, 1);
INSERT INTO avatar (id, filename, contenttype, avatartype, owner, systemavatar) VALUES (10048, 'Avatar-9.png', 'image/png', 'user', NULL, 1);
INSERT INTO avatar (id, filename, contenttype, avatartype, owner, systemavatar) VALUES (10049, 'Avatar-10.png', 'image/png', 'user', NULL, 1);
INSERT INTO avatar (id, filename, contenttype, avatartype, owner, systemavatar) VALUES (10050, 'Avatar-11.png', 'image/png', 'user', NULL, 1);
INSERT INTO avatar (id, filename, contenttype, avatartype, owner, systemavatar) VALUES (10051, 'Avatar-12.png', 'image/png', 'user', NULL, 1);
INSERT INTO avatar (id, filename, contenttype, avatartype, owner, systemavatar) VALUES (10052, 'Avatar-13.png', 'image/png', 'user', NULL, 1);
INSERT INTO avatar (id, filename, contenttype, avatartype, owner, systemavatar) VALUES (10053, 'Avatar-14.png', 'image/png', 'user', NULL, 1);
INSERT INTO avatar (id, filename, contenttype, avatartype, owner, systemavatar) VALUES (10054, 'Avatar-15.png', 'image/png', 'user', NULL, 1);
INSERT INTO avatar (id, filename, contenttype, avatartype, owner, systemavatar) VALUES (10055, 'Avatar-16.png', 'image/png', 'user', NULL, 1);
INSERT INTO avatar (id, filename, contenttype, avatartype, owner, systemavatar) VALUES (10056, 'Avatar-17.png', 'image/png', 'user', NULL, 1);
INSERT INTO avatar (id, filename, contenttype, avatartype, owner, systemavatar) VALUES (10057, 'Avatar-18.png', 'image/png', 'user', NULL, 1);
INSERT INTO avatar (id, filename, contenttype, avatartype, owner, systemavatar) VALUES (10058, 'Avatar-19.png', 'image/png', 'user', NULL, 1);
INSERT INTO avatar (id, filename, contenttype, avatartype, owner, systemavatar) VALUES (10059, 'Avatar-20.png', 'image/png', 'user', NULL, 1);
INSERT INTO avatar (id, filename, contenttype, avatartype, owner, systemavatar) VALUES (10060, 'Avatar-21.png', 'image/png', 'user', NULL, 1);
INSERT INTO avatar (id, filename, contenttype, avatartype, owner, systemavatar) VALUES (10061, 'Avatar-22.png', 'image/png', 'user', NULL, 1);
INSERT INTO avatar (id, filename, contenttype, avatartype, owner, systemavatar) VALUES (10062, 'Avatar-default.svg', 'image/svg+xml', 'user', NULL, 1);
INSERT INTO avatar (id, filename, contenttype, avatartype, owner, systemavatar) VALUES (10063, 'Avatar-unknown.png', 'image/png', 'user', NULL, 1);
INSERT INTO avatar (id, filename, contenttype, avatartype, owner, systemavatar) VALUES (10140, 'cloud.svg', 'image/svg+xml', 'project', NULL, 1);
INSERT INTO avatar (id, filename, contenttype, avatartype, owner, systemavatar) VALUES (10141, 'spanner.svg', 'image/svg+xml', 'project', NULL, 1);
INSERT INTO avatar (id, filename, contenttype, avatartype, owner, systemavatar) VALUES (10142, 'cd.svg', 'image/svg+xml', 'project', NULL, 1);
INSERT INTO avatar (id, filename, contenttype, avatartype, owner, systemavatar) VALUES (10143, 'money.svg', 'image/svg+xml', 'project', NULL, 1);
INSERT INTO avatar (id, filename, contenttype, avatartype, owner, systemavatar) VALUES (10144, 'mouse-hand.svg', 'image/svg+xml', 'project', NULL, 1);
INSERT INTO avatar (id, filename, contenttype, avatartype, owner, systemavatar) VALUES (10145, 'yeti.svg', 'image/svg+xml', 'project', NULL, 1);
INSERT INTO avatar (id, filename, contenttype, avatartype, owner, systemavatar) VALUES (10146, 'power.svg', 'image/svg+xml', 'project', NULL, 1);
INSERT INTO avatar (id, filename, contenttype, avatartype, owner, systemavatar) VALUES (10147, 'refresh.svg', 'image/svg+xml', 'project', NULL, 1);
INSERT INTO avatar (id, filename, contenttype, avatartype, owner, systemavatar) VALUES (10148, 'phone.svg', 'image/svg+xml', 'project', NULL, 1);
INSERT INTO avatar (id, filename, contenttype, avatartype, owner, systemavatar) VALUES (10149, 'settings.svg', 'image/svg+xml', 'project', NULL, 1);
INSERT INTO avatar (id, filename, contenttype, avatartype, owner, systemavatar) VALUES (10150, 'storm.svg', 'image/svg+xml', 'project', NULL, 1);
INSERT INTO avatar (id, filename, contenttype, avatartype, owner, systemavatar) VALUES (10151, 'plane.svg', 'image/svg+xml', 'project', NULL, 1);
INSERT INTO avatar (id, filename, contenttype, avatartype, owner, systemavatar) VALUES (10240, 'genericissue.svg', 'image/svg+xml', 'issuetype', NULL, 1);
INSERT INTO avatar (id, filename, contenttype, avatartype, owner, systemavatar) VALUES (10243, 'bug.svg', 'image/svg+xml', 'issuetype', NULL, 1);
INSERT INTO avatar (id, filename, contenttype, avatartype, owner, systemavatar) VALUES (10244, 'defect.svg', 'image/svg+xml', 'issuetype', NULL, 1);
INSERT INTO avatar (id, filename, contenttype, avatartype, owner, systemavatar) VALUES (10246, 'documentation.svg', 'image/svg+xml', 'issuetype', NULL, 1);
INSERT INTO avatar (id, filename, contenttype, avatartype, owner, systemavatar) VALUES (10247, 'epic.svg', 'image/svg+xml', 'issuetype', NULL, 1);
INSERT INTO avatar (id, filename, contenttype, avatartype, owner, systemavatar) VALUES (10248, 'exclamation.svg', 'image/svg+xml', 'issuetype', NULL, 1);
INSERT INTO avatar (id, filename, contenttype, avatartype, owner, systemavatar) VALUES (10249, 'design_task.svg', 'image/svg+xml', 'issuetype', NULL, 1);
INSERT INTO avatar (id, filename, contenttype, avatartype, owner, systemavatar) VALUES (10250, 'improvement.svg', 'image/svg+xml', 'issuetype', NULL, 1);
INSERT INTO avatar (id, filename, contenttype, avatartype, owner, systemavatar) VALUES (10251, 'newfeature.svg', 'image/svg+xml', 'issuetype', NULL, 1);
INSERT INTO avatar (id, filename, contenttype, avatartype, owner, systemavatar) VALUES (10252, 'remove_feature.svg', 'image/svg+xml', 'issuetype', NULL, 1);
INSERT INTO avatar (id, filename, contenttype, avatartype, owner, systemavatar) VALUES (10253, 'requirement.svg', 'image/svg+xml', 'issuetype', NULL, 1);
INSERT INTO avatar (id, filename, contenttype, avatartype, owner, systemavatar) VALUES (10254, 'sales.svg', 'image/svg+xml', 'issuetype', NULL, 1);
INSERT INTO avatar (id, filename, contenttype, avatartype, owner, systemavatar) VALUES (10255, 'story.svg', 'image/svg+xml', 'issuetype', NULL, 1);
INSERT INTO avatar (id, filename, contenttype, avatartype, owner, systemavatar) VALUES (10256, 'subtask.svg', 'image/svg+xml', 'issuetype', NULL, 1);
INSERT INTO avatar (id, filename, contenttype, avatartype, owner, systemavatar) VALUES (10258, 'task.svg', 'image/svg+xml', 'issuetype', NULL, 1);
INSERT INTO avatar (id, filename, contenttype, avatartype, owner, systemavatar) VALUES (10260, 'question.svg', 'image/svg+xml', 'issuetype', NULL, 1);
INSERT INTO avatar (id, filename, contenttype, avatartype, owner, systemavatar) VALUES (10261, 'development_task.svg', 'image/svg+xml', 'issuetype', NULL, 1);
INSERT INTO avatar (id, filename, contenttype, avatartype, owner, systemavatar) VALUES (10262, 'feedback.svg', 'image/svg+xml', 'issuetype', NULL, 1);
INSERT INTO avatar (id, filename, contenttype, avatartype, owner, systemavatar) VALUES (10263, 'request_access.svg', 'image/svg+xml', 'issuetype', NULL, 1);
INSERT INTO avatar (id, filename, contenttype, avatartype, owner, systemavatar) VALUES (10264, 'default.svg', 'image/svg+xml', 'project', NULL, 1);
INSERT INTO avatar (id, filename, contenttype, avatartype, owner, systemavatar) VALUES (10265, 'code.svg', 'image/svg+xml', 'project', NULL, 1);
INSERT INTO avatar (id, filename, contenttype, avatartype, owner, systemavatar) VALUES (10266, 'coffee.svg', 'image/svg+xml', 'project', NULL, 1);
INSERT INTO avatar (id, filename, contenttype, avatartype, owner, systemavatar) VALUES (10267, 'design.svg', 'image/svg+xml', 'project', NULL, 1);
INSERT INTO avatar (id, filename, contenttype, avatartype, owner, systemavatar) VALUES (10268, 'drill.svg', 'image/svg+xml', 'project', NULL, 1);
INSERT INTO avatar (id, filename, contenttype, avatartype, owner, systemavatar) VALUES (10269, 'food.svg', 'image/svg+xml', 'project', NULL, 1);
INSERT INTO avatar (id, filename, contenttype, avatartype, owner, systemavatar) VALUES (10270, 'notes.svg', 'image/svg+xml', 'project', NULL, 1);
INSERT INTO avatar (id, filename, contenttype, avatartype, owner, systemavatar) VALUES (10271, 'red-flag.svg', 'image/svg+xml', 'project', NULL, 1);
INSERT INTO avatar (id, filename, contenttype, avatartype, owner, systemavatar) VALUES (10272, 'science.svg', 'image/svg+xml', 'project', NULL, 1);
INSERT INTO avatar (id, filename, contenttype, avatartype, owner, systemavatar) VALUES (10273, 'support.svg', 'image/svg+xml', 'project', NULL, 1);
INSERT INTO avatar (id, filename, contenttype, avatartype, owner, systemavatar) VALUES (10274, 'bull.svg', 'image/svg+xml', 'user', NULL, 1);
INSERT INTO avatar (id, filename, contenttype, avatartype, owner, systemavatar) VALUES (10275, 'cat.svg', 'image/svg+xml', 'user', NULL, 1);
INSERT INTO avatar (id, filename, contenttype, avatartype, owner, systemavatar) VALUES (10276, 'dog.svg', 'image/svg+xml', 'user', NULL, 1);
INSERT INTO avatar (id, filename, contenttype, avatartype, owner, systemavatar) VALUES (10277, 'female_1.svg', 'image/svg+xml', 'user', NULL, 1);
INSERT INTO avatar (id, filename, contenttype, avatartype, owner, systemavatar) VALUES (10278, 'female_2.svg', 'image/svg+xml', 'user', NULL, 1);
INSERT INTO avatar (id, filename, contenttype, avatartype, owner, systemavatar) VALUES (10279, 'female_3.svg', 'image/svg+xml', 'user', NULL, 1);
INSERT INTO avatar (id, filename, contenttype, avatartype, owner, systemavatar) VALUES (10280, 'female_4.svg', 'image/svg+xml', 'user', NULL, 1);
INSERT INTO avatar (id, filename, contenttype, avatartype, owner, systemavatar) VALUES (10281, 'ghost.svg', 'image/svg+xml', 'user', NULL, 1);
INSERT INTO avatar (id, filename, contenttype, avatartype, owner, systemavatar) VALUES (10282, 'male_1.svg', 'image/svg+xml', 'user', NULL, 1);
INSERT INTO avatar (id, filename, contenttype, avatartype, owner, systemavatar) VALUES (10283, 'male_2.svg', 'image/svg+xml', 'user', NULL, 1);
INSERT INTO avatar (id, filename, contenttype, avatartype, owner, systemavatar) VALUES (10284, 'male_3.svg', 'image/svg+xml', 'user', NULL, 1);
INSERT INTO avatar (id, filename, contenttype, avatartype, owner, systemavatar) VALUES (10285, 'male_4.svg', 'image/svg+xml', 'user', NULL, 1);
INSERT INTO avatar (id, filename, contenttype, avatartype, owner, systemavatar) VALUES (10286, 'male_5.svg', 'image/svg+xml', 'user', NULL, 1);
INSERT INTO avatar (id, filename, contenttype, avatartype, owner, systemavatar) VALUES (10287, 'male_6.svg', 'image/svg+xml', 'user', NULL, 1);
INSERT INTO avatar (id, filename, contenttype, avatartype, owner, systemavatar) VALUES (10288, 'male_8.svg', 'image/svg+xml', 'user', NULL, 1);
INSERT INTO avatar (id, filename, contenttype, avatartype, owner, systemavatar) VALUES (10289, 'owl.svg', 'image/svg+xml', 'user', NULL, 1);
INSERT INTO avatar (id, filename, contenttype, avatartype, owner, systemavatar) VALUES (10290, 'pirate.svg', 'image/svg+xml', 'user', NULL, 1);
INSERT INTO avatar (id, filename, contenttype, avatartype, owner, systemavatar) VALUES (10291, 'robot.svg', 'image/svg+xml', 'user', NULL, 1);
INSERT INTO avatar (id, filename, contenttype, avatartype, owner, systemavatar) VALUES (10292, 'vampire.svg', 'image/svg+xml', 'user', NULL, 1);


--
-- Name: avatar_id_seq; Type: SEQUENCE SET; Schema: public; Owner: jira
--

SELECT pg_catalog.setval('avatar_id_seq', 10300, false);


--
-- Data for Name: board; Type: TABLE DATA; Schema: public; Owner: jira
--



--
-- Name: board_id_seq; Type: SEQUENCE SET; Schema: public; Owner: jira
--

SELECT pg_catalog.setval('board_id_seq', 10000, false);


--
-- Data for Name: boardproject; Type: TABLE DATA; Schema: public; Owner: jira
--



--
-- Data for Name: changegroup; Type: TABLE DATA; Schema: public; Owner: jira
--



--
-- Name: changegroup_id_seq; Type: SEQUENCE SET; Schema: public; Owner: jira
--

SELECT pg_catalog.setval('changegroup_id_seq', 10000, false);


--
-- Data for Name: changeitem; Type: TABLE DATA; Schema: public; Owner: jira
--



--
-- Name: changeitem_id_seq; Type: SEQUENCE SET; Schema: public; Owner: jira
--

SELECT pg_catalog.setval('changeitem_id_seq', 10000, false);


--
-- Data for Name: clusteredjob; Type: TABLE DATA; Schema: public; Owner: jira
--

INSERT INTO clusteredjob (id, job_id, job_runner_key, sched_type, interval_millis, first_run, cron_expression, time_zone, next_run, version, parameters) VALUES (10000, 'com.atlassian.jira.service.JiraService:10001', 'com.atlassian.jira.service.DefaultServiceManager', 'C', NULL, NULL, '0 0 1/12 * * ?', NULL, 1482235200000, 1, '\xaced000573720037636f6d2e676f6f676c652e636f6d6d6f6e2e636f6c6c6563742e496d6d757461626c6542694d61702453657269616c697a6564466f726d000000000000000002000078720035636f6d2e676f6f676c652e636f6d6d6f6e2e636f6c6c6563742e496d6d757461626c654d61702453657269616c697a6564466f726d00000000000000000200025b00046b6579737400135b4c6a6176612f6c616e672f4f626a6563743b5b000676616c75657371007e00027870757200135b4c6a6176612e6c616e672e4f626a6563743b90ce589f1073296c020000787000000001740033636f6d2e61746c61737369616e2e6a6972612e736572766963652e536572766963654d616e616765723a7365727669636549647571007e0004000000017372000e6a6176612e6c616e672e4c6f6e673b8be490cc8f23df0200014a000576616c7565787200106a6176612e6c616e672e4e756d62657286ac951d0b94e08b02000078700000000000002711');
INSERT INTO clusteredjob (id, job_id, job_runner_key, sched_type, interval_millis, first_run, cron_expression, time_zone, next_run, version, parameters) VALUES (10101, 'com.atlassian.jira.service.JiraService:10860', 'com.atlassian.jira.service.DefaultServiceManager', 'C', NULL, NULL, '0 0 1 * * ?', NULL, 1482278400000, 1, '\xaced000573720037636f6d2e676f6f676c652e636f6d6d6f6e2e636f6c6c6563742e496d6d757461626c6542694d61702453657269616c697a6564466f726d000000000000000002000078720035636f6d2e676f6f676c652e636f6d6d6f6e2e636f6c6c6563742e496d6d757461626c654d61702453657269616c697a6564466f726d00000000000000000200025b00046b6579737400135b4c6a6176612f6c616e672f4f626a6563743b5b000676616c75657371007e00027870757200135b4c6a6176612e6c616e672e4f626a6563743b90ce589f1073296c020000787000000001740033636f6d2e61746c61737369616e2e6a6972612e736572766963652e536572766963654d616e616765723a7365727669636549647571007e0004000000017372000e6a6176612e6c616e672e4c6f6e673b8be490cc8f23df0200014a000576616c7565787200106a6176612e6c616e672e4e756d62657286ac951d0b94e08b02000078700000000000002a6c');
INSERT INTO clusteredjob (id, job_id, job_runner_key, sched_type, interval_millis, first_run, cron_expression, time_zone, next_run, version, parameters) VALUES (10202, 'CompatibilityPluginScheduler.JobId.LocalPluginLicenseNotificationJob-job', 'CompatibilityPluginScheduler.JobRunnerKey.LocalPluginLicenseNotificationJob-job-handler', 'I', 86400000, 1482224303420, NULL, NULL, 1482310704240, 2, NULL);
INSERT INTO clusteredjob (id, job_id, job_runner_key, sched_type, interval_millis, first_run, cron_expression, time_zone, next_run, version, parameters) VALUES (10203, 'CompatibilityPluginScheduler.JobId.RemotePluginLicenseNotificationJob-job', 'CompatibilityPluginScheduler.JobRunnerKey.RemotePluginLicenseNotificationJob-job-handler', 'I', 86400000, 1482245819559, NULL, NULL, 1482245819559, 1, NULL);
INSERT INTO clusteredjob (id, job_id, job_runner_key, sched_type, interval_millis, first_run, cron_expression, time_zone, next_run, version, parameters) VALUES (10204, 'CompatibilityPluginScheduler.JobId.PluginRequestCheckJob-job', 'CompatibilityPluginScheduler.JobRunnerKey.PluginRequestCheckJob-job-handler', 'I', 3600000, 1482224303422, NULL, NULL, 1482227904252, 2, NULL);
INSERT INTO clusteredjob (id, job_id, job_runner_key, sched_type, interval_millis, first_run, cron_expression, time_zone, next_run, version, parameters) VALUES (10205, 'CompatibilityPluginScheduler.JobId.PluginUpdateCheckJob-job', 'CompatibilityPluginScheduler.JobRunnerKey.PluginUpdateCheckJob-job-handler', 'I', 86400000, 1482280501157, NULL, NULL, 1482280501157, 1, NULL);
INSERT INTO clusteredjob (id, job_id, job_runner_key, sched_type, interval_millis, first_run, cron_expression, time_zone, next_run, version, parameters) VALUES (10206, 'CompatibilityPluginScheduler.JobId.InstanceTopologyJob-job', 'CompatibilityPluginScheduler.JobRunnerKey.InstanceTopologyJob-job-handler', 'I', 86400000, 1482290144532, NULL, NULL, 1482290144532, 1, NULL);
INSERT INTO clusteredjob (id, job_id, job_runner_key, sched_type, interval_millis, first_run, cron_expression, time_zone, next_run, version, parameters) VALUES (10300, 'com.atlassian.jira.service.JiraService:10900', 'com.atlassian.jira.service.DefaultServiceManager', 'C', NULL, NULL, '34 16 3 * * ?', NULL, 1494897394000, 1, '\xaced000573720037636f6d2e676f6f676c652e636f6d6d6f6e2e636f6c6c6563742e496d6d757461626c6542694d61702453657269616c697a6564466f726d000000000000000002000078720035636f6d2e676f6f676c652e636f6d6d6f6e2e636f6c6c6563742e496d6d757461626c654d61702453657269616c697a6564466f726d00000000000000000200025b00046b6579737400135b4c6a6176612f6c616e672f4f626a6563743b5b000676616c75657371007e00027870757200135b4c6a6176612e6c616e672e4f626a6563743b90ce589f1073296c020000787000000001740033636f6d2e61746c61737369616e2e6a6972612e736572766963652e536572766963654d616e616765723a7365727669636549647571007e0004000000017372000e6a6176612e6c616e672e4c6f6e673b8be490cc8f23df0200014a000576616c7565787200106a6176612e6c616e672e4e756d62657286ac951d0b94e08b02000078700000000000002a94');
INSERT INTO clusteredjob (id, job_id, job_runner_key, sched_type, interval_millis, first_run, cron_expression, time_zone, next_run, version, parameters) VALUES (10301, 'com.atlassian.jira.service.JiraService:10901', 'com.atlassian.jira.service.DefaultServiceManager', 'C', NULL, NULL, '37 20 * * * ?', NULL, 1494843637000, 1, '\xaced000573720037636f6d2e676f6f676c652e636f6d6d6f6e2e636f6c6c6563742e496d6d757461626c6542694d61702453657269616c697a6564466f726d000000000000000002000078720035636f6d2e676f6f676c652e636f6d6d6f6e2e636f6c6c6563742e496d6d757461626c654d61702453657269616c697a6564466f726d00000000000000000200025b00046b6579737400135b4c6a6176612f6c616e672f4f626a6563743b5b000676616c75657371007e00027870757200135b4c6a6176612e6c616e672e4f626a6563743b90ce589f1073296c020000787000000001740033636f6d2e61746c61737369616e2e6a6972612e736572766963652e536572766963654d616e616765723a7365727669636549647571007e0004000000017372000e6a6176612e6c616e672e4c6f6e673b8be490cc8f23df0200014a000576616c7565787200106a6176612e6c616e672e4e756d62657286ac951d0b94e08b02000078700000000000002a95');
INSERT INTO clusteredjob (id, job_id, job_runner_key, sched_type, interval_millis, first_run, cron_expression, time_zone, next_run, version, parameters) VALUES (10306, 'com.atlassian.jira.task.adhoc.AdHocUpgradeJobRunner', 'com.atlassian.jira.task.adhoc.AdHocUpgradeJobRunner', 'I', 86400000, 1494903245870, NULL, NULL, 1494903245870, 1, NULL);
INSERT INTO clusteredjob (id, job_id, job_runner_key, sched_type, interval_millis, first_run, cron_expression, time_zone, next_run, version, parameters) VALUES (10307, 'com.atlassian.greenhopper.service.api.remote.CreationConversationCleaner', 'com.atlassian.greenhopper.service.api.remote.CreationConversationCleaner', 'C', NULL, NULL, '0 0 0 * * ?', NULL, 1494885600000, 1, NULL);
INSERT INTO clusteredjob (id, job_id, job_runner_key, sched_type, interval_millis, first_run, cron_expression, time_zone, next_run, version, parameters) VALUES (10305, 'com.atlassian.jira.scheduler.CleanRunDetailsJobRunner', 'com.atlassian.jira.scheduler.CleanRunDetailsJobRunner', 'I', 604800000, NULL, NULL, NULL, 1495445271542, 2, NULL);
INSERT INTO clusteredjob (id, job_id, job_runner_key, sched_type, interval_millis, first_run, cron_expression, time_zone, next_run, version, parameters) VALUES (10308, '24ec482d-9c69-43bd-bcdf-13e619147a0c-CrowdDirectorySynchroniserJobRunner', '24ec482d-9c69-43bd-bcdf-13e619147a0c-CrowdDirectorySynchroniserJobRunner', 'I', 3600000, 1494843658229, NULL, NULL, 1494843658229, 1, NULL);
INSERT INTO clusteredjob (id, job_id, job_runner_key, sched_type, interval_millis, first_run, cron_expression, time_zone, next_run, version, parameters) VALUES (10309, 'com.atlassian.jira.web.action.issue.DefaultTemporaryWebAttachmentsMonitor', 'com.atlassian.jira.web.action.issue.DefaultTemporaryWebAttachmentsMonitor', 'I', 3600000, 1494844071674, NULL, NULL, 1494844071674, 1, NULL);
INSERT INTO clusteredjob (id, job_id, job_runner_key, sched_type, interval_millis, first_run, cron_expression, time_zone, next_run, version, parameters) VALUES (10310, 'com.atlassian.jira.task.progress.CompleteTasksCleanupJob', 'com.atlassian.jira.task.progress.CompleteTasksCleanupJob', 'I', 1209600000, NULL, NULL, NULL, 1496050071684, 2, NULL);
INSERT INTO clusteredjob (id, job_id, job_runner_key, sched_type, interval_millis, first_run, cron_expression, time_zone, next_run, version, parameters) VALUES (10312, 'CompatibilityPluginScheduler.JobId.Service Provider Session Remover', 'CompatibilityPluginScheduler.JobRunnerKey.Service Provider Session Remover', 'I', 28800000, 1494869271686, NULL, NULL, 1494869271686, 1, NULL);
INSERT INTO clusteredjob (id, job_id, job_runner_key, sched_type, interval_millis, first_run, cron_expression, time_zone, next_run, version, parameters) VALUES (10311, 'com.atlassian.jira.user.UserHistoryDatabaseCompactor', 'com.atlassian.jira.user.UserHistoryDatabaseCompactor', 'I', 86400000, NULL, NULL, NULL, 1494926871686, 2, NULL);
INSERT INTO clusteredjob (id, job_id, job_runner_key, sched_type, interval_millis, first_run, cron_expression, time_zone, next_run, version, parameters) VALUES (10313, 'data-provider-cleanup', 'com.atlassian.jira.plugin.devstatus.provider.DataProviderCleanupJob', 'I', 1800000, 1494842271732, NULL, NULL, 1494842271732, 1, NULL);
INSERT INTO clusteredjob (id, job_id, job_runner_key, sched_type, interval_millis, first_run, cron_expression, time_zone, next_run, version, parameters) VALUES (10314, 'com.atlassian.jira.plugins.dvcs.scheduler.DvcsScheduler:job', 'com.atlassian.jira.plugins.dvcs.scheduler.DvcsScheduler', 'I', 3600000, 1494843178615, NULL, NULL, 1494843178615, 1, NULL);


--
-- Name: clusteredjob_id_seq; Type: SEQUENCE SET; Schema: public; Owner: jira
--

SELECT pg_catalog.setval('clusteredjob_id_seq', 10314, true);


--
-- Data for Name: clusterlockstatus; Type: TABLE DATA; Schema: public; Owner: jira
--



--
-- Name: clusterlockstatus_id_seq; Type: SEQUENCE SET; Schema: public; Owner: jira
--

SELECT pg_catalog.setval('clusterlockstatus_id_seq', 10000, false);


--
-- Data for Name: clustermessage; Type: TABLE DATA; Schema: public; Owner: jira
--



--
-- Name: clustermessage_id_seq; Type: SEQUENCE SET; Schema: public; Owner: jira
--

SELECT pg_catalog.setval('clustermessage_id_seq', 10000, false);


--
-- Data for Name: clusternode; Type: TABLE DATA; Schema: public; Owner: jira
--



--
-- Data for Name: clusternodeheartbeat; Type: TABLE DATA; Schema: public; Owner: jira
--



--
-- Data for Name: columnlayout; Type: TABLE DATA; Schema: public; Owner: jira
--



--
-- Name: columnlayout_id_seq; Type: SEQUENCE SET; Schema: public; Owner: jira
--

SELECT pg_catalog.setval('columnlayout_id_seq', 10000, false);


--
-- Data for Name: columnlayoutitem; Type: TABLE DATA; Schema: public; Owner: jira
--



--
-- Name: columnlayoutitem_id_seq; Type: SEQUENCE SET; Schema: public; Owner: jira
--

SELECT pg_catalog.setval('columnlayoutitem_id_seq', 10000, false);


--
-- Data for Name: component; Type: TABLE DATA; Schema: public; Owner: jira
--



--
-- Name: component_id_seq; Type: SEQUENCE SET; Schema: public; Owner: jira
--

SELECT pg_catalog.setval('component_id_seq', 10000, false);


--
-- Data for Name: configurationcontext; Type: TABLE DATA; Schema: public; Owner: jira
--

INSERT INTO configurationcontext (id, projectcategory, project, customfield, fieldconfigscheme) VALUES (10000, NULL, NULL, 'issuetype', 10000);
INSERT INTO configurationcontext (id, projectcategory, project, customfield, fieldconfigscheme) VALUES (10010, NULL, NULL, 'customfield_10000', 10010);
INSERT INTO configurationcontext (id, projectcategory, project, customfield, fieldconfigscheme) VALUES (10011, NULL, NULL, 'customfield_10001', 10011);
INSERT INTO configurationcontext (id, projectcategory, project, customfield, fieldconfigscheme) VALUES (10012, NULL, NULL, 'customfield_10002', 10012);
INSERT INTO configurationcontext (id, projectcategory, project, customfield, fieldconfigscheme) VALUES (10013, NULL, NULL, 'customfield_10003', 10013);
INSERT INTO configurationcontext (id, projectcategory, project, customfield, fieldconfigscheme) VALUES (10014, NULL, NULL, 'customfield_10004', 10014);
INSERT INTO configurationcontext (id, projectcategory, project, customfield, fieldconfigscheme) VALUES (10015, NULL, NULL, 'customfield_10005', 10015);
INSERT INTO configurationcontext (id, projectcategory, project, customfield, fieldconfigscheme) VALUES (10016, NULL, NULL, 'customfield_10006', 10016);
INSERT INTO configurationcontext (id, projectcategory, project, customfield, fieldconfigscheme) VALUES (10017, NULL, NULL, 'customfield_10007', 10017);
INSERT INTO configurationcontext (id, projectcategory, project, customfield, fieldconfigscheme) VALUES (10018, NULL, NULL, 'customfield_10008', 10018);
INSERT INTO configurationcontext (id, projectcategory, project, customfield, fieldconfigscheme) VALUES (10019, NULL, NULL, 'customfield_10009', 10019);
INSERT INTO configurationcontext (id, projectcategory, project, customfield, fieldconfigscheme) VALUES (10100, NULL, NULL, 'customfield_10100', 10100);
INSERT INTO configurationcontext (id, projectcategory, project, customfield, fieldconfigscheme) VALUES (10101, NULL, NULL, 'customfield_10101', 10101);
INSERT INTO configurationcontext (id, projectcategory, project, customfield, fieldconfigscheme) VALUES (10102, NULL, NULL, 'customfield_10102', 10102);
INSERT INTO configurationcontext (id, projectcategory, project, customfield, fieldconfigscheme) VALUES (10103, NULL, NULL, 'customfield_10103', 10103);
INSERT INTO configurationcontext (id, projectcategory, project, customfield, fieldconfigscheme) VALUES (10104, NULL, NULL, 'customfield_10104', 10104);
INSERT INTO configurationcontext (id, projectcategory, project, customfield, fieldconfigscheme) VALUES (10105, NULL, NULL, 'customfield_10105', 10105);
INSERT INTO configurationcontext (id, projectcategory, project, customfield, fieldconfigscheme) VALUES (10106, NULL, NULL, 'customfield_10106', 10106);


--
-- Name: configurationcontext_id_seq; Type: SEQUENCE SET; Schema: public; Owner: jira
--

SELECT pg_catalog.setval('configurationcontext_id_seq', 10106, true);


--
-- Data for Name: connect_addons_f4ed3a; Type: TABLE DATA; Schema: public; Owner: jira
--



--
-- Data for Name: connect_addon_dependencies_f4ed3a; Type: TABLE DATA; Schema: public; Owner: jira
--



--
-- Data for Name: connect_addon_descriptors_f4ed3a; Type: TABLE DATA; Schema: public; Owner: jira
--



--
-- Data for Name: connect_addon_listings_f4ed3a; Type: TABLE DATA; Schema: public; Owner: jira
--



--
-- Data for Name: connect_addon_remnant_f4ed3a; Type: TABLE DATA; Schema: public; Owner: jira
--



--
-- Data for Name: connect_addon_scopes_f4ed3a; Type: TABLE DATA; Schema: public; Owner: jira
--



--
-- Data for Name: connect_plugin_modules_f4ed3a; Type: TABLE DATA; Schema: public; Owner: jira
--



--
-- Data for Name: customfield; Type: TABLE DATA; Schema: public; Owner: jira
--

INSERT INTO customfield (id, cfkey, customfieldtypekey, customfieldsearcherkey, cfname, description, defaultvalue, fieldtype, project, issuetype) VALUES (10001, NULL, 'com.atlassian.bonfire.plugin:bonfire-session-cft', 'com.atlassian.bonfire.plugin:bonfire-session-searcher', 'Raised During', 'This Custom Field is created programmatically by JIRA Capture.', NULL, NULL, NULL, NULL);
INSERT INTO customfield (id, cfkey, customfieldtypekey, customfieldsearcherkey, cfname, description, defaultvalue, fieldtype, project, issuetype) VALUES (10002, NULL, 'com.atlassian.bonfire.plugin:bonfire-text', 'com.atlassian.jira.plugin.system.customfieldtypes:textsearcher', 'JIRA Capture User Agent', 'This Custom Field is created programatically by JIRA Capture.', NULL, NULL, NULL, NULL);
INSERT INTO customfield (id, cfkey, customfieldtypekey, customfieldsearcherkey, cfname, description, defaultvalue, fieldtype, project, issuetype) VALUES (10003, NULL, 'com.atlassian.bonfire.plugin:bonfire-text', 'com.atlassian.jira.plugin.system.customfieldtypes:textsearcher', 'JIRA Capture Browser', 'This Custom Field is created programatically by JIRA Capture.', NULL, NULL, NULL, NULL);
INSERT INTO customfield (id, cfkey, customfieldtypekey, customfieldsearcherkey, cfname, description, defaultvalue, fieldtype, project, issuetype) VALUES (10004, NULL, 'com.atlassian.bonfire.plugin:bonfire-text', 'com.atlassian.jira.plugin.system.customfieldtypes:textsearcher', 'JIRA Capture Operating System', 'This Custom Field is created programatically by JIRA Capture.', NULL, NULL, NULL, NULL);
INSERT INTO customfield (id, cfkey, customfieldtypekey, customfieldsearcherkey, cfname, description, defaultvalue, fieldtype, project, issuetype) VALUES (10005, NULL, 'com.atlassian.bonfire.plugin:bonfire-text', 'com.atlassian.jira.plugin.system.customfieldtypes:textsearcher', 'JIRA Capture URL', 'This Custom Field is created programatically by JIRA Capture.', NULL, NULL, NULL, NULL);
INSERT INTO customfield (id, cfkey, customfieldtypekey, customfieldsearcherkey, cfname, description, defaultvalue, fieldtype, project, issuetype) VALUES (10006, NULL, 'com.atlassian.bonfire.plugin:bonfire-text', 'com.atlassian.jira.plugin.system.customfieldtypes:textsearcher', 'JIRA Capture Screen Resolution', 'This Custom Field is created programatically by JIRA Capture.', NULL, NULL, NULL, NULL);
INSERT INTO customfield (id, cfkey, customfieldtypekey, customfieldsearcherkey, cfname, description, defaultvalue, fieldtype, project, issuetype) VALUES (10007, NULL, 'com.atlassian.bonfire.plugin:bonfire-text', 'com.atlassian.jira.plugin.system.customfieldtypes:textsearcher', 'JIRA Capture jQuery Version', 'This Custom Field is created programatically by JIRA Capture.', NULL, NULL, NULL, NULL);
INSERT INTO customfield (id, cfkey, customfieldtypekey, customfieldsearcherkey, cfname, description, defaultvalue, fieldtype, project, issuetype) VALUES (10008, NULL, 'com.atlassian.bonfire.plugin:bonfire-text', 'com.atlassian.jira.plugin.system.customfieldtypes:textsearcher', 'JIRA Capture Document Mode', 'This Custom Field is created programatically by JIRA Capture.', NULL, NULL, NULL, NULL);
INSERT INTO customfield (id, cfkey, customfieldtypekey, customfieldsearcherkey, cfname, description, defaultvalue, fieldtype, project, issuetype) VALUES (10009, NULL, 'com.atlassian.bonfire.plugin:bonfire-testing-status-cft', 'com.atlassian.bonfire.plugin:bonfire-testingstatus-searcher', 'Testing Status', 'This Custom Field is created programmatically by JIRA Capture.', NULL, NULL, NULL, NULL);
INSERT INTO customfield (id, cfkey, customfieldtypekey, customfieldsearcherkey, cfname, description, defaultvalue, fieldtype, project, issuetype) VALUES (10000, NULL, 'com.atlassian.bonfire.plugin:bonfire-multi-session-cft', 'com.atlassian.bonfire.plugin:bonfire-session-searcher', 'Test Sessions', 'This Custom Field is created programmatically by JIRA Capture.', NULL, NULL, NULL, NULL);
INSERT INTO customfield (id, cfkey, customfieldtypekey, customfieldsearcherkey, cfname, description, defaultvalue, fieldtype, project, issuetype) VALUES (10100, NULL, 'com.atlassian.jira.plugins.jira-development-integration-plugin:devsummarycf', 'com.atlassian.jira.plugins.jira-development-integration-plugin:devsummarysearcher', 'development', 'Includes development summary panel information used in JQL', NULL, NULL, NULL, NULL);
INSERT INTO customfield (id, cfkey, customfieldtypekey, customfieldsearcherkey, cfname, description, defaultvalue, fieldtype, project, issuetype) VALUES (10101, NULL, 'com.pyxis.greenhopper.jira:gh-epic-label', 'com.pyxis.greenhopper.jira:gh-epic-label-searcher', 'Epic Name', 'Provide a short name to identify this epic.', NULL, NULL, NULL, NULL);
INSERT INTO customfield (id, cfkey, customfieldtypekey, customfieldsearcherkey, cfname, description, defaultvalue, fieldtype, project, issuetype) VALUES (10102, NULL, 'com.pyxis.greenhopper.jira:gh-epic-status', 'com.pyxis.greenhopper.jira:gh-epic-status-searcher', 'Epic Status', 'Epic Status field for JIRA Software use only.', NULL, NULL, NULL, NULL);
INSERT INTO customfield (id, cfkey, customfieldtypekey, customfieldsearcherkey, cfname, description, defaultvalue, fieldtype, project, issuetype) VALUES (10103, NULL, 'com.pyxis.greenhopper.jira:gh-epic-color', 'com.pyxis.greenhopper.jira:gh-epic-color-searcher', 'Epic Colour', 'Epic Colour field for JIRA Software use only.', NULL, NULL, NULL, NULL);
INSERT INTO customfield (id, cfkey, customfieldtypekey, customfieldsearcherkey, cfname, description, defaultvalue, fieldtype, project, issuetype) VALUES (10104, NULL, 'com.pyxis.greenhopper.jira:gh-epic-link', 'com.pyxis.greenhopper.jira:gh-epic-link-searcher', 'Epic Link', 'Choose an epic to assign this issue to.', NULL, NULL, NULL, NULL);
INSERT INTO customfield (id, cfkey, customfieldtypekey, customfieldsearcherkey, cfname, description, defaultvalue, fieldtype, project, issuetype) VALUES (10105, NULL, 'com.pyxis.greenhopper.jira:gh-sprint', 'com.pyxis.greenhopper.jira:gh-sprint-searcher', 'Sprint', 'JIRA Software sprint field', NULL, NULL, NULL, NULL);
INSERT INTO customfield (id, cfkey, customfieldtypekey, customfieldsearcherkey, cfname, description, defaultvalue, fieldtype, project, issuetype) VALUES (10106, NULL, 'com.pyxis.greenhopper.jira:gh-lexo-rank', 'com.pyxis.greenhopper.jira:gh-lexo-rank-searcher', 'Rank', 'Global rank field for JIRA Software use only.', NULL, NULL, NULL, NULL);


--
-- Name: customfield_id_seq; Type: SEQUENCE SET; Schema: public; Owner: jira
--

SELECT pg_catalog.setval('customfield_id_seq', 10106, true);


--
-- Data for Name: customfieldoption; Type: TABLE DATA; Schema: public; Owner: jira
--

INSERT INTO customfieldoption (id, customfield, customfieldconfig, parentoptionid, sequence, customvalue, optiontype, disabled) VALUES (10000, 10102, 10102, NULL, 0, 'To Do', NULL, 'N');
INSERT INTO customfieldoption (id, customfield, customfieldconfig, parentoptionid, sequence, customvalue, optiontype, disabled) VALUES (10001, 10102, 10102, NULL, 1, 'In Progress', NULL, 'N');
INSERT INTO customfieldoption (id, customfield, customfieldconfig, parentoptionid, sequence, customvalue, optiontype, disabled) VALUES (10002, 10102, 10102, NULL, 2, 'Done', NULL, 'N');


--
-- Name: customfieldoption_id_seq; Type: SEQUENCE SET; Schema: public; Owner: jira
--

SELECT pg_catalog.setval('customfieldoption_id_seq', 10002, true);


--
-- Data for Name: customfieldvalue; Type: TABLE DATA; Schema: public; Owner: jira
--

INSERT INTO customfieldvalue (id, issue, customfield, parentkey, stringvalue, numbervalue, textvalue, datevalue, valuetype) VALUES (10000, 10000, 10000, NULL, NULL, NULL, '10004, ', NULL, NULL);


--
-- Name: customfieldvalue_id_seq; Type: SEQUENCE SET; Schema: public; Owner: jira
--

SELECT pg_catalog.setval('customfieldvalue_id_seq', 10100, false);


--
-- Data for Name: cwd_application; Type: TABLE DATA; Schema: public; Owner: jira
--

INSERT INTO cwd_application (id, application_name, lower_application_name, created_date, updated_date, active, description, application_type, credential) VALUES (1, 'crowd-embedded', 'crowd-embedded', '2011-09-15 10:24:40.349+00', '2011-09-15 10:24:40.349+00', 1, '', 'CROWD', 'X');


--
-- Data for Name: cwd_application_address; Type: TABLE DATA; Schema: public; Owner: jira
--



--
-- Name: cwd_application_id_seq; Type: SEQUENCE SET; Schema: public; Owner: jira
--

SELECT pg_catalog.setval('cwd_application_id_seq', 10000, false);


--
-- Data for Name: cwd_directory; Type: TABLE DATA; Schema: public; Owner: jira
--

INSERT INTO cwd_directory (id, directory_name, lower_directory_name, created_date, updated_date, active, description, impl_class, lower_impl_class, directory_type, directory_position) VALUES (1, 'JIRA Internal Directory', 'jira internal directory', '2011-09-15 10:24:40.351+00', '2011-09-15 10:24:40.351+00', 1, 'JIRA default internal directory', 'com.atlassian.crowd.directory.InternalDirectory', 'com.atlassian.crowd.directory.internaldirectory', 'INTERNAL', 0);


--
-- Data for Name: cwd_directory_attribute; Type: TABLE DATA; Schema: public; Owner: jira
--

INSERT INTO cwd_directory_attribute (directory_id, attribute_name, attribute_value) VALUES (1, 'user_encryption_method', 'atlassian-security');


--
-- Name: cwd_directory_id_seq; Type: SEQUENCE SET; Schema: public; Owner: jira
--

SELECT pg_catalog.setval('cwd_directory_id_seq', 10000, false);


--
-- Data for Name: cwd_directory_operation; Type: TABLE DATA; Schema: public; Owner: jira
--

INSERT INTO cwd_directory_operation (directory_id, operation_type) VALUES (1, 'CREATE_GROUP');
INSERT INTO cwd_directory_operation (directory_id, operation_type) VALUES (1, 'CREATE_ROLE');
INSERT INTO cwd_directory_operation (directory_id, operation_type) VALUES (1, 'CREATE_USER');
INSERT INTO cwd_directory_operation (directory_id, operation_type) VALUES (1, 'DELETE_GROUP');
INSERT INTO cwd_directory_operation (directory_id, operation_type) VALUES (1, 'DELETE_ROLE');
INSERT INTO cwd_directory_operation (directory_id, operation_type) VALUES (1, 'DELETE_USER');
INSERT INTO cwd_directory_operation (directory_id, operation_type) VALUES (1, 'UPDATE_GROUP');
INSERT INTO cwd_directory_operation (directory_id, operation_type) VALUES (1, 'UPDATE_GROUP_ATTRIBUTE');
INSERT INTO cwd_directory_operation (directory_id, operation_type) VALUES (1, 'UPDATE_ROLE');
INSERT INTO cwd_directory_operation (directory_id, operation_type) VALUES (1, 'UPDATE_ROLE_ATTRIBUTE');
INSERT INTO cwd_directory_operation (directory_id, operation_type) VALUES (1, 'UPDATE_USER');
INSERT INTO cwd_directory_operation (directory_id, operation_type) VALUES (1, 'UPDATE_USER_ATTRIBUTE');


--
-- Data for Name: cwd_group; Type: TABLE DATA; Schema: public; Owner: jira
--

INSERT INTO cwd_group (id, group_name, lower_group_name, active, local, created_date, updated_date, description, lower_description, group_type, directory_id) VALUES (10000, 'jira-administrators', 'jira-administrators', 1, 0, '2011-09-15 10:24:40.355+00', '2011-09-15 10:24:40.355+00', '', NULL, 'GROUP', 1);
INSERT INTO cwd_group (id, group_name, lower_group_name, active, local, created_date, updated_date, description, lower_description, group_type, directory_id) VALUES (10001, 'jira-developers', 'jira-developers', 1, 0, '2011-09-15 10:24:40.355+00', '2011-09-15 10:24:40.355+00', '', NULL, 'GROUP', 1);
INSERT INTO cwd_group (id, group_name, lower_group_name, active, local, created_date, updated_date, description, lower_description, group_type, directory_id) VALUES (10002, 'jira-users', 'jira-users', 1, 0, '2011-09-15 10:24:40.355+00', '2011-09-15 10:24:40.355+00', '', NULL, 'GROUP', 1);


--
-- Data for Name: cwd_group_attributes; Type: TABLE DATA; Schema: public; Owner: jira
--



--
-- Name: cwd_group_attributes_id_seq; Type: SEQUENCE SET; Schema: public; Owner: jira
--

SELECT pg_catalog.setval('cwd_group_attributes_id_seq', 10000, false);


--
-- Name: cwd_group_id_seq; Type: SEQUENCE SET; Schema: public; Owner: jira
--

SELECT pg_catalog.setval('cwd_group_id_seq', 10100, false);


--
-- Data for Name: cwd_membership; Type: TABLE DATA; Schema: public; Owner: jira
--

INSERT INTO cwd_membership (id, parent_id, child_id, membership_type, group_type, parent_name, lower_parent_name, child_name, lower_child_name, directory_id) VALUES (10000, 10000, 10000, 'GROUP_USER', NULL, 'jira-administrators', 'jira-administrators', 'admin', 'admin', 1);
INSERT INTO cwd_membership (id, parent_id, child_id, membership_type, group_type, parent_name, lower_parent_name, child_name, lower_child_name, directory_id) VALUES (10001, 10001, 10000, 'GROUP_USER', NULL, 'jira-developers', 'jira-developers', 'admin', 'admin', 1);
INSERT INTO cwd_membership (id, parent_id, child_id, membership_type, group_type, parent_name, lower_parent_name, child_name, lower_child_name, directory_id) VALUES (10002, 10002, 10000, 'GROUP_USER', NULL, 'jira-users', 'jira-users', 'admin', 'admin', 1);
INSERT INTO cwd_membership (id, parent_id, child_id, membership_type, group_type, parent_name, lower_parent_name, child_name, lower_child_name, directory_id) VALUES (10010, 10002, 10010, 'GROUP_USER', NULL, 'jira-users', 'jira-users', 'farnsworth', 'farnsworth', 1);
INSERT INTO cwd_membership (id, parent_id, child_id, membership_type, group_type, parent_name, lower_parent_name, child_name, lower_child_name, directory_id) VALUES (10011, 10002, 10011, 'GROUP_USER', NULL, 'jira-users', 'jira-users', 'fry', 'fry', 1);
INSERT INTO cwd_membership (id, parent_id, child_id, membership_type, group_type, parent_name, lower_parent_name, child_name, lower_child_name, directory_id) VALUES (10012, 10001, 10011, 'GROUP_USER', NULL, 'jira-developers', 'jira-developers', 'fry', 'fry', 1);
INSERT INTO cwd_membership (id, parent_id, child_id, membership_type, group_type, parent_name, lower_parent_name, child_name, lower_child_name, directory_id) VALUES (10013, 10001, 10010, 'GROUP_USER', NULL, 'jira-developers', 'jira-developers', 'farnsworth', 'farnsworth', 1);


--
-- Name: cwd_membership_id_seq; Type: SEQUENCE SET; Schema: public; Owner: jira
--

SELECT pg_catalog.setval('cwd_membership_id_seq', 10100, false);


--
-- Data for Name: cwd_user; Type: TABLE DATA; Schema: public; Owner: jira
--

INSERT INTO cwd_user (id, directory_id, user_name, lower_user_name, active, created_date, updated_date, first_name, lower_first_name, last_name, lower_last_name, display_name, lower_display_name, email_address, lower_email_address, credential, deleted_externally, external_id, localservicedeskuser) VALUES (10000, 1, 'admin', 'admin', 1, '2011-09-15 10:24:40.356+00', '2011-09-15 10:24:40.356+00', '', '', '', '', 'admin', 'admin', 'admin@example.com', 'admin@example.com', '{PKCS5S2}E7pEj2Vbkt/d/5A26tG/yQpVO0EPB8OHeBgkmaR23pz8n3tt6FF3SlQneqC54kr2', NULL, '1b65073b-b081-4347-b9c9-8cf52d3e727d', NULL);
INSERT INTO cwd_user (id, directory_id, user_name, lower_user_name, active, created_date, updated_date, first_name, lower_first_name, last_name, lower_last_name, display_name, lower_display_name, email_address, lower_email_address, credential, deleted_externally, external_id, localservicedeskuser) VALUES (10010, 1, 'farnsworth', 'farnsworth', 1, '2011-09-15 10:24:40.356+00', '2011-09-15 10:24:40.356+00', '', '', '', '', 'Prof. Hubert J. Farnsworth', 'prof. hubert j. farnsworth', 'farnsworth@example.com', 'farnsworth@example.com', 'au6I+HsZ8qyI6Rz87A2hmTaVvG2FT/y5swAKOe/9I5h7oK1uR3pFyTxc4zQK4jUZVo8Z00CZlt99h/Z/yWmIgQ==', NULL, '6c526606-62a0-477a-a705-116f7331c67e', NULL);
INSERT INTO cwd_user (id, directory_id, user_name, lower_user_name, active, created_date, updated_date, first_name, lower_first_name, last_name, lower_last_name, display_name, lower_display_name, email_address, lower_email_address, credential, deleted_externally, external_id, localservicedeskuser) VALUES (10011, 1, 'fry', 'fry', 1, '2011-09-15 10:24:40.357+00', '2011-09-15 10:24:40.357+00', '', '', '', '', 'Phillip J. Fry', 'phillip j. fry', 'fry@example.com', 'fry@example.com', '03gJ6QWsZlt/IqeMMeHn5iOc++Wn/eqAfiGN7y2J6d486rLUqVfomB9qBKQbCtUuUhJqQLGdcQcSAv7T124gXA==', NULL, '44606a8b-44b6-4e28-b58b-cd2283bd4d63', NULL);


--
-- Data for Name: cwd_user_attributes; Type: TABLE DATA; Schema: public; Owner: jira
--

INSERT INTO cwd_user_attributes (id, user_id, directory_id, attribute_name, attribute_value, lower_attribute_value) VALUES (10085, 10011, 1, 'login.currentFailedCount', '0', '0');
INSERT INTO cwd_user_attributes (id, user_id, directory_id, attribute_name, attribute_value, lower_attribute_value) VALUES (10086, 10011, 1, 'login.lastLoginMillis', '1309337553190', '1309337553190');
INSERT INTO cwd_user_attributes (id, user_id, directory_id, attribute_name, attribute_value, lower_attribute_value) VALUES (10087, 10011, 1, 'login.count', '2', '2');
INSERT INTO cwd_user_attributes (id, user_id, directory_id, attribute_name, attribute_value, lower_attribute_value) VALUES (10091, 10011, 1, 'login.previousLoginMillis', '1309336957170', '1309336957170');
INSERT INTO cwd_user_attributes (id, user_id, directory_id, attribute_name, attribute_value, lower_attribute_value) VALUES (10407, 10000, 1, 'invalidPasswordAttempts', '0', '0');
INSERT INTO cwd_user_attributes (id, user_id, directory_id, attribute_name, attribute_value, lower_attribute_value) VALUES (10408, 10000, 1, 'requiresPasswordChange', 'false', 'false');
INSERT INTO cwd_user_attributes (id, user_id, directory_id, attribute_name, attribute_value, lower_attribute_value) VALUES (10410, 10000, 1, 'login.currentFailedCount', '0', '0');
INSERT INTO cwd_user_attributes (id, user_id, directory_id, attribute_name, attribute_value, lower_attribute_value) VALUES (10409, 10000, 1, 'lastAuthenticated', '1494840471853', '1494840471853');
INSERT INTO cwd_user_attributes (id, user_id, directory_id, attribute_name, attribute_value, lower_attribute_value) VALUES (10411, 10000, 1, 'login.lastLoginMillis', '1494840471863', '1494840471863');
INSERT INTO cwd_user_attributes (id, user_id, directory_id, attribute_name, attribute_value, lower_attribute_value) VALUES (10412, 10000, 1, 'login.previousLoginMillis', '1482224321419', '1482224321419');
INSERT INTO cwd_user_attributes (id, user_id, directory_id, attribute_name, attribute_value, lower_attribute_value) VALUES (10413, 10000, 1, 'login.count', '18', '18');


--
-- Name: cwd_user_attributes_id_seq; Type: SEQUENCE SET; Schema: public; Owner: jira
--

SELECT pg_catalog.setval('cwd_user_attributes_id_seq', 10500, false);


--
-- Name: cwd_user_id_seq; Type: SEQUENCE SET; Schema: public; Owner: jira
--

SELECT pg_catalog.setval('cwd_user_id_seq', 10100, false);


--
-- Data for Name: deadletter; Type: TABLE DATA; Schema: public; Owner: jira
--



--
-- Name: deadletter_id_seq; Type: SEQUENCE SET; Schema: public; Owner: jira
--

SELECT pg_catalog.setval('deadletter_id_seq', 10000, false);


--
-- Data for Name: draftworkflowscheme; Type: TABLE DATA; Schema: public; Owner: jira
--



--
-- Name: draftworkflowscheme_id_seq; Type: SEQUENCE SET; Schema: public; Owner: jira
--

SELECT pg_catalog.setval('draftworkflowscheme_id_seq', 10000, false);


--
-- Data for Name: draftworkflowschemeentity; Type: TABLE DATA; Schema: public; Owner: jira
--



--
-- Name: draftworkflowschemeentity_id_seq; Type: SEQUENCE SET; Schema: public; Owner: jira
--

SELECT pg_catalog.setval('draftworkflowschemeentity_id_seq', 10000, false);


--
-- Data for Name: entity_property; Type: TABLE DATA; Schema: public; Owner: jira
--

INSERT INTO entity_property (id, entity_name, entity_id, property_key, created, updated, json_value) VALUES (10000, 'DashboardItemProperty', 10001, 'config', '2017-05-15 09:27:50.645+00', '2017-05-15 09:27:50.645+00', '{"isConfigured":"true","numofentries":"5","keys":"__all_projects__","title":"bonfire-rest-data.xml"}');
INSERT INTO entity_property (id, entity_name, entity_id, property_key, created, updated, json_value) VALUES (10001, 'DashboardItemProperty', 10002, 'config', '2017-05-15 09:27:50.647+00', '2017-05-15 09:27:50.647+00', '{"isConfigured":"true"}');
INSERT INTO entity_property (id, entity_name, entity_id, property_key, created, updated, json_value) VALUES (10002, 'DashboardItemProperty', 10003, 'config', '2017-05-15 09:27:50.648+00', '2017-05-15 09:27:50.648+00', '{"isConfigured":"true"}');


--
-- Name: entity_property_id_seq; Type: SEQUENCE SET; Schema: public; Owner: jira
--

SELECT pg_catalog.setval('entity_property_id_seq', 10002, true);


--
-- Data for Name: entity_property_index; Type: TABLE DATA; Schema: public; Owner: jira
--



--
-- Data for Name: entity_property_index_document; Type: TABLE DATA; Schema: public; Owner: jira
--



--
-- Name: entity_property_index_document_id_seq; Type: SEQUENCE SET; Schema: public; Owner: jira
--

SELECT pg_catalog.setval('entity_property_index_document_id_seq', 10000, false);


--
-- Name: entity_property_index_id_seq; Type: SEQUENCE SET; Schema: public; Owner: jira
--

SELECT pg_catalog.setval('entity_property_index_id_seq', 10000, false);


--
-- Data for Name: entity_property_value; Type: TABLE DATA; Schema: public; Owner: jira
--



--
-- Name: entity_property_value_id_seq; Type: SEQUENCE SET; Schema: public; Owner: jira
--

SELECT pg_catalog.setval('entity_property_value_id_seq', 10000, false);


--
-- Data for Name: entity_translation; Type: TABLE DATA; Schema: public; Owner: jira
--

INSERT INTO entity_translation (id, entity_name, entity_id, locale, trans_name, trans_desc) VALUES (10000, 'CustomField', 10100, 'en_US', 'Development', '');
INSERT INTO entity_translation (id, entity_name, entity_id, locale, trans_name, trans_desc) VALUES (10001, 'CustomField', 10100, 'en_UK', 'Development', '');
INSERT INTO entity_translation (id, entity_name, entity_id, locale, trans_name, trans_desc) VALUES (10002, 'CustomField', 10100, 'fr_FR', 'Dveloppement', '');
INSERT INTO entity_translation (id, entity_name, entity_id, locale, trans_name, trans_desc) VALUES (10003, 'CustomField', 10100, 'es_ES', 'Desarrollo', '');
INSERT INTO entity_translation (id, entity_name, entity_id, locale, trans_name, trans_desc) VALUES (10004, 'CustomField', 10100, 'ja_JP', '', '');
INSERT INTO entity_translation (id, entity_name, entity_id, locale, trans_name, trans_desc) VALUES (10005, 'CustomField', 10100, 'ko_KR', '', '');
INSERT INTO entity_translation (id, entity_name, entity_id, locale, trans_name, trans_desc) VALUES (10006, 'CustomField', 10100, 'de_DE', 'Entwicklung', '');
INSERT INTO entity_translation (id, entity_name, entity_id, locale, trans_name, trans_desc) VALUES (10007, 'CustomField', 10100, 'pt_BR', 'Development', '');
INSERT INTO entity_translation (id, entity_name, entity_id, locale, trans_name, trans_desc) VALUES (10008, 'CustomField', 10100, 'pt_PT', 'Desenvolvimento', '');
INSERT INTO entity_translation (id, entity_name, entity_id, locale, trans_name, trans_desc) VALUES (10009, 'CustomField', 10100, 'ru_RU', '', '');


--
-- Name: entity_translation_id_seq; Type: SEQUENCE SET; Schema: public; Owner: jira
--

SELECT pg_catalog.setval('entity_translation_id_seq', 10009, true);


--
-- Data for Name: external_entities; Type: TABLE DATA; Schema: public; Owner: jira
--

INSERT INTO external_entities (id, name, entitytype) VALUES (10000, 'admin', 'com.atlassian.jira.user.OfbizExternalEntityStore');
INSERT INTO external_entities (id, name, entitytype) VALUES (10010, 'farnsworth', 'com.atlassian.jira.user.OfbizExternalEntityStore');
INSERT INTO external_entities (id, name, entitytype) VALUES (10110, 'fry', 'com.atlassian.jira.user.OfbizExternalEntityStore');


--
-- Name: external_entities_id_seq; Type: SEQUENCE SET; Schema: public; Owner: jira
--

SELECT pg_catalog.setval('external_entities_id_seq', 10200, false);


--
-- Data for Name: externalgadget; Type: TABLE DATA; Schema: public; Owner: jira
--



--
-- Name: externalgadget_id_seq; Type: SEQUENCE SET; Schema: public; Owner: jira
--

SELECT pg_catalog.setval('externalgadget_id_seq', 10000, false);


--
-- Data for Name: favouriteassociations; Type: TABLE DATA; Schema: public; Owner: jira
--



--
-- Name: favouriteassociations_id_seq; Type: SEQUENCE SET; Schema: public; Owner: jira
--

SELECT pg_catalog.setval('favouriteassociations_id_seq', 10000, false);


--
-- Data for Name: feature; Type: TABLE DATA; Schema: public; Owner: jira
--

INSERT INTO feature (id, feature_name, feature_type, user_key) VALUES (10000, 'com.atlassian.jira.projects.ProjectCentricNavigation.Switch', 'site', '');
INSERT INTO feature (id, feature_name, feature_type, user_key) VALUES (10001, 'com.atlassian.jira.projects.issuenavigator', 'site', '');


--
-- Name: feature_id_seq; Type: SEQUENCE SET; Schema: public; Owner: jira
--

SELECT pg_catalog.setval('feature_id_seq', 10100, false);


--
-- Data for Name: fieldconfigscheme; Type: TABLE DATA; Schema: public; Owner: jira
--

INSERT INTO fieldconfigscheme (id, configname, description, fieldid, customfield, scope) VALUES (10000, 'Default Issue Type Scheme', 'Default issue type scheme is the list of global issue types. All newly created issue types will automatically be added to this scheme.', 'issuetype', NULL, NULL);
INSERT INTO fieldconfigscheme (id, configname, description, fieldid, customfield, scope) VALUES (10010, 'Default Configuration Scheme for Test Sessions', 'Default configuration scheme generated by JIRA', 'customfield_10000', NULL, NULL);
INSERT INTO fieldconfigscheme (id, configname, description, fieldid, customfield, scope) VALUES (10011, 'Default Configuration Scheme for Raised During', 'Default configuration scheme generated by JIRA', 'customfield_10001', NULL, NULL);
INSERT INTO fieldconfigscheme (id, configname, description, fieldid, customfield, scope) VALUES (10012, 'Default Configuration Scheme for Bonfire User Agent', 'Default configuration scheme generated by JIRA', 'customfield_10002', NULL, NULL);
INSERT INTO fieldconfigscheme (id, configname, description, fieldid, customfield, scope) VALUES (10013, 'Default Configuration Scheme for Bonfire Browser', 'Default configuration scheme generated by JIRA', 'customfield_10003', NULL, NULL);
INSERT INTO fieldconfigscheme (id, configname, description, fieldid, customfield, scope) VALUES (10014, 'Default Configuration Scheme for Bonfire Operating System', 'Default configuration scheme generated by JIRA', 'customfield_10004', NULL, NULL);
INSERT INTO fieldconfigscheme (id, configname, description, fieldid, customfield, scope) VALUES (10015, 'Default Configuration Scheme for Bonfire URL', 'Default configuration scheme generated by JIRA', 'customfield_10005', NULL, NULL);
INSERT INTO fieldconfigscheme (id, configname, description, fieldid, customfield, scope) VALUES (10016, 'Default Configuration Scheme for Bonfire Screen Resolution', 'Default configuration scheme generated by JIRA', 'customfield_10006', NULL, NULL);
INSERT INTO fieldconfigscheme (id, configname, description, fieldid, customfield, scope) VALUES (10017, 'Default Configuration Scheme for Bonfire jQuery Version', 'Default configuration scheme generated by JIRA', 'customfield_10007', NULL, NULL);
INSERT INTO fieldconfigscheme (id, configname, description, fieldid, customfield, scope) VALUES (10018, 'Default Configuration Scheme for Bonfire Document Mode', 'Default configuration scheme generated by JIRA', 'customfield_10008', NULL, NULL);
INSERT INTO fieldconfigscheme (id, configname, description, fieldid, customfield, scope) VALUES (10019, 'Default Configuration Scheme for Testing Status', 'Default configuration scheme generated by JIRA', 'customfield_10009', NULL, NULL);
INSERT INTO fieldconfigscheme (id, configname, description, fieldid, customfield, scope) VALUES (10101, 'Default Configuration Scheme for Epic Name', 'Default configuration scheme generated by JIRA', 'customfield_10101', NULL, NULL);
INSERT INTO fieldconfigscheme (id, configname, description, fieldid, customfield, scope) VALUES (10102, 'Default Configuration Scheme for Epic Status', 'Default configuration scheme generated by JIRA', 'customfield_10102', NULL, NULL);
INSERT INTO fieldconfigscheme (id, configname, description, fieldid, customfield, scope) VALUES (10103, 'Default Configuration Scheme for Epic Colour', 'Default configuration scheme generated by JIRA', 'customfield_10103', NULL, NULL);
INSERT INTO fieldconfigscheme (id, configname, description, fieldid, customfield, scope) VALUES (10104, 'Default Configuration Scheme for Epic Link', 'Default configuration scheme generated by JIRA', 'customfield_10104', NULL, NULL);
INSERT INTO fieldconfigscheme (id, configname, description, fieldid, customfield, scope) VALUES (10100, 'Default Configuration Scheme for development', 'Default configuration scheme generated by JIRA', 'customfield_10100', NULL, NULL);
INSERT INTO fieldconfigscheme (id, configname, description, fieldid, customfield, scope) VALUES (10105, 'Default Configuration Scheme for Sprint', 'Default configuration scheme generated by JIRA', 'customfield_10105', NULL, NULL);
INSERT INTO fieldconfigscheme (id, configname, description, fieldid, customfield, scope) VALUES (10106, 'Default Configuration Scheme for Rank', 'Default configuration scheme generated by JIRA', 'customfield_10106', NULL, NULL);


--
-- Name: fieldconfigscheme_id_seq; Type: SEQUENCE SET; Schema: public; Owner: jira
--

SELECT pg_catalog.setval('fieldconfigscheme_id_seq', 10106, true);


--
-- Data for Name: fieldconfigschemeissuetype; Type: TABLE DATA; Schema: public; Owner: jira
--

INSERT INTO fieldconfigschemeissuetype (id, issuetype, fieldconfigscheme, fieldconfiguration) VALUES (10017, NULL, 10017, 10017);
INSERT INTO fieldconfigschemeissuetype (id, issuetype, fieldconfigscheme, fieldconfiguration) VALUES (10018, NULL, 10018, 10018);
INSERT INTO fieldconfigschemeissuetype (id, issuetype, fieldconfigscheme, fieldconfiguration) VALUES (10019, NULL, 10019, 10019);
INSERT INTO fieldconfigschemeissuetype (id, issuetype, fieldconfigscheme, fieldconfiguration) VALUES (10001, NULL, 10000, 10000);
INSERT INTO fieldconfigschemeissuetype (id, issuetype, fieldconfigscheme, fieldconfiguration) VALUES (10010, NULL, 10010, 10010);
INSERT INTO fieldconfigschemeissuetype (id, issuetype, fieldconfigscheme, fieldconfiguration) VALUES (10011, NULL, 10011, 10011);
INSERT INTO fieldconfigschemeissuetype (id, issuetype, fieldconfigscheme, fieldconfiguration) VALUES (10012, NULL, 10012, 10012);
INSERT INTO fieldconfigschemeissuetype (id, issuetype, fieldconfigscheme, fieldconfiguration) VALUES (10013, NULL, 10013, 10013);
INSERT INTO fieldconfigschemeissuetype (id, issuetype, fieldconfigscheme, fieldconfiguration) VALUES (10014, NULL, 10014, 10014);
INSERT INTO fieldconfigschemeissuetype (id, issuetype, fieldconfigscheme, fieldconfiguration) VALUES (10015, NULL, 10015, 10015);
INSERT INTO fieldconfigschemeissuetype (id, issuetype, fieldconfigscheme, fieldconfiguration) VALUES (10016, NULL, 10016, 10016);
INSERT INTO fieldconfigschemeissuetype (id, issuetype, fieldconfigscheme, fieldconfiguration) VALUES (10100, NULL, 10100, 10100);
INSERT INTO fieldconfigschemeissuetype (id, issuetype, fieldconfigscheme, fieldconfiguration) VALUES (10101, '10000', 10101, 10101);
INSERT INTO fieldconfigschemeissuetype (id, issuetype, fieldconfigscheme, fieldconfiguration) VALUES (10102, '10000', 10102, 10102);
INSERT INTO fieldconfigschemeissuetype (id, issuetype, fieldconfigscheme, fieldconfiguration) VALUES (10103, '10000', 10103, 10103);
INSERT INTO fieldconfigschemeissuetype (id, issuetype, fieldconfigscheme, fieldconfiguration) VALUES (10104, NULL, 10104, 10104);
INSERT INTO fieldconfigschemeissuetype (id, issuetype, fieldconfigscheme, fieldconfiguration) VALUES (10105, NULL, 10105, 10105);
INSERT INTO fieldconfigschemeissuetype (id, issuetype, fieldconfigscheme, fieldconfiguration) VALUES (10106, NULL, 10106, 10106);


--
-- Name: fieldconfigschemeissuetype_id_seq; Type: SEQUENCE SET; Schema: public; Owner: jira
--

SELECT pg_catalog.setval('fieldconfigschemeissuetype_id_seq', 10106, true);


--
-- Data for Name: fieldconfiguration; Type: TABLE DATA; Schema: public; Owner: jira
--

INSERT INTO fieldconfiguration (id, configname, description, fieldid, customfield, scope) VALUES (10000, 'Default Configuration for Issue Type', 'Default configuration generated by JIRA', 'issuetype', NULL, NULL);
INSERT INTO fieldconfiguration (id, configname, description, fieldid, customfield, scope) VALUES (10010, 'Default Configuration for Test Sessions', 'Default configuration generated by JIRA', 'customfield_10000', NULL, NULL);
INSERT INTO fieldconfiguration (id, configname, description, fieldid, customfield, scope) VALUES (10011, 'Default Configuration for Raised During', 'Default configuration generated by JIRA', 'customfield_10001', NULL, NULL);
INSERT INTO fieldconfiguration (id, configname, description, fieldid, customfield, scope) VALUES (10012, 'Default Configuration for Bonfire User Agent', 'Default configuration generated by JIRA', 'customfield_10002', NULL, NULL);
INSERT INTO fieldconfiguration (id, configname, description, fieldid, customfield, scope) VALUES (10013, 'Default Configuration for Bonfire Browser', 'Default configuration generated by JIRA', 'customfield_10003', NULL, NULL);
INSERT INTO fieldconfiguration (id, configname, description, fieldid, customfield, scope) VALUES (10014, 'Default Configuration for Bonfire Operating System', 'Default configuration generated by JIRA', 'customfield_10004', NULL, NULL);
INSERT INTO fieldconfiguration (id, configname, description, fieldid, customfield, scope) VALUES (10015, 'Default Configuration for Bonfire URL', 'Default configuration generated by JIRA', 'customfield_10005', NULL, NULL);
INSERT INTO fieldconfiguration (id, configname, description, fieldid, customfield, scope) VALUES (10016, 'Default Configuration for Bonfire Screen Resolution', 'Default configuration generated by JIRA', 'customfield_10006', NULL, NULL);
INSERT INTO fieldconfiguration (id, configname, description, fieldid, customfield, scope) VALUES (10017, 'Default Configuration for Bonfire jQuery Version', 'Default configuration generated by JIRA', 'customfield_10007', NULL, NULL);
INSERT INTO fieldconfiguration (id, configname, description, fieldid, customfield, scope) VALUES (10018, 'Default Configuration for Bonfire Document Mode', 'Default configuration generated by JIRA', 'customfield_10008', NULL, NULL);
INSERT INTO fieldconfiguration (id, configname, description, fieldid, customfield, scope) VALUES (10019, 'Default Configuration for Testing Status', 'Default configuration generated by JIRA', 'customfield_10009', NULL, NULL);
INSERT INTO fieldconfiguration (id, configname, description, fieldid, customfield, scope) VALUES (10100, 'Default Configuration for development', 'Default configuration generated by JIRA', 'customfield_10100', NULL, NULL);
INSERT INTO fieldconfiguration (id, configname, description, fieldid, customfield, scope) VALUES (10101, 'Default Configuration for Epic Name', 'Default configuration generated by JIRA', 'customfield_10101', NULL, NULL);
INSERT INTO fieldconfiguration (id, configname, description, fieldid, customfield, scope) VALUES (10102, 'Default Configuration for Epic Status', 'Default configuration generated by JIRA', 'customfield_10102', NULL, NULL);
INSERT INTO fieldconfiguration (id, configname, description, fieldid, customfield, scope) VALUES (10103, 'Default Configuration for Epic Colour', 'Default configuration generated by JIRA', 'customfield_10103', NULL, NULL);
INSERT INTO fieldconfiguration (id, configname, description, fieldid, customfield, scope) VALUES (10104, 'Default Configuration for Epic Link', 'Default configuration generated by JIRA', 'customfield_10104', NULL, NULL);
INSERT INTO fieldconfiguration (id, configname, description, fieldid, customfield, scope) VALUES (10105, 'Default Configuration for Sprint', 'Default configuration generated by JIRA', 'customfield_10105', NULL, NULL);
INSERT INTO fieldconfiguration (id, configname, description, fieldid, customfield, scope) VALUES (10106, 'Default Configuration for Rank', 'Default configuration generated by JIRA', 'customfield_10106', NULL, NULL);


--
-- Name: fieldconfiguration_id_seq; Type: SEQUENCE SET; Schema: public; Owner: jira
--

SELECT pg_catalog.setval('fieldconfiguration_id_seq', 10106, true);


--
-- Data for Name: fieldlayout; Type: TABLE DATA; Schema: public; Owner: jira
--

INSERT INTO fieldlayout (id, name, description, layout_type, layoutscheme) VALUES (10000, 'Default Field Configuration', 'The default field configuration', 'default', NULL);


--
-- Name: fieldlayout_id_seq; Type: SEQUENCE SET; Schema: public; Owner: jira
--

SELECT pg_catalog.setval('fieldlayout_id_seq', 10000, true);


--
-- Data for Name: fieldlayoutitem; Type: TABLE DATA; Schema: public; Owner: jira
--

INSERT INTO fieldlayoutitem (id, fieldlayout, fieldidentifier, description, verticalposition, ishidden, isrequired, renderertype) VALUES (10031, 10000, 'summary', NULL, NULL, 'false', 'true', 'jira-text-renderer');
INSERT INTO fieldlayoutitem (id, fieldlayout, fieldidentifier, description, verticalposition, ishidden, isrequired, renderertype) VALUES (10032, 10000, 'issuetype', NULL, NULL, 'false', 'true', 'jira-text-renderer');
INSERT INTO fieldlayoutitem (id, fieldlayout, fieldidentifier, description, verticalposition, ishidden, isrequired, renderertype) VALUES (10033, 10000, 'security', NULL, NULL, 'false', 'false', 'jira-text-renderer');
INSERT INTO fieldlayoutitem (id, fieldlayout, fieldidentifier, description, verticalposition, ishidden, isrequired, renderertype) VALUES (10034, 10000, 'priority', NULL, NULL, 'false', 'false', 'jira-text-renderer');
INSERT INTO fieldlayoutitem (id, fieldlayout, fieldidentifier, description, verticalposition, ishidden, isrequired, renderertype) VALUES (10035, 10000, 'duedate', NULL, NULL, 'false', 'false', 'jira-text-renderer');
INSERT INTO fieldlayoutitem (id, fieldlayout, fieldidentifier, description, verticalposition, ishidden, isrequired, renderertype) VALUES (10036, 10000, 'components', NULL, NULL, 'false', 'false', 'frother-control-renderer');
INSERT INTO fieldlayoutitem (id, fieldlayout, fieldidentifier, description, verticalposition, ishidden, isrequired, renderertype) VALUES (10037, 10000, 'versions', NULL, NULL, 'false', 'false', 'frother-control-renderer');
INSERT INTO fieldlayoutitem (id, fieldlayout, fieldidentifier, description, verticalposition, ishidden, isrequired, renderertype) VALUES (10038, 10000, 'fixVersions', NULL, NULL, 'false', 'false', 'frother-control-renderer');
INSERT INTO fieldlayoutitem (id, fieldlayout, fieldidentifier, description, verticalposition, ishidden, isrequired, renderertype) VALUES (10039, 10000, 'assignee', NULL, NULL, 'false', 'true', 'jira-text-renderer');
INSERT INTO fieldlayoutitem (id, fieldlayout, fieldidentifier, description, verticalposition, ishidden, isrequired, renderertype) VALUES (10040, 10000, 'reporter', NULL, NULL, 'false', 'true', 'jira-text-renderer');
INSERT INTO fieldlayoutitem (id, fieldlayout, fieldidentifier, description, verticalposition, ishidden, isrequired, renderertype) VALUES (10041, 10000, 'environment', 'For example operating system, software platform and/or hardware specifications (include as appropriate for the issue).', NULL, 'false', 'false', 'jira-text-renderer');
INSERT INTO fieldlayoutitem (id, fieldlayout, fieldidentifier, description, verticalposition, ishidden, isrequired, renderertype) VALUES (10042, 10000, 'description', NULL, NULL, 'false', 'false', 'jira-text-renderer');
INSERT INTO fieldlayoutitem (id, fieldlayout, fieldidentifier, description, verticalposition, ishidden, isrequired, renderertype) VALUES (10043, 10000, 'resolution', NULL, NULL, 'false', 'false', 'jira-text-renderer');
INSERT INTO fieldlayoutitem (id, fieldlayout, fieldidentifier, description, verticalposition, ishidden, isrequired, renderertype) VALUES (10044, 10000, 'attachment', NULL, NULL, 'false', 'false', 'jira-text-renderer');
INSERT INTO fieldlayoutitem (id, fieldlayout, fieldidentifier, description, verticalposition, ishidden, isrequired, renderertype) VALUES (10045, 10000, 'comment', NULL, NULL, 'false', 'false', 'jira-text-renderer');
INSERT INTO fieldlayoutitem (id, fieldlayout, fieldidentifier, description, verticalposition, ishidden, isrequired, renderertype) VALUES (10046, 10000, 'labels', NULL, NULL, 'false', 'false', 'jira-text-renderer');
INSERT INTO fieldlayoutitem (id, fieldlayout, fieldidentifier, description, verticalposition, ishidden, isrequired, renderertype) VALUES (10047, 10000, 'issuelinks', NULL, NULL, 'false', 'false', 'jira-text-renderer');
INSERT INTO fieldlayoutitem (id, fieldlayout, fieldidentifier, description, verticalposition, ishidden, isrequired, renderertype) VALUES (10048, 10000, 'customfield_10001', 'This Custom Field is created programmatically by JIRA Capture.', NULL, 'false', 'false', 'jira-text-renderer');
INSERT INTO fieldlayoutitem (id, fieldlayout, fieldidentifier, description, verticalposition, ishidden, isrequired, renderertype) VALUES (10049, 10000, 'customfield_10002', 'This Custom Field is created programatically by JIRA Capture.', NULL, 'false', 'false', 'jira-text-renderer');
INSERT INTO fieldlayoutitem (id, fieldlayout, fieldidentifier, description, verticalposition, ishidden, isrequired, renderertype) VALUES (10050, 10000, 'customfield_10003', 'This Custom Field is created programatically by JIRA Capture.', NULL, 'false', 'false', 'jira-text-renderer');
INSERT INTO fieldlayoutitem (id, fieldlayout, fieldidentifier, description, verticalposition, ishidden, isrequired, renderertype) VALUES (10051, 10000, 'customfield_10004', 'This Custom Field is created programatically by JIRA Capture.', NULL, 'false', 'false', 'jira-text-renderer');
INSERT INTO fieldlayoutitem (id, fieldlayout, fieldidentifier, description, verticalposition, ishidden, isrequired, renderertype) VALUES (10052, 10000, 'customfield_10005', 'This Custom Field is created programatically by JIRA Capture.', NULL, 'false', 'false', 'jira-text-renderer');
INSERT INTO fieldlayoutitem (id, fieldlayout, fieldidentifier, description, verticalposition, ishidden, isrequired, renderertype) VALUES (10053, 10000, 'customfield_10006', 'This Custom Field is created programatically by JIRA Capture.', NULL, 'false', 'false', 'jira-text-renderer');
INSERT INTO fieldlayoutitem (id, fieldlayout, fieldidentifier, description, verticalposition, ishidden, isrequired, renderertype) VALUES (10054, 10000, 'customfield_10007', 'This Custom Field is created programatically by JIRA Capture.', NULL, 'false', 'false', 'jira-text-renderer');
INSERT INTO fieldlayoutitem (id, fieldlayout, fieldidentifier, description, verticalposition, ishidden, isrequired, renderertype) VALUES (10055, 10000, 'customfield_10008', 'This Custom Field is created programatically by JIRA Capture.', NULL, 'false', 'false', 'jira-text-renderer');
INSERT INTO fieldlayoutitem (id, fieldlayout, fieldidentifier, description, verticalposition, ishidden, isrequired, renderertype) VALUES (10056, 10000, 'customfield_10009', 'This Custom Field is created programmatically by JIRA Capture.', NULL, 'false', 'false', 'jira-text-renderer');
INSERT INTO fieldlayoutitem (id, fieldlayout, fieldidentifier, description, verticalposition, ishidden, isrequired, renderertype) VALUES (10057, 10000, 'customfield_10000', 'This Custom Field is created programmatically by JIRA Capture.', NULL, 'false', 'false', 'jira-text-renderer');
INSERT INTO fieldlayoutitem (id, fieldlayout, fieldidentifier, description, verticalposition, ishidden, isrequired, renderertype) VALUES (10058, 10000, 'customfield_10100', 'Includes development summary panel information used in JQL', NULL, 'false', 'false', 'jira-text-renderer');
INSERT INTO fieldlayoutitem (id, fieldlayout, fieldidentifier, description, verticalposition, ishidden, isrequired, renderertype) VALUES (10059, 10000, 'customfield_10101', 'Provide a short name to identify this epic.', NULL, 'false', 'true', 'jira-text-renderer');
INSERT INTO fieldlayoutitem (id, fieldlayout, fieldidentifier, description, verticalposition, ishidden, isrequired, renderertype) VALUES (10060, 10000, 'customfield_10102', 'Epic Status field for JIRA Software use only.', NULL, 'false', 'false', 'jira-text-renderer');
INSERT INTO fieldlayoutitem (id, fieldlayout, fieldidentifier, description, verticalposition, ishidden, isrequired, renderertype) VALUES (10061, 10000, 'customfield_10103', 'Epic Colour field for JIRA Software use only.', NULL, 'false', 'false', 'jira-text-renderer');
INSERT INTO fieldlayoutitem (id, fieldlayout, fieldidentifier, description, verticalposition, ishidden, isrequired, renderertype) VALUES (10062, 10000, 'customfield_10104', 'Choose an epic to assign this issue to.', NULL, 'false', 'false', 'jira-text-renderer');
INSERT INTO fieldlayoutitem (id, fieldlayout, fieldidentifier, description, verticalposition, ishidden, isrequired, renderertype) VALUES (10063, 10000, 'customfield_10105', 'JIRA Software sprint field', NULL, 'false', 'false', 'jira-text-renderer');
INSERT INTO fieldlayoutitem (id, fieldlayout, fieldidentifier, description, verticalposition, ishidden, isrequired, renderertype) VALUES (10064, 10000, 'customfield_10106', 'Global rank field for JIRA Software use only.', NULL, 'false', 'false', 'jira-text-renderer');


--
-- Name: fieldlayoutitem_id_seq; Type: SEQUENCE SET; Schema: public; Owner: jira
--

SELECT pg_catalog.setval('fieldlayoutitem_id_seq', 10064, true);


--
-- Data for Name: fieldlayoutscheme; Type: TABLE DATA; Schema: public; Owner: jira
--



--
-- Name: fieldlayoutscheme_id_seq; Type: SEQUENCE SET; Schema: public; Owner: jira
--

SELECT pg_catalog.setval('fieldlayoutscheme_id_seq', 10000, false);


--
-- Data for Name: fieldlayoutschemeassociation; Type: TABLE DATA; Schema: public; Owner: jira
--



--
-- Name: fieldlayoutschemeassociation_id_seq; Type: SEQUENCE SET; Schema: public; Owner: jira
--

SELECT pg_catalog.setval('fieldlayoutschemeassociation_id_seq', 10000, false);


--
-- Data for Name: fieldlayoutschemeentity; Type: TABLE DATA; Schema: public; Owner: jira
--



--
-- Name: fieldlayoutschemeentity_id_seq; Type: SEQUENCE SET; Schema: public; Owner: jira
--

SELECT pg_catalog.setval('fieldlayoutschemeentity_id_seq', 10000, false);


--
-- Data for Name: fieldscope; Type: TABLE DATA; Schema: public; Owner: jira
--



--
-- Data for Name: fieldscreen; Type: TABLE DATA; Schema: public; Owner: jira
--

INSERT INTO fieldscreen (id, name, description, scope) VALUES (1, 'Default Screen', 'Allows to update all system fields.', NULL);
INSERT INTO fieldscreen (id, name, description, scope) VALUES (2, 'Workflow Screen', 'This screen is used in the workflow and enables you to assign issues', NULL);
INSERT INTO fieldscreen (id, name, description, scope) VALUES (3, 'Resolve Issue Screen', 'Allows to set resolution, change fix versions and assign an issue.', NULL);


--
-- Name: fieldscreen_id_seq; Type: SEQUENCE SET; Schema: public; Owner: jira
--

SELECT pg_catalog.setval('fieldscreen_id_seq', 10000, false);


--
-- Data for Name: fieldscreenlayoutitem; Type: TABLE DATA; Schema: public; Owner: jira
--

INSERT INTO fieldscreenlayoutitem (id, fieldidentifier, sequence, fieldscreentab) VALUES (10000, 'summary', 0, 10000);
INSERT INTO fieldscreenlayoutitem (id, fieldidentifier, sequence, fieldscreentab) VALUES (10001, 'issuetype', 1, 10000);
INSERT INTO fieldscreenlayoutitem (id, fieldidentifier, sequence, fieldscreentab) VALUES (10002, 'security', 2, 10000);
INSERT INTO fieldscreenlayoutitem (id, fieldidentifier, sequence, fieldscreentab) VALUES (10003, 'priority', 3, 10000);
INSERT INTO fieldscreenlayoutitem (id, fieldidentifier, sequence, fieldscreentab) VALUES (10004, 'duedate', 4, 10000);
INSERT INTO fieldscreenlayoutitem (id, fieldidentifier, sequence, fieldscreentab) VALUES (10005, 'components', 5, 10000);
INSERT INTO fieldscreenlayoutitem (id, fieldidentifier, sequence, fieldscreentab) VALUES (10006, 'versions', 6, 10000);
INSERT INTO fieldscreenlayoutitem (id, fieldidentifier, sequence, fieldscreentab) VALUES (10007, 'fixVersions', 7, 10000);
INSERT INTO fieldscreenlayoutitem (id, fieldidentifier, sequence, fieldscreentab) VALUES (10008, 'assignee', 8, 10000);
INSERT INTO fieldscreenlayoutitem (id, fieldidentifier, sequence, fieldscreentab) VALUES (10009, 'reporter', 9, 10000);
INSERT INTO fieldscreenlayoutitem (id, fieldidentifier, sequence, fieldscreentab) VALUES (10010, 'environment', 10, 10000);
INSERT INTO fieldscreenlayoutitem (id, fieldidentifier, sequence, fieldscreentab) VALUES (10011, 'description', 11, 10000);
INSERT INTO fieldscreenlayoutitem (id, fieldidentifier, sequence, fieldscreentab) VALUES (10012, 'timetracking', 12, 10000);
INSERT INTO fieldscreenlayoutitem (id, fieldidentifier, sequence, fieldscreentab) VALUES (10013, 'attachment', 13, 10000);
INSERT INTO fieldscreenlayoutitem (id, fieldidentifier, sequence, fieldscreentab) VALUES (10014, 'assignee', 0, 10001);
INSERT INTO fieldscreenlayoutitem (id, fieldidentifier, sequence, fieldscreentab) VALUES (10015, 'resolution', 0, 10002);
INSERT INTO fieldscreenlayoutitem (id, fieldidentifier, sequence, fieldscreentab) VALUES (10016, 'fixVersions', 1, 10002);
INSERT INTO fieldscreenlayoutitem (id, fieldidentifier, sequence, fieldscreentab) VALUES (10017, 'assignee', 2, 10002);
INSERT INTO fieldscreenlayoutitem (id, fieldidentifier, sequence, fieldscreentab) VALUES (10020, 'labels', 14, 10000);


--
-- Name: fieldscreenlayoutitem_id_seq; Type: SEQUENCE SET; Schema: public; Owner: jira
--

SELECT pg_catalog.setval('fieldscreenlayoutitem_id_seq', 10100, false);


--
-- Data for Name: fieldscreenscheme; Type: TABLE DATA; Schema: public; Owner: jira
--

INSERT INTO fieldscreenscheme (id, name, description, scope) VALUES (1, 'Default Screen Scheme', 'Default Screen Scheme', NULL);


--
-- Name: fieldscreenscheme_id_seq; Type: SEQUENCE SET; Schema: public; Owner: jira
--

SELECT pg_catalog.setval('fieldscreenscheme_id_seq', 10000, false);


--
-- Data for Name: fieldscreenschemeitem; Type: TABLE DATA; Schema: public; Owner: jira
--

INSERT INTO fieldscreenschemeitem (id, operation, fieldscreen, fieldscreenscheme) VALUES (10000, NULL, 1, 1);


--
-- Name: fieldscreenschemeitem_id_seq; Type: SEQUENCE SET; Schema: public; Owner: jira
--

SELECT pg_catalog.setval('fieldscreenschemeitem_id_seq', 10100, false);


--
-- Data for Name: fieldscreentab; Type: TABLE DATA; Schema: public; Owner: jira
--

INSERT INTO fieldscreentab (id, name, description, sequence, fieldscreen) VALUES (10000, 'Field Tab', NULL, 0, 1);
INSERT INTO fieldscreentab (id, name, description, sequence, fieldscreen) VALUES (10001, 'Field Tab', NULL, 0, 2);
INSERT INTO fieldscreentab (id, name, description, sequence, fieldscreen) VALUES (10002, 'Field Tab', NULL, 0, 3);


--
-- Name: fieldscreentab_id_seq; Type: SEQUENCE SET; Schema: public; Owner: jira
--

SELECT pg_catalog.setval('fieldscreentab_id_seq', 10100, false);


--
-- Data for Name: fileattachment; Type: TABLE DATA; Schema: public; Owner: jira
--



--
-- Name: fileattachment_id_seq; Type: SEQUENCE SET; Schema: public; Owner: jira
--

SELECT pg_catalog.setval('fileattachment_id_seq', 10000, false);


--
-- Data for Name: filtersubscription; Type: TABLE DATA; Schema: public; Owner: jira
--



--
-- Name: filtersubscription_id_seq; Type: SEQUENCE SET; Schema: public; Owner: jira
--

SELECT pg_catalog.setval('filtersubscription_id_seq', 10000, false);


--
-- Data for Name: flyway_schema_version_182c39; Type: TABLE DATA; Schema: public; Owner: jira
--

INSERT INTO flyway_schema_version_182c39 (installed_rank, version, description, type, script, checksum, installed_by, installed_on, execution_time, success) VALUES (1, '0', '<< Flyway Baseline >>', 'BASELINE', '<< Flyway Baseline >>', NULL, 'jira', '2017-04-07 11:12:15.962973', 0, true);
INSERT INTO flyway_schema_version_182c39 (installed_rank, version, description, type, script, checksum, installed_by, installed_on, execution_time, success) VALUES (2, '0001.00', 'create tables', 'SQL', 'V0001_00__create_tables.sql', -903170625, 'jira', '2017-04-07 11:12:16.053439', 31, true);
INSERT INTO flyway_schema_version_182c39 (installed_rank, version, description, type, script, checksum, installed_by, installed_on, execution_time, success) VALUES (3, '0001.01', 'update constraints', 'SQL', 'V0001_01__update_constraints.sql', -2048038891, 'jira', '2017-04-07 11:12:16.104812', 12, true);


--
-- Data for Name: flyway_schema_version_21d670; Type: TABLE DATA; Schema: public; Owner: jira
--

INSERT INTO flyway_schema_version_21d670 (installed_rank, version, description, type, script, checksum, installed_by, installed_on, execution_time, success) VALUES (1, '0', '<< Flyway Baseline >>', 'BASELINE', '<< Flyway Baseline >>', NULL, 'jira', '2017-04-07 11:12:19.541848', 0, true);
INSERT INTO flyway_schema_version_21d670 (installed_rank, version, description, type, script, checksum, installed_by, installed_on, execution_time, success) VALUES (2, '0001.00', 'create tables', 'SQL', 'V0001_00__create_tables.sql', 908344376, 'jira', '2017-04-07 11:12:19.571021', 7, true);
INSERT INTO flyway_schema_version_21d670 (installed_rank, version, description, type, script, checksum, installed_by, installed_on, execution_time, success) VALUES (3, '0002.00', 'delete create whitelist table function', 'SQL', 'V0002_00__delete_create_whitelist_table_function.sql', 1234549489, 'jira', '2017-04-07 11:12:19.592168', 6, true);


--
-- Data for Name: flyway_schema_version_3b1893; Type: TABLE DATA; Schema: public; Owner: jira
--

INSERT INTO flyway_schema_version_3b1893 (installed_rank, version, description, type, script, checksum, installed_by, installed_on, execution_time, success) VALUES (1, '0', '<< Flyway Baseline >>', 'BASELINE', '<< Flyway Baseline >>', NULL, 'jira', '2017-04-07 11:12:17.222433', 0, true);
INSERT INTO flyway_schema_version_3b1893 (installed_rank, version, description, type, script, checksum, installed_by, installed_on, execution_time, success) VALUES (2, '0001.00', 'create tables', 'SQL', 'V0001_00__create_tables.sql', -1154968156, 'jira', '2017-04-07 11:12:17.248893', 7, true);


--
-- Data for Name: flyway_schema_version_550953; Type: TABLE DATA; Schema: public; Owner: jira
--

INSERT INTO flyway_schema_version_550953 (installed_rank, version, description, type, script, checksum, installed_by, installed_on, execution_time, success) VALUES (1, '0', '<< Flyway Baseline >>', 'BASELINE', '<< Flyway Baseline >>', NULL, 'jira', '2017-04-07 11:12:16.102073', 0, true);
INSERT INTO flyway_schema_version_550953 (installed_rank, version, description, type, script, checksum, installed_by, installed_on, execution_time, success) VALUES (2, '001.001', 'AO 550953 schema', 'SQL', 'V001_001__AO_550953_schema.sql', -1068023004, 'jira', '2017-04-07 11:12:16.14749', 9, true);
INSERT INTO flyway_schema_version_550953 (installed_rank, version, description, type, script, checksum, installed_by, installed_on, execution_time, success) VALUES (3, '001.002', 'AO 550953 schema', 'SQL', 'V001_002__AO_550953_schema.sql', 2066614633, 'jira', '2017-04-07 11:12:16.180145', 12, true);


--
-- Data for Name: flyway_schema_version_563aee; Type: TABLE DATA; Schema: public; Owner: jira
--

INSERT INTO flyway_schema_version_563aee (installed_rank, version, description, type, script, checksum, installed_by, installed_on, execution_time, success) VALUES (1, '0', '<< Flyway Baseline >>', 'BASELINE', '<< Flyway Baseline >>', NULL, 'jira', '2017-04-07 11:12:16.220529', 0, true);
INSERT INTO flyway_schema_version_563aee (installed_rank, version, description, type, script, checksum, installed_by, installed_on, execution_time, success) VALUES (2, '0001.00', 'create tables', 'SQL', 'V0001_00__create_tables.sql', 1368565022, 'jira', '2017-04-07 11:12:16.251991', 19, true);
INSERT INTO flyway_schema_version_563aee (installed_rank, version, description, type, script, checksum, installed_by, installed_on, execution_time, success) VALUES (3, '0001.01', 'remove case', 'SQL', 'V0001_01__remove_case.sql', -1662300257, 'jira', '2017-04-07 11:12:16.287253', 91, true);


--
-- Data for Name: flyway_schema_version_575bf5; Type: TABLE DATA; Schema: public; Owner: jira
--

INSERT INTO flyway_schema_version_575bf5 (installed_rank, version, description, type, script, checksum, installed_by, installed_on, execution_time, success) VALUES (1, '0', '<< Flyway Baseline >>', 'BASELINE', '<< Flyway Baseline >>', NULL, 'jira', '2017-05-15 11:24:08.292291', 0, true);


--
-- Data for Name: flyway_schema_version_587b34; Type: TABLE DATA; Schema: public; Owner: jira
--

INSERT INTO flyway_schema_version_587b34 (installed_rank, version, description, type, script, checksum, installed_by, installed_on, execution_time, success) VALUES (1, '0', '<< Flyway Baseline >>', 'BASELINE', '<< Flyway Baseline >>', NULL, 'jira', '2017-04-07 11:12:18.225189', 0, true);


--
-- Data for Name: flyway_schema_version_60db71; Type: TABLE DATA; Schema: public; Owner: jira
--

INSERT INTO flyway_schema_version_60db71 (installed_rank, version, description, type, script, checksum, installed_by, installed_on, execution_time, success) VALUES (1, '0', '<< Flyway Baseline >>', 'BASELINE', '<< Flyway Baseline >>', NULL, 'jira', '2017-05-15 11:24:07.446348', 0, true);
INSERT INTO flyway_schema_version_60db71 (installed_rank, version, description, type, script, checksum, installed_by, installed_on, execution_time, success) VALUES (2, '001', 'db schema', 'SQL', 'V001__db_schema.sql', -1102823950, 'jira', '2017-05-15 11:24:07.478396', 71, true);
INSERT INTO flyway_schema_version_60db71 (installed_rank, version, description, type, script, checksum, installed_by, installed_on, execution_time, success) VALUES (3, '002', 'db schema', 'SQL', 'V002__db_schema.sql', 1725829984, 'jira', '2017-05-15 11:24:07.565193', 6, true);
INSERT INTO flyway_schema_version_60db71 (installed_rank, version, description, type, script, checksum, installed_by, installed_on, execution_time, success) VALUES (4, '003', 'db schema', 'SQL', 'V003__db_schema.sql', 1505715982, 'jira', '2017-05-15 11:24:07.587749', 7, true);
INSERT INTO flyway_schema_version_60db71 (installed_rank, version, description, type, script, checksum, installed_by, installed_on, execution_time, success) VALUES (5, '004', 'db schema', 'SQL', 'V004__db_schema.sql', -1003028343, 'jira', '2017-05-15 11:24:07.611884', 4, true);
INSERT INTO flyway_schema_version_60db71 (installed_rank, version, description, type, script, checksum, installed_by, installed_on, execution_time, success) VALUES (6, '005', 'db schema', 'SQL', 'V005__db_schema.sql', 141220753, 'jira', '2017-05-15 11:24:07.635027', 7, true);


--
-- Data for Name: flyway_schema_version_a0b856; Type: TABLE DATA; Schema: public; Owner: jira
--

INSERT INTO flyway_schema_version_a0b856 (installed_rank, version, description, type, script, checksum, installed_by, installed_on, execution_time, success) VALUES (1, '0', '<< Flyway Baseline >>', 'BASELINE', '<< Flyway Baseline >>', NULL, 'jira', '2017-04-07 11:12:17.981636', 0, true);
INSERT INTO flyway_schema_version_a0b856 (installed_rank, version, description, type, script, checksum, installed_by, installed_on, execution_time, success) VALUES (2, '0001.00', 'create tables', 'SQL', 'V0001_00__create_tables.sql', -69534552, 'jira', '2017-04-07 11:12:18.020468', 8, true);
INSERT INTO flyway_schema_version_a0b856 (installed_rank, version, description, type, script, checksum, installed_by, installed_on, execution_time, success) VALUES (3, '0001.01', 'remove case', 'SQL', 'V0001_01__remove_case.sql', 1390263436, 'jira', '2017-04-07 11:12:18.048392', 16, true);
INSERT INTO flyway_schema_version_a0b856 (installed_rank, version, description, type, script, checksum, installed_by, installed_on, execution_time, success) VALUES (4, '0002.00', 'create AMQ store table', 'SQL', 'V0002_00__create_AMQ_store_table.sql', -1794539438, 'jira', '2017-04-07 11:12:18.078171', 12, true);


--
-- Data for Name: flyway_schema_version_b59607; Type: TABLE DATA; Schema: public; Owner: jira
--

INSERT INTO flyway_schema_version_b59607 (installed_rank, version, description, type, script, checksum, installed_by, installed_on, execution_time, success) VALUES (1, '0', '<< Flyway Baseline >>', 'BASELINE', '<< Flyway Baseline >>', NULL, 'jira', '2017-04-07 11:12:16.33139', 0, true);
INSERT INTO flyway_schema_version_b59607 (installed_rank, version, description, type, script, checksum, installed_by, installed_on, execution_time, success) VALUES (2, '001.001', 'CD909F schema', 'SQL', 'V001_001__CD909F_schema.sql', 254689986, 'jira', '2017-04-07 11:12:16.37718', 11, true);


--
-- Data for Name: flyway_schema_version_c18b68; Type: TABLE DATA; Schema: public; Owner: jira
--

INSERT INTO flyway_schema_version_c18b68 (installed_rank, version, description, type, script, checksum, installed_by, installed_on, execution_time, success) VALUES (1, '0', '<< Flyway Baseline >>', 'BASELINE', '<< Flyway Baseline >>', NULL, 'jira', '2017-04-07 11:12:15.963031', 0, true);


--
-- Data for Name: flyway_schema_version_deb285; Type: TABLE DATA; Schema: public; Owner: jira
--

INSERT INTO flyway_schema_version_deb285 (installed_rank, version, description, type, script, checksum, installed_by, installed_on, execution_time, success) VALUES (1, '0', '<< Flyway Baseline >>', 'BASELINE', '<< Flyway Baseline >>', NULL, 'jira', '2017-04-07 11:12:16.492809', 0, true);
INSERT INTO flyway_schema_version_deb285 (installed_rank, version, description, type, script, checksum, installed_by, installed_on, execution_time, success) VALUES (2, '01.01', 'AO DEB285 schema', 'SQL', 'V01_01__AO_DEB285_schema.sql', 1928136062, 'jira', '2017-04-07 11:12:16.55831', 21, true);
INSERT INTO flyway_schema_version_deb285 (installed_rank, version, description, type, script, checksum, installed_by, installed_on, execution_time, success) VALUES (3, '02.01', 'AO DEB285 schema', 'SQL', 'V02_01__AO_DEB285_schema.sql', -585350018, 'jira', '2017-04-07 11:12:16.595154', 25, true);


--
-- Data for Name: flyway_schema_version_ec1a8f; Type: TABLE DATA; Schema: public; Owner: jira
--

INSERT INTO flyway_schema_version_ec1a8f (installed_rank, version, description, type, script, checksum, installed_by, installed_on, execution_time, success) VALUES (1, '0', '<< Flyway Baseline >>', 'BASELINE', '<< Flyway Baseline >>', NULL, 'jira', '2017-04-07 11:12:17.588475', 0, true);
INSERT INTO flyway_schema_version_ec1a8f (installed_rank, version, description, type, script, checksum, installed_by, installed_on, execution_time, success) VALUES (2, '0001.00', 'create notification subcription tables', 'SQL', 'V0001_00__create_notification_subcription_tables.sql', -39654318, 'jira', '2017-05-15 11:24:08.630368', 8, true);


--
-- Data for Name: flyway_schema_version_ecd6b3; Type: TABLE DATA; Schema: public; Owner: jira
--

INSERT INTO flyway_schema_version_ecd6b3 (installed_rank, version, description, type, script, checksum, installed_by, installed_on, execution_time, success) VALUES (1, '0', '<< Flyway Baseline >>', 'BASELINE', '<< Flyway Baseline >>', NULL, 'jira', '2017-04-07 11:12:18.573381', 0, true);
INSERT INTO flyway_schema_version_ecd6b3 (installed_rank, version, description, type, script, checksum, installed_by, installed_on, execution_time, success) VALUES (2, '0001.00', 'create tables', 'SQL', 'V0001_00__create_tables.sql', -1898252442, 'jira', '2017-04-07 11:12:18.598378', 11, true);
INSERT INTO flyway_schema_version_ecd6b3 (installed_rank, version, description, type, script, checksum, installed_by, installed_on, execution_time, success) VALUES (3, '0001.01', 'update constraints', 'SQL', 'V0001_01__update_constraints.sql', -381655984, 'jira', '2017-04-07 11:12:18.618226', 10, true);


--
-- Data for Name: flyway_schema_version_f4ed3a; Type: TABLE DATA; Schema: public; Owner: jira
--

INSERT INTO flyway_schema_version_f4ed3a (installed_rank, version, description, type, script, checksum, installed_by, installed_on, execution_time, success) VALUES (1, '0', '<< Flyway Baseline >>', 'BASELINE', '<< Flyway Baseline >>', NULL, 'jira', '2017-04-07 11:12:19.155681', 0, true);
INSERT INTO flyway_schema_version_f4ed3a (installed_rank, version, description, type, script, checksum, installed_by, installed_on, execution_time, success) VALUES (2, '0001.00', 'create plugin module storage table', 'SQL', 'V0001_00__create_plugin_module_storage_table.sql', -1474962027, 'jira', '2017-04-07 11:12:19.180785', 5, true);
INSERT INTO flyway_schema_version_f4ed3a (installed_rank, version, description, type, script, checksum, installed_by, installed_on, execution_time, success) VALUES (3, '0003.00', 'create add on properties table', 'SQL', 'V0003_00__create_add_on_properties_table.sql', -234846127, 'jira', '2017-04-07 11:12:19.199279', 7, true);
INSERT INTO flyway_schema_version_f4ed3a (installed_rank, version, description, type, script, checksum, installed_by, installed_on, execution_time, success) VALUES (4, '0003.01', 'delete create addon properties function', 'SQL', 'V0003_01__delete_create_addon_properties_function.sql', -68903507, 'jira', '2017-04-07 11:12:19.232393', 4, true);
INSERT INTO flyway_schema_version_f4ed3a (installed_rank, version, description, type, script, checksum, installed_by, installed_on, execution_time, success) VALUES (5, '0004.00', 'create addon storage table', 'SQL', 'V0004_00__create_addon_storage_table.sql', 876605533, 'jira', '2017-04-07 11:12:19.251488', 45, true);
INSERT INTO flyway_schema_version_f4ed3a (installed_rank, version, description, type, script, checksum, installed_by, installed_on, execution_time, success) VALUES (6, '0005.00', 'delete dependency constraint', 'SQL', 'V0005_00__delete_dependency_constraint.sql', -239464993, 'jira', '2017-04-07 11:12:19.33083', 18, true);
INSERT INTO flyway_schema_version_f4ed3a (installed_rank, version, description, type, script, checksum, installed_by, installed_on, execution_time, success) VALUES (7, '0006.00', 'add license to listing info', 'SQL', 'V0006_00__add_license_to_listing_info.sql', -42142830, 'jira', '2017-04-07 11:12:19.362256', 12, true);
INSERT INTO flyway_schema_version_f4ed3a (installed_rank, version, description, type, script, checksum, installed_by, installed_on, execution_time, success) VALUES (8, '0007.00', 'remove baseurl unique constraint', 'SQL', 'V0007_00__remove_baseurl_unique_constraint.sql', -2042481440, 'jira', '2017-04-07 11:12:19.387611', 13, true);


--
-- Data for Name: flyway_schema_version_platform; Type: TABLE DATA; Schema: public; Owner: jira
--

INSERT INTO flyway_schema_version_platform (installed_rank, version, description, type, script, checksum, installed_by, installed_on, execution_time, success) VALUES (1, '0', '<< Flyway Baseline >>', 'BASELINE', '<< Flyway Baseline >>', NULL, 'jira', '2017-04-07 11:11:51.987932', 0, true);
INSERT INTO flyway_schema_version_platform (installed_rank, version, description, type, script, checksum, installed_by, installed_on, execution_time, success) VALUES (2, '001.001', 'jira initial schema', 'SQL', 'V001_001__jira_initial_schema.sql', 2054801107, 'jira', '2017-04-07 11:11:52.017625', 291, true);
INSERT INTO flyway_schema_version_platform (installed_rank, version, description, type, script, checksum, installed_by, installed_on, execution_time, success) VALUES (3, '001.002', 'customfieldvalue indexes', 'SQL', 'V001_002__customfieldvalue_indexes.sql', 1744691104, 'jira', '2017-04-07 11:11:52.319626', 14, true);
INSERT INTO flyway_schema_version_platform (installed_rank, version, description, type, script, checksum, installed_by, installed_on, execution_time, success) VALUES (4, '001.003', 'workflow scope', 'SQL', 'V001_003__workflow_scope.sql', 610289587, 'jira', '2017-04-07 11:11:52.341588', 4, true);
INSERT INTO flyway_schema_version_platform (installed_rank, version, description, type, script, checksum, installed_by, installed_on, execution_time, success) VALUES (5, '001.004', 'workflow scheme scope', 'SQL', 'V001_004__workflow_scheme_scope.sql', 737125005, 'jira', '2017-04-07 11:11:52.35338', 3, true);
INSERT INTO flyway_schema_version_platform (installed_rank, version, description, type, script, checksum, installed_by, installed_on, execution_time, success) VALUES (6, '001.005', 'scope entities', 'SQL', 'V001_005__scope_entities.sql', 1540751122, 'jira', '2017-04-07 11:11:52.363656', 5, true);
INSERT INTO flyway_schema_version_platform (installed_rank, version, description, type, script, checksum, installed_by, installed_on, execution_time, success) VALUES (7, '001.006', 'jira text trigram indices', 'SQL', 'V001_006__jira_text_trigram_indices.sql', -1143923949, 'jira', '2017-04-07 11:11:52.375874', 8, true);
INSERT INTO flyway_schema_version_platform (installed_rank, version, description, type, script, checksum, installed_by, installed_on, execution_time, success) VALUES (8, '001.007', 'issuefield option scope attributes', 'SQL', 'V001_007__issuefield_option_scope_attributes.sql', -1373309693, 'jira', '2017-04-07 11:11:52.391307', 6, true);
INSERT INTO flyway_schema_version_platform (installed_rank, version, description, type, script, checksum, installed_by, installed_on, execution_time, success) VALUES (9, '001.008', 'jql permission indexes indices', 'SQL', 'V001_008__jql_permission_indexes_indices.sql', -1040820290, 'jira', '2017-04-07 11:11:52.405666', 4, true);
INSERT INTO flyway_schema_version_platform (installed_rank, version, description, type, script, checksum, installed_by, installed_on, execution_time, success) VALUES (10, '001.009', 'entityproperty text trigram index', 'SQL', 'V001_009__entityproperty_text_trigram_index.sql', -566752524, 'jira', '2017-04-07 11:11:52.417632', 3, true);
INSERT INTO flyway_schema_version_platform (installed_rank, version, description, type, script, checksum, installed_by, installed_on, execution_time, success) VALUES (11, '001.010', 'changeitem fieldid', 'SQL', 'V001_010__changeitem_fieldid.sql', 1251239820, 'jira', '2017-04-07 11:11:52.428068', 4, true);
INSERT INTO flyway_schema_version_platform (installed_rank, version, description, type, script, checksum, installed_by, installed_on, execution_time, success) VALUES (12, '001.011', 'changeitem nextchanged', 'SQL', 'V001_011__changeitem_nextchanged.sql', 1595603572, 'jira', '2017-04-07 11:11:52.439075', 4, true);
INSERT INTO flyway_schema_version_platform (installed_rank, version, description, type, script, checksum, installed_by, installed_on, execution_time, success) VALUES (13, '001.012', 'issue field option id key unique constraint', 'SQL', 'V001_012__issue_field_option_id_key_unique_constraint.sql', -25260396, 'jira', '2017-04-07 11:11:52.449993', 4, true);
INSERT INTO flyway_schema_version_platform (installed_rank, version, description, type, script, checksum, installed_by, installed_on, execution_time, success) VALUES (14, '001.013', 'jiraworkflows unique name', 'SQL', 'V001_013__jiraworkflows_unique_name.sql', 1112620890, 'jira', '2017-04-07 11:11:52.46033', 3, true);
INSERT INTO flyway_schema_version_platform (installed_rank, version, description, type, script, checksum, installed_by, installed_on, execution_time, success) VALUES (15, '001.014', 'fieldlayoutitem fieldlayout index', 'SQL', 'V001_014__fieldlayoutitem_fieldlayout_index.sql', -45552659, 'jira', '2017-04-07 11:11:52.47025', 2, true);
INSERT INTO flyway_schema_version_platform (installed_rank, version, description, type, script, checksum, installed_by, installed_on, execution_time, success) VALUES (16, '001.015', 'field scope table', 'SQL', 'V001_015__field_scope_table.sql', -1962937983, 'jira', '2017-04-07 11:11:52.479698', 3, true);
INSERT INTO flyway_schema_version_platform (installed_rank, version, description, type, script, checksum, installed_by, installed_on, execution_time, success) VALUES (17, '001.016', 'issue field options scope attribute renamed', 'SQL', 'V001_016__issue_field_options_scope_attribute_renamed.sql', 1988961425, 'jira', '2017-04-07 11:11:52.48966', 9, true);
INSERT INTO flyway_schema_version_platform (installed_rank, version, description, type, script, checksum, installed_by, installed_on, execution_time, success) VALUES (18, '001.017', 'changegroup initialchange', 'SQL', 'V001_017__changegroup_initialchange.sql', -1995168176, 'jira', '2017-04-07 11:11:52.508057', 4, true);
INSERT INTO flyway_schema_version_platform (installed_rank, version, description, type, script, checksum, installed_by, installed_on, execution_time, success) VALUES (19, '001.018', 'indexes', 'SQL', 'V001_018__indexes.sql', -602035084, 'jira', '2017-04-07 11:11:52.520829', 8, true);
INSERT INTO flyway_schema_version_platform (installed_rank, version, description, type, script, checksum, installed_by, installed_on, execution_time, success) VALUES (20, '001.019', 'issue type scope', 'SQL', 'V001_019__issue_type_scope.sql', 1634437866, 'jira', '2017-04-07 11:11:52.537184', 5, true);
INSERT INTO flyway_schema_version_platform (installed_rank, version, description, type, script, checksum, installed_by, installed_on, execution_time, success) VALUES (21, '001.020', 'field scope index reorder', 'SQL', 'V001_020__field_scope_index_reorder.sql', -1683609577, 'jira', '2017-04-07 11:11:52.551229', 17, true);
INSERT INTO flyway_schema_version_platform (installed_rank, version, description, type, script, checksum, installed_by, installed_on, execution_time, success) VALUES (22, '001.021', 'issuekey indexes', 'SQL', 'V001_021__issuekey_indexes.sql', 595819640, 'jira', '2017-04-07 11:11:52.57935', 3, true);
INSERT INTO flyway_schema_version_platform (installed_rank, version, description, type, script, checksum, installed_by, installed_on, execution_time, success) VALUES (23, '001.022', 'tokens', 'SQL', 'V001_022__tokens.sql', 1993541698, 'jira', '2017-05-15 11:23:44.294635', 26, true);
INSERT INTO flyway_schema_version_platform (installed_rank, version, description, type, script, checksum, installed_by, installed_on, execution_time, success) VALUES (24, '001.023', 'entity property tokens', 'SQL', 'V001_023__entity_property_tokens.sql', -640647659, 'jira', '2017-05-15 11:23:44.338708', 8, true);
INSERT INTO flyway_schema_version_platform (installed_rank, version, description, type, script, checksum, installed_by, installed_on, execution_time, success) VALUES (25, '001.024', 'customfieldoption lower customvalue idx', 'SQL', 'V001_024__customfieldoption_lower_customvalue_idx.sql', -118148572, 'jira', '2017-05-15 11:23:44.359541', 6, true);
INSERT INTO flyway_schema_version_platform (installed_rank, version, description, type, script, checksum, installed_by, installed_on, execution_time, success) VALUES (26, '001.025', 'adhoc upgrade tasks table', 'SQL', 'V001_025__adhoc_upgrade_tasks_table.sql', 802661277, 'jira', '2017-05-15 11:23:44.376948', 5, true);
INSERT INTO flyway_schema_version_platform (installed_rank, version, description, type, script, checksum, installed_by, installed_on, execution_time, success) VALUES (27, '001.026', 'add default now to adhoc upgrade tasks', 'SQL', 'V001_026__add_default_now_to_adhoc_upgrade_tasks.sql', 599919298, 'jira', '2017-05-15 11:23:44.394007', 3, true);
INSERT INTO flyway_schema_version_platform (installed_rank, version, description, type, script, checksum, installed_by, installed_on, execution_time, success) VALUES (28, '001.027', 'jiraaction actiontype index', 'SQL', 'V001_027__jiraaction_actiontype_index.sql', 70143360, 'jira', '2017-05-15 11:23:44.406959', 2, true);
INSERT INTO flyway_schema_version_platform (installed_rank, version, description, type, script, checksum, installed_by, installed_on, execution_time, success) VALUES (29, '001.028', 'module state table', 'SQL', 'V001_028__module_state_table.sql', 1048546214, 'jira', '2017-05-15 11:23:44.41961', 4, true);
INSERT INTO flyway_schema_version_platform (installed_rank, version, description, type, script, checksum, installed_by, installed_on, execution_time, success) VALUES (30, '001.029', 'compound index schemepermissions', 'SQL', 'V001_029__compound_index_schemepermissions.sql', -730270233, 'jira', '2017-05-15 11:23:44.43305', 3, true);
INSERT INTO flyway_schema_version_platform (installed_rank, version, description, type, script, checksum, installed_by, installed_on, execution_time, success) VALUES (31, '001.030', 'customfieldvalue type and idx', 'SQL', 'V001_030__customfieldvalue_type_and_idx.sql', -1229807080, 'jira', '2017-05-15 11:23:44.445897', 5, true);
INSERT INTO flyway_schema_version_platform (installed_rank, version, description, type, script, checksum, installed_by, installed_on, execution_time, success) VALUES (32, '001.031', 'entity property index', 'SQL', 'V001_031__entity_property_index.sql', 573211151, 'jira', '2017-05-15 11:23:44.459781', 2, true);
INSERT INTO flyway_schema_version_platform (installed_rank, version, description, type, script, checksum, installed_by, installed_on, execution_time, success) VALUES (33, '001.032', 'add fk to jiraissuetokens', 'SQL', 'V001_032__add_fk_to_jiraissuetokens.sql', -1305892591, 'jira', '2017-05-15 11:23:44.470645', 5, true);
INSERT INTO flyway_schema_version_platform (installed_rank, version, description, type, script, checksum, installed_by, installed_on, execution_time, success) VALUES (34, '001.033', 'drop fk to jiraissuetokens', 'SQL', 'V001_033__drop_fk_to_jiraissuetokens.sql', -1141212161, 'jira', '2017-05-15 11:23:44.48537', 2, true);


--
-- Data for Name: flyway_schema_version_plugins; Type: TABLE DATA; Schema: public; Owner: jira
--

INSERT INTO flyway_schema_version_plugins (installed_rank, version, description, type, script, checksum, installed_by, installed_on, execution_time, success) VALUES (1, '0', '<< Flyway Baseline >>', 'BASELINE', '<< Flyway Baseline >>', NULL, 'jira', '2017-04-07 11:11:52.664497', 0, true);
INSERT INTO flyway_schema_version_plugins (installed_rank, version, description, type, script, checksum, installed_by, installed_on, execution_time, success) VALUES (2, '001.001', 'AO 013613 schema', 'SQL', 'V001_001__AO_013613_schema.sql', 796258525, 'jira', '2017-04-07 11:11:52.681472', 28, true);
INSERT INTO flyway_schema_version_plugins (installed_rank, version, description, type, script, checksum, installed_by, installed_on, execution_time, success) VALUES (3, '001.002', 'AO 0201F0 schema', 'SQL', 'V001_002__AO_0201F0_schema.sql', 616173421, 'jira', '2017-04-07 11:11:52.718918', 17, true);
INSERT INTO flyway_schema_version_plugins (installed_rank, version, description, type, script, checksum, installed_by, installed_on, execution_time, success) VALUES (4, '001.003', 'AO 098293 schema', 'SQL', 'V001_003__AO_098293_schema.sql', 913086223, 'jira', '2017-04-07 11:11:52.743589', 8, true);
INSERT INTO flyway_schema_version_plugins (installed_rank, version, description, type, script, checksum, installed_by, installed_on, execution_time, success) VALUES (5, '001.004', 'AO 2C4E5C schema', 'SQL', 'V001_004__AO_2C4E5C_schema.sql', 1755795776, 'jira', '2017-04-07 11:11:52.759365', 29, true);
INSERT INTO flyway_schema_version_plugins (installed_rank, version, description, type, script, checksum, installed_by, installed_on, execution_time, success) VALUES (6, '001.005', 'AO 21D670 schema', 'SQL', 'V001_005__AO_21D670_schema.sql', -1971900063, 'jira', '2017-04-07 11:11:52.797118', 11, true);
INSERT INTO flyway_schema_version_plugins (installed_rank, version, description, type, script, checksum, installed_by, installed_on, execution_time, success) VALUES (7, '001.006', 'AO 2D3BEA schema', 'SQL', 'V001_006__AO_2D3BEA_schema.sql', -693557018, 'jira', '2017-04-07 11:11:52.815764', 118, true);
INSERT INTO flyway_schema_version_plugins (installed_rank, version, description, type, script, checksum, installed_by, installed_on, execution_time, success) VALUES (8, '001.007', 'AO 319474 schema', 'SQL', 'V001_007__AO_319474_schema.sql', 1308647873, 'jira', '2017-04-07 11:11:52.942717', 21, true);
INSERT INTO flyway_schema_version_plugins (installed_rank, version, description, type, script, checksum, installed_by, installed_on, execution_time, success) VALUES (9, '001.008', 'AO 3A3ECC schema', 'SQL', 'V001_008__AO_3A3ECC_schema.sql', 872739523, 'jira', '2017-04-07 11:11:52.972313', 32, true);
INSERT INTO flyway_schema_version_plugins (installed_rank, version, description, type, script, checksum, installed_by, installed_on, execution_time, success) VALUES (10, '001.009', 'AO 3B1893 schema', 'SQL', 'V001_009__AO_3B1893_schema.sql', -1154968156, 'jira', '2017-04-07 11:11:53.012108', 13, true);
INSERT INTO flyway_schema_version_plugins (installed_rank, version, description, type, script, checksum, installed_by, installed_on, execution_time, success) VALUES (11, '001.010', 'AO 4AEACD schema', 'SQL', 'V001_010__AO_4AEACD_schema.sql', -242293928, 'jira', '2017-04-07 11:11:53.032916', 6, true);
INSERT INTO flyway_schema_version_plugins (installed_rank, version, description, type, script, checksum, installed_by, installed_on, execution_time, success) VALUES (12, '001.011', 'AO 4E8AE6 schema', 'SQL', 'V001_011__AO_4E8AE6_schema.sql', -366100810, 'jira', '2017-04-07 11:11:53.047242', 10, true);
INSERT INTO flyway_schema_version_plugins (installed_rank, version, description, type, script, checksum, installed_by, installed_on, execution_time, success) VALUES (13, '001.012', 'AO 54307E schema', 'SQL', 'V001_012__AO_54307E_schema.sql', 1617107411, 'jira', '2017-04-07 11:11:53.064546', 125, true);
INSERT INTO flyway_schema_version_plugins (installed_rank, version, description, type, script, checksum, installed_by, installed_on, execution_time, success) VALUES (14, '001.013', 'AO 550953 schema', 'SQL', 'V001_013__AO_550953_schema.sql', -1068023004, 'jira', '2017-04-07 11:11:53.198706', 8, true);
INSERT INTO flyway_schema_version_plugins (installed_rank, version, description, type, script, checksum, installed_by, installed_on, execution_time, success) VALUES (15, '001.014', 'AO 563AEE schema', 'SQL', 'V001_014__AO_563AEE_schema.sql', -1727208949, 'jira', '2017-04-07 11:11:53.216448', 26, true);
INSERT INTO flyway_schema_version_plugins (installed_rank, version, description, type, script, checksum, installed_by, installed_on, execution_time, success) VALUES (16, '001.015', 'AO 56464C schema', 'SQL', 'V001_015__AO_56464C_schema.sql', 1546129815, 'jira', '2017-04-07 11:11:53.250564', 21, true);
INSERT INTO flyway_schema_version_plugins (installed_rank, version, description, type, script, checksum, installed_by, installed_on, execution_time, success) VALUES (17, '001.016', 'AO 575BF5 schema', 'SQL', 'V001_016__AO_575BF5_schema.sql', -634726140, 'jira', '2017-04-07 11:11:53.280262', 29, true);
INSERT INTO flyway_schema_version_plugins (installed_rank, version, description, type, script, checksum, installed_by, installed_on, execution_time, success) VALUES (18, '001.017', 'AO 587B34 schema', 'SQL', 'V001_017__AO_587B34_schema.sql', -787618614, 'jira', '2017-04-07 11:11:53.316281', 13, true);
INSERT INTO flyway_schema_version_plugins (installed_rank, version, description, type, script, checksum, installed_by, installed_on, execution_time, success) VALUES (19, '001.018', 'AO 5FB9D7 schema', 'SQL', 'V001_018__AO_5FB9D7_schema.sql', 1901364740, 'jira', '2017-04-07 11:11:53.336737', 13, true);
INSERT INTO flyway_schema_version_plugins (installed_rank, version, description, type, script, checksum, installed_by, installed_on, execution_time, success) VALUES (20, '001.019', 'AO 60DB71 schema', 'SQL', 'V001_019__AO_60DB71_schema.sql', -1102823950, 'jira', '2017-04-07 11:11:53.35709', 78, true);
INSERT INTO flyway_schema_version_plugins (installed_rank, version, description, type, script, checksum, installed_by, installed_on, execution_time, success) VALUES (21, '001.020', 'AO 68DACE schema', 'SQL', 'V001_020__AO_68DACE_schema.sql', 2027513567, 'jira', '2017-04-07 11:11:53.45498', 18, true);
INSERT INTO flyway_schema_version_plugins (installed_rank, version, description, type, script, checksum, installed_by, installed_on, execution_time, success) VALUES (22, '001.021', 'AO 7A2604 schema', 'SQL', 'V001_021__AO_7A2604_schema.sql', -1011107641, 'jira', '2017-04-07 11:11:53.482777', 16, true);
INSERT INTO flyway_schema_version_plugins (installed_rank, version, description, type, script, checksum, installed_by, installed_on, execution_time, success) VALUES (23, '001.022', 'AO 82B313 schema', 'SQL', 'V001_022__AO_82B313_schema.sql', 115428247, 'jira', '2017-04-07 11:11:53.507394', 32, true);
INSERT INTO flyway_schema_version_plugins (installed_rank, version, description, type, script, checksum, installed_by, installed_on, execution_time, success) VALUES (24, '001.023', 'AO 86ED1B schema', 'SQL', 'V001_023__AO_86ED1B_schema.sql', -1924989967, 'jira', '2017-04-07 11:11:53.548604', 28, true);
INSERT INTO flyway_schema_version_plugins (installed_rank, version, description, type, script, checksum, installed_by, installed_on, execution_time, success) VALUES (25, '001.024', 'AO 88DE6A schema', 'SQL', 'V001_024__AO_88DE6A_schema.sql', -1932238830, 'jira', '2017-04-07 11:11:53.585312', 33, true);
INSERT INTO flyway_schema_version_plugins (installed_rank, version, description, type, script, checksum, installed_by, installed_on, execution_time, success) VALUES (26, '001.025', 'AO 9B2E3B schema', 'SQL', 'V001_025__AO_9B2E3B_schema.sql', 1120258714, 'jira', '2017-04-07 11:11:53.626497', 72, true);
INSERT INTO flyway_schema_version_plugins (installed_rank, version, description, type, script, checksum, installed_by, installed_on, execution_time, success) VALUES (27, '001.026', 'AO A0B856 schema', 'SQL', 'V001_026__AO_A0B856_schema.sql', 1332692463, 'jira', '2017-04-07 11:11:53.70548', 20, true);
INSERT INTO flyway_schema_version_plugins (installed_rank, version, description, type, script, checksum, installed_by, installed_on, execution_time, success) VALUES (28, '001.027', 'AO A415DF schema', 'SQL', 'V001_027__AO_A415DF_schema.sql', 191376258, 'jira', '2017-04-07 11:11:53.733915', 107, true);
INSERT INTO flyway_schema_version_plugins (installed_rank, version, description, type, script, checksum, installed_by, installed_on, execution_time, success) VALUES (29, '001.028', 'AO A44657 schema', 'SQL', 'V001_028__AO_A44657_schema.sql', 224230654, 'jira', '2017-04-07 11:11:53.850257', 6, true);
INSERT INTO flyway_schema_version_plugins (installed_rank, version, description, type, script, checksum, installed_by, installed_on, execution_time, success) VALUES (30, '001.029', 'AO AEFED0 schema', 'SQL', 'V001_029__AO_AEFED0_schema.sql', -1467247282, 'jira', '2017-04-07 11:11:53.863975', 41, true);
INSERT INTO flyway_schema_version_plugins (installed_rank, version, description, type, script, checksum, installed_by, installed_on, execution_time, success) VALUES (31, '001.030', 'AO B9A0F0 schema', 'SQL', 'V001_030__AO_B9A0F0_schema.sql', 1271460446, 'jira', '2017-04-07 11:11:53.913984', 21, true);
INSERT INTO flyway_schema_version_plugins (installed_rank, version, description, type, script, checksum, installed_by, installed_on, execution_time, success) VALUES (32, '001.031', 'AO C3C6E8 schema', 'SQL', 'V001_031__AO_C3C6E8_schema.sql', -1334219572, 'jira', '2017-04-07 11:11:53.94215', 30, true);
INSERT INTO flyway_schema_version_plugins (installed_rank, version, description, type, script, checksum, installed_by, installed_on, execution_time, success) VALUES (33, '001.032', 'AO CFF990 schema', 'SQL', 'V001_032__AO_CFF990_schema.sql', 840226556, 'jira', '2017-04-07 11:11:53.97953', 17, true);
INSERT INTO flyway_schema_version_plugins (installed_rank, version, description, type, script, checksum, installed_by, installed_on, execution_time, success) VALUES (34, '001.033', 'AO D9132D schema', 'SQL', 'V001_033__AO_D9132D_schema.sql', 1620070155, 'jira', '2017-04-07 11:11:54.005033', 185, true);
INSERT INTO flyway_schema_version_plugins (installed_rank, version, description, type, script, checksum, installed_by, installed_on, execution_time, success) VALUES (35, '001.034', 'AO E8B6CC schema', 'SQL', 'V001_034__AO_E8B6CC_schema.sql', 332584190, 'jira', '2017-04-07 11:11:54.199979', 86, true);
INSERT INTO flyway_schema_version_plugins (installed_rank, version, description, type, script, checksum, installed_by, installed_on, execution_time, success) VALUES (36, '001.035', 'AO ED979B schema', 'SQL', 'V001_035__AO_ED979B_schema.sql', -2077934456, 'jira', '2017-04-07 11:11:54.293728', 49, true);
INSERT INTO flyway_schema_version_plugins (installed_rank, version, description, type, script, checksum, installed_by, installed_on, execution_time, success) VALUES (37, '001.036', 'AO F1B27B schema', 'SQL', 'V001_036__AO_F1B27B_schema.sql', 150602426, 'jira', '2017-04-07 11:11:54.352105', 30, true);
INSERT INTO flyway_schema_version_plugins (installed_rank, version, description, type, script, checksum, installed_by, installed_on, execution_time, success) VALUES (38, '001.037', 'AO F4ED3A schema', 'SQL', 'V001_037__AO_F4ED3A_schema.sql', -1011342731, 'jira', '2017-04-07 11:11:54.390481', 16, true);
INSERT INTO flyway_schema_version_plugins (installed_rank, version, description, type, script, checksum, installed_by, installed_on, execution_time, success) VALUES (39, '001.038', 'AO C7F17E schema', 'SQL', 'V001_038__AO_C7F17E_schema.sql', -1944203560, 'jira', '2017-04-07 11:11:54.414033', 17, true);
INSERT INTO flyway_schema_version_plugins (installed_rank, version, description, type, script, checksum, installed_by, installed_on, execution_time, success) VALUES (40, '001.039', 'AO E8B6CC schema', 'SQL', 'V001_039__AO_E8B6CC_schema.sql', -714021173, 'jira', '2017-04-07 11:11:54.439849', 18, true);
INSERT INTO flyway_schema_version_plugins (installed_rank, version, description, type, script, checksum, installed_by, installed_on, execution_time, success) VALUES (41, '002.001', 'AO 013613 schema', 'SQL', 'V002_001__AO_013613_schema.sql', -1980773773, 'jira', '2017-04-07 11:11:54.465671', 19, true);
INSERT INTO flyway_schema_version_plugins (installed_rank, version, description, type, script, checksum, installed_by, installed_on, execution_time, success) VALUES (42, '002.002', 'AO 2D3BEA schema', 'SQL', 'V002_002__AO_2D3BEA_schema.sql', 250736076, 'jira', '2017-04-07 11:11:54.493162', 10, true);
INSERT INTO flyway_schema_version_plugins (installed_rank, version, description, type, script, checksum, installed_by, installed_on, execution_time, success) VALUES (43, '002.003', 'AO C3C6E8 schema', 'SQL', 'V002_003__AO_C3C6E8_schema.sql', -19133683, 'jira', '2017-04-07 11:11:54.511281', 11, true);
INSERT INTO flyway_schema_version_plugins (installed_rank, version, description, type, script, checksum, installed_by, installed_on, execution_time, success) VALUES (44, '003.001', 'AO 013613 schema', 'SQL', 'V003_001__AO_013613_schema.sql', -158311899, 'jira', '2017-04-07 11:11:54.529606', 7, true);
INSERT INTO flyway_schema_version_plugins (installed_rank, version, description, type, script, checksum, installed_by, installed_on, execution_time, success) VALUES (45, '003.002', 'AO 2D3BEA schema', 'SQL', 'V003_002__AO_2D3BEA_schema.sql', 1386656769, 'jira', '2017-04-07 11:11:54.545121', 7, true);
INSERT INTO flyway_schema_version_plugins (installed_rank, version, description, type, script, checksum, installed_by, installed_on, execution_time, success) VALUES (46, '003.003', 'AO 86ED1B schema', 'SQL', 'V003_003__AO_86ED1B_schema.sql', -883438983, 'jira', '2017-04-07 11:11:54.56079', 5, true);
INSERT INTO flyway_schema_version_plugins (installed_rank, version, description, type, script, checksum, installed_by, installed_on, execution_time, success) VALUES (47, '003.004', 'AO 098293 schema', 'SQL', 'V003_004__AO_098293_schema.sql', 1305560901, 'jira', '2017-04-07 11:11:54.572389', 13, true);
INSERT INTO flyway_schema_version_plugins (installed_rank, version, description, type, script, checksum, installed_by, installed_on, execution_time, success) VALUES (48, '003.005', 'AO 4AEACD schema', 'SQL', 'V003_005__AO_4AEACD_schema.sql', -12993870, 'jira', '2017-04-07 11:11:54.593475', 14, true);
INSERT INTO flyway_schema_version_plugins (installed_rank, version, description, type, script, checksum, installed_by, installed_on, execution_time, success) VALUES (49, '003.006', 'AO 5FB9D7 schema', 'SQL', 'V003_006__AO_5FB9D7_schema.sql', -94559817, 'jira', '2017-04-07 11:11:54.615899', 17, true);
INSERT INTO flyway_schema_version_plugins (installed_rank, version, description, type, script, checksum, installed_by, installed_on, execution_time, success) VALUES (50, '003.007', 'AO AEFED0 schema', 'SQL', 'V003_007__AO_AEFED0_schema.sql', -973190244, 'jira', '2017-04-07 11:11:54.641285', 14, true);
INSERT INTO flyway_schema_version_plugins (installed_rank, version, description, type, script, checksum, installed_by, installed_on, execution_time, success) VALUES (51, '003.008', 'AO E8B6CC schema', 'SQL', 'V003_008__AO_E8B6CC_schema.sql', -1530823815, 'jira', '2017-04-07 11:11:54.663363', 67, true);
INSERT INTO flyway_schema_version_plugins (installed_rank, version, description, type, script, checksum, installed_by, installed_on, execution_time, success) VALUES (52, '003.009', 'AO ED979B schema', 'SQL', 'V003_009__AO_ED979B_schema.sql', -335968738, 'jira', '2017-04-07 11:11:54.737909', 40, true);
INSERT INTO flyway_schema_version_plugins (installed_rank, version, description, type, script, checksum, installed_by, installed_on, execution_time, success) VALUES (53, '003.010', 'AO CFF990 schema', 'SQL', 'V003_010__AO_CFF990_schema.sql', -2028631505, 'jira', '2017-04-07 11:11:54.786831', 19, true);
INSERT INTO flyway_schema_version_plugins (installed_rank, version, description, type, script, checksum, installed_by, installed_on, execution_time, success) VALUES (54, '003.011', 'AO 563AEE schema', 'SQL', 'V003_011__AO_563AEE_schema.sql', 481216529, 'jira', '2017-04-07 11:11:54.813525', 11, true);
INSERT INTO flyway_schema_version_plugins (installed_rank, version, description, type, script, checksum, installed_by, installed_on, execution_time, success) VALUES (55, '003.012', 'AO 575BF5 schema', 'SQL', 'V003_012__AO_575BF5_schema.sql', -1358111536, 'jira', '2017-04-07 11:11:54.832477', 16, true);
INSERT INTO flyway_schema_version_plugins (installed_rank, version, description, type, script, checksum, installed_by, installed_on, execution_time, success) VALUES (56, '003.013', 'AO A0B856 schema', 'SQL', 'V003_013__AO_A0B856_schema.sql', 1504381328, 'jira', '2017-04-07 11:11:54.857606', 11, true);
INSERT INTO flyway_schema_version_plugins (installed_rank, version, description, type, script, checksum, installed_by, installed_on, execution_time, success) VALUES (57, '003.014', 'AO 013613 schema', 'SQL', 'V003_014__AO_013613_schema.sql', -158311899, 'jira', '2017-04-07 11:11:54.876605', 5, true);
INSERT INTO flyway_schema_version_plugins (installed_rank, version, description, type, script, checksum, installed_by, installed_on, execution_time, success) VALUES (58, '003.015', 'AO 2D3BEA schema', 'SQL', 'V003_015__AO_2D3BEA_schema.sql', 833784550, 'jira', '2017-04-07 11:11:54.889485', 6, true);
INSERT INTO flyway_schema_version_plugins (installed_rank, version, description, type, script, checksum, installed_by, installed_on, execution_time, success) VALUES (59, '003.016', 'AO 86ED1B schema', 'SQL', 'V003_016__AO_86ED1B_schema.sql', -182026051, 'jira', '2017-04-07 11:11:54.906106', 3, true);
INSERT INTO flyway_schema_version_plugins (installed_rank, version, description, type, script, checksum, installed_by, installed_on, execution_time, success) VALUES (60, '003.017', 'AO E8B6CC schema', 'SQL', 'V003_017__AO_E8B6CC_schema.sql', 1920482336, 'jira', '2017-05-15 11:23:44.597182', 4, true);


--
-- Data for Name: gadgetuserpreference; Type: TABLE DATA; Schema: public; Owner: jira
--

INSERT INTO gadgetuserpreference (id, portletconfiguration, userprefkey, userprefvalue) VALUES (10000, 10001, 'keys', '__all_projects__');
INSERT INTO gadgetuserpreference (id, portletconfiguration, userprefkey, userprefvalue) VALUES (10001, 10001, 'isConfigured', 'true');
INSERT INTO gadgetuserpreference (id, portletconfiguration, userprefkey, userprefvalue) VALUES (10002, 10001, 'title', 'bonfire-rest-data.xml');
INSERT INTO gadgetuserpreference (id, portletconfiguration, userprefkey, userprefvalue) VALUES (10003, 10001, 'numofentries', '5');
INSERT INTO gadgetuserpreference (id, portletconfiguration, userprefkey, userprefvalue) VALUES (10004, 10002, 'isConfigured', 'true');
INSERT INTO gadgetuserpreference (id, portletconfiguration, userprefkey, userprefvalue) VALUES (10005, 10003, 'isConfigured', 'true');


--
-- Name: gadgetuserpreference_id_seq; Type: SEQUENCE SET; Schema: public; Owner: jira
--

SELECT pg_catalog.setval('gadgetuserpreference_id_seq', 10100, false);


--
-- Data for Name: genericconfiguration; Type: TABLE DATA; Schema: public; Owner: jira
--

INSERT INTO genericconfiguration (id, datatype, datakey, xmlvalue) VALUES (10000, 'DefaultValue', '10000', '<string>1</string>');
INSERT INTO genericconfiguration (id, datatype, datakey, xmlvalue) VALUES (10100, 'DefaultValue', '10102', '<long>10000</long>');


--
-- Name: genericconfiguration_id_seq; Type: SEQUENCE SET; Schema: public; Owner: jira
--

SELECT pg_catalog.setval('genericconfiguration_id_seq', 10100, true);


--
-- Data for Name: globalpermissionentry; Type: TABLE DATA; Schema: public; Owner: jira
--

INSERT INTO globalpermissionentry (id, permission, group_id) VALUES (10000, 'ADMINISTER', 'jira-administrators');
INSERT INTO globalpermissionentry (id, permission, group_id) VALUES (10001, 'USE', 'jira-users');
INSERT INTO globalpermissionentry (id, permission, group_id) VALUES (10002, 'USER_PICKER', 'jira-developers');
INSERT INTO globalpermissionentry (id, permission, group_id) VALUES (10003, 'MANAGE_GROUP_FILTER_SUBSCRIPTIONS', 'jira-developers');
INSERT INTO globalpermissionentry (id, permission, group_id) VALUES (10004, 'CREATE_SHARED_OBJECTS', 'jira-users');
INSERT INTO globalpermissionentry (id, permission, group_id) VALUES (10005, 'BULK_CHANGE', 'jira-users');
INSERT INTO globalpermissionentry (id, permission, group_id) VALUES (10006, 'SYSTEM_ADMIN', 'jira-administrators');


--
-- Name: globalpermissionentry_id_seq; Type: SEQUENCE SET; Schema: public; Owner: jira
--

SELECT pg_catalog.setval('globalpermissionentry_id_seq', 10100, false);


--
-- Data for Name: groupbase; Type: TABLE DATA; Schema: public; Owner: jira
--



--
-- Name: groupbase_id_seq; Type: SEQUENCE SET; Schema: public; Owner: jira
--

SELECT pg_catalog.setval('groupbase_id_seq', 10000, false);


--
-- Data for Name: issue_field_option; Type: TABLE DATA; Schema: public; Owner: jira
--



--
-- Data for Name: issue_field_option_attr; Type: TABLE DATA; Schema: public; Owner: jira
--



--
-- Name: issue_field_option_attr_id_seq; Type: SEQUENCE SET; Schema: public; Owner: jira
--

SELECT pg_catalog.setval('issue_field_option_attr_id_seq', 10000, false);


--
-- Name: issue_field_option_id_seq; Type: SEQUENCE SET; Schema: public; Owner: jira
--

SELECT pg_catalog.setval('issue_field_option_id_seq', 10000, false);


--
-- Data for Name: issue_field_option_scope; Type: TABLE DATA; Schema: public; Owner: jira
--



--
-- Name: issue_field_option_scope_id_seq; Type: SEQUENCE SET; Schema: public; Owner: jira
--

SELECT pg_catalog.setval('issue_field_option_scope_id_seq', 10000, false);


--
-- Data for Name: issuelink; Type: TABLE DATA; Schema: public; Owner: jira
--



--
-- Name: issuelink_id_seq; Type: SEQUENCE SET; Schema: public; Owner: jira
--

SELECT pg_catalog.setval('issuelink_id_seq', 10000, false);


--
-- Data for Name: issuelinktype; Type: TABLE DATA; Schema: public; Owner: jira
--

INSERT INTO issuelinktype (id, linkname, inward, outward, pstyle) VALUES (10000, 'Bonfire Testing', 'discovered while testing', 'testing discovered', NULL);
INSERT INTO issuelinktype (id, linkname, inward, outward, pstyle) VALUES (10100, 'Epic-Story Link', 'has Epic', 'is Epic of', 'jira_gh_epic_story');


--
-- Name: issuelinktype_id_seq; Type: SEQUENCE SET; Schema: public; Owner: jira
--

SELECT pg_catalog.setval('issuelinktype_id_seq', 10100, true);


--
-- Data for Name: issuesecurityscheme; Type: TABLE DATA; Schema: public; Owner: jira
--



--
-- Name: issuesecurityscheme_id_seq; Type: SEQUENCE SET; Schema: public; Owner: jira
--

SELECT pg_catalog.setval('issuesecurityscheme_id_seq', 10000, false);


--
-- Data for Name: issuestatus; Type: TABLE DATA; Schema: public; Owner: jira
--

INSERT INTO issuestatus (id, sequence, pname, description, iconurl, statuscategory) VALUES ('1', 1, 'Open', 'The issue is open and ready for the assignee to start work on it.', '/images/icons/statuses/open.png', 2);
INSERT INTO issuestatus (id, sequence, pname, description, iconurl, statuscategory) VALUES ('4', 4, 'Reopened', 'This issue was once resolved, but the resolution was deemed incorrect. From here issues are either marked assigned or resolved.', '/images/icons/statuses/reopened.png', 2);
INSERT INTO issuestatus (id, sequence, pname, description, iconurl, statuscategory) VALUES ('3', 3, 'In Progress', 'This issue is being actively worked on at the moment by the assignee.', '/images/icons/statuses/inprogress.png', 4);
INSERT INTO issuestatus (id, sequence, pname, description, iconurl, statuscategory) VALUES ('5', 5, 'Resolved', 'A resolution has been taken, and it is awaiting verification by reporter. From here issues are either reopened, or are closed.', '/images/icons/statuses/resolved.png', 3);
INSERT INTO issuestatus (id, sequence, pname, description, iconurl, statuscategory) VALUES ('6', 6, 'Closed', 'The issue is considered finished, the resolution is correct. Issues which are closed can be reopened.', '/images/icons/statuses/closed.png', 3);


--
-- Name: issuestatus_id_seq; Type: SEQUENCE SET; Schema: public; Owner: jira
--

SELECT pg_catalog.setval('issuestatus_id_seq', 10000, false);


--
-- Data for Name: issuetype; Type: TABLE DATA; Schema: public; Owner: jira
--

INSERT INTO issuetype (id, sequence, pname, pstyle, description, iconurl, avatar, scope) VALUES ('4', 4, 'Improvement', NULL, 'An improvement or enhancement to an existing feature or task.', '/images/icons/issuetypes/improvement.png', 10250, NULL);
INSERT INTO issuetype (id, sequence, pname, pstyle, description, iconurl, avatar, scope) VALUES ('1', 1, 'Bug', NULL, 'A problem which impairs or prevents the functions of the product.', '/images/icons/issuetypes/bug.png', 10243, NULL);
INSERT INTO issuetype (id, sequence, pname, pstyle, description, iconurl, avatar, scope) VALUES ('2', 2, 'New Feature', NULL, 'A new feature of the product, which has yet to be developed.', '/images/icons/issuetypes/newfeature.png', 10251, NULL);
INSERT INTO issuetype (id, sequence, pname, pstyle, description, iconurl, avatar, scope) VALUES ('3', 3, 'Task', NULL, 'A task that needs to be done.', '/images/icons/issuetypes/task.png', 10258, NULL);
INSERT INTO issuetype (id, sequence, pname, pstyle, description, iconurl, avatar, scope) VALUES ('10000', NULL, 'Epic', NULL, 'A big user story that needs to be broken down. Created by JIRA Software - do not edit or delete.', '/images/icons/issuetypes/epic.svg', NULL, NULL);


--
-- Name: issuetype_id_seq; Type: SEQUENCE SET; Schema: public; Owner: jira
--

SELECT pg_catalog.setval('issuetype_id_seq', 10000, true);


--
-- Data for Name: issuetypescreenscheme; Type: TABLE DATA; Schema: public; Owner: jira
--

INSERT INTO issuetypescreenscheme (id, name, description, scope) VALUES (1, 'Default Issue Type Screen Scheme', 'The default issue type screen scheme', NULL);


--
-- Name: issuetypescreenscheme_id_seq; Type: SEQUENCE SET; Schema: public; Owner: jira
--

SELECT pg_catalog.setval('issuetypescreenscheme_id_seq', 10000, false);


--
-- Data for Name: issuetypescreenschemeentity; Type: TABLE DATA; Schema: public; Owner: jira
--

INSERT INTO issuetypescreenschemeentity (id, issuetype, scheme, fieldscreenscheme) VALUES (10000, NULL, 1, 1);


--
-- Name: issuetypescreenschemeentity_id_seq; Type: SEQUENCE SET; Schema: public; Owner: jira
--

SELECT pg_catalog.setval('issuetypescreenschemeentity_id_seq', 10100, false);


--
-- Data for Name: jiraaction; Type: TABLE DATA; Schema: public; Owner: jira
--



--
-- Name: jiraaction_id_seq; Type: SEQUENCE SET; Schema: public; Owner: jira
--

SELECT pg_catalog.setval('jiraaction_id_seq', 10000, false);


--
-- Data for Name: jiradraftworkflows; Type: TABLE DATA; Schema: public; Owner: jira
--



--
-- Name: jiradraftworkflows_id_seq; Type: SEQUENCE SET; Schema: public; Owner: jira
--

SELECT pg_catalog.setval('jiradraftworkflows_id_seq', 10000, false);


--
-- Data for Name: jiraeventtype; Type: TABLE DATA; Schema: public; Owner: jira
--

INSERT INTO jiraeventtype (id, template_id, name, description, event_type) VALUES (1, NULL, 'Issue Created', 'This is the ''issue created'' event.', 'jira.system.event.type');
INSERT INTO jiraeventtype (id, template_id, name, description, event_type) VALUES (2, NULL, 'Issue Updated', 'This is the ''issue updated'' event.', 'jira.system.event.type');
INSERT INTO jiraeventtype (id, template_id, name, description, event_type) VALUES (3, NULL, 'Issue Assigned', 'This is the ''issue assigned'' event.', 'jira.system.event.type');
INSERT INTO jiraeventtype (id, template_id, name, description, event_type) VALUES (4, NULL, 'Issue Resolved', 'This is the ''issue resolved'' event.', 'jira.system.event.type');
INSERT INTO jiraeventtype (id, template_id, name, description, event_type) VALUES (5, NULL, 'Issue Closed', 'This is the ''issue closed'' event.', 'jira.system.event.type');
INSERT INTO jiraeventtype (id, template_id, name, description, event_type) VALUES (6, NULL, 'Issue Commented', 'This is the ''issue commented'' event.', 'jira.system.event.type');
INSERT INTO jiraeventtype (id, template_id, name, description, event_type) VALUES (7, NULL, 'Issue Reopened', 'This is the ''issue reopened'' event.', 'jira.system.event.type');
INSERT INTO jiraeventtype (id, template_id, name, description, event_type) VALUES (8, NULL, 'Issue Deleted', 'This is the ''issue deleted'' event.', 'jira.system.event.type');
INSERT INTO jiraeventtype (id, template_id, name, description, event_type) VALUES (9, NULL, 'Issue Moved', 'This is the ''issue moved'' event.', 'jira.system.event.type');
INSERT INTO jiraeventtype (id, template_id, name, description, event_type) VALUES (10, NULL, 'Work Logged On Issue', 'This is the ''work logged on issue'' event.', 'jira.system.event.type');
INSERT INTO jiraeventtype (id, template_id, name, description, event_type) VALUES (11, NULL, 'Work Started On Issue', 'This is the ''work started on issue'' event.', 'jira.system.event.type');
INSERT INTO jiraeventtype (id, template_id, name, description, event_type) VALUES (12, NULL, 'Work Stopped On Issue', 'This is the ''work stopped on issue'' event.', 'jira.system.event.type');
INSERT INTO jiraeventtype (id, template_id, name, description, event_type) VALUES (13, NULL, 'Generic Event', 'This is the ''generic event'' event.', 'jira.system.event.type');
INSERT INTO jiraeventtype (id, template_id, name, description, event_type) VALUES (14, NULL, 'Issue Comment Edited', 'This is the ''issue comment edited'' event.', 'jira.system.event.type');
INSERT INTO jiraeventtype (id, template_id, name, description, event_type) VALUES (15, NULL, 'Issue Worklog Updated', 'This is the ''issue worklog updated'' event.', 'jira.system.event.type');
INSERT INTO jiraeventtype (id, template_id, name, description, event_type) VALUES (16, NULL, 'Issue Worklog Deleted', 'This is the ''issue worklog deleted'' event.', 'jira.system.event.type');
INSERT INTO jiraeventtype (id, template_id, name, description, event_type) VALUES (17, NULL, 'Issue Comment Deleted', 'This is the ''Issue Comment Deleted'' event type.', 'jira.system.event.type');


--
-- Name: jiraeventtype_id_seq; Type: SEQUENCE SET; Schema: public; Owner: jira
--

SELECT pg_catalog.setval('jiraeventtype_id_seq', 10000, false);


--
-- Data for Name: jiraissue; Type: TABLE DATA; Schema: public; Owner: jira
--

INSERT INTO jiraissue (id, pkey, issuenum, project, reporter, assignee, creator, issuetype, summary, description, environment, priority, resolution, issuestatus, created, updated, duedate, resolutiondate, votes, watches, timeoriginalestimate, timeestimate, timespent, workflow_id, security, fixfor, component) VALUES (10000, 'TST', 1, 10000, 'admin', 'admin', 'admin', '1', 'Issue under test', 'This is the issue under test.', NULL, '3', NULL, '1', '2011-06-29 16:40:56.287+00', '2011-06-29 16:40:56.287+00', NULL, NULL, 0, 0, NULL, NULL, NULL, 10000, NULL, NULL, NULL);
INSERT INTO jiraissue (id, pkey, issuenum, project, reporter, assignee, creator, issuetype, summary, description, environment, priority, resolution, issuestatus, created, updated, duedate, resolutiondate, votes, watches, timeoriginalestimate, timeestimate, timespent, workflow_id, security, fixfor, component) VALUES (10001, 'TST', 2, 10000, 'admin', 'admin', 'admin', '1', 'Issue under test', 'This is the issue under test.', NULL, '3', NULL, '1', '2011-06-29 16:40:56.287+00', '2011-06-29 16:40:56.287+00', NULL, NULL, 0, 0, NULL, NULL, NULL, 10000, NULL, NULL, NULL);
INSERT INTO jiraissue (id, pkey, issuenum, project, reporter, assignee, creator, issuetype, summary, description, environment, priority, resolution, issuestatus, created, updated, duedate, resolutiondate, votes, watches, timeoriginalestimate, timeestimate, timespent, workflow_id, security, fixfor, component) VALUES (10002, 'TST', 3, 10000, 'admin', 'admin', 'admin', '1', 'Issue under test', 'This is the issue under test.', NULL, '3', NULL, '1', '2011-06-29 16:40:56.287+00', '2011-06-29 16:40:56.287+00', NULL, NULL, 0, 0, NULL, NULL, NULL, 10000, NULL, NULL, NULL);


--
-- Name: jiraissue_id_seq; Type: SEQUENCE SET; Schema: public; Owner: jira
--

SELECT pg_catalog.setval('jiraissue_id_seq', 10100, false);


--
-- Data for Name: jiraissuetokens; Type: TABLE DATA; Schema: public; Owner: jira
--



--
-- Data for Name: jiraperms; Type: TABLE DATA; Schema: public; Owner: jira
--



--
-- Name: jiraperms_id_seq; Type: SEQUENCE SET; Schema: public; Owner: jira
--

SELECT pg_catalog.setval('jiraperms_id_seq', 10000, false);


--
-- Data for Name: jiraworkflows; Type: TABLE DATA; Schema: public; Owner: jira
--

INSERT INTO jiraworkflows (id, workflowname, creatorname, descriptor, islocked, scope) VALUES (10000, 'classic default workflow', NULL, '<?xml version="1.0" encoding="UTF-8"?>
<!DOCTYPE workflow PUBLIC "-//OpenSymphony Group//DTD OSWorkflow 2.8//EN" "http://www.opensymphony.com/osworkflow/workflow_2_8.dtd">
<workflow>
  <meta name="jira.description">The classic JIRA default workflow</meta>
  <initial-actions>
    <action id="1" name="Create Issue">
      <meta name="opsbar-sequence">0</meta>
      <meta name="jira.i18n.title">common.forms.create</meta>
      <validators>
        <validator name="" type="class">
          <arg name="permission">Create Issue</arg>
          <arg name="class.name">com.atlassian.jira.workflow.validator.PermissionValidator</arg>
        </validator>
      </validators>
      <results>
        <unconditional-result old-status="Finished" status="Open" step="1">
          <post-functions>
            <function type="class">
              <arg name="class.name">com.atlassian.jira.workflow.function.issue.IssueCreateFunction</arg>
            </function>
            <function type="class">
              <arg name="eventTypeId">1</arg>
              <arg name="class.name">com.atlassian.jira.workflow.function.event.FireIssueEventFunction</arg>
            </function>
          </post-functions>
        </unconditional-result>
      </results>
    </action>
  </initial-actions>
  <common-actions>
    <action id="2" name="Close Issue" view="resolveissue">
      <meta name="jira.i18n.submit">closeissue.close</meta>
      <meta name="opsbar-sequence">60</meta>
      <meta name="jira.i18n.description">closeissue.desc</meta>
      <meta name="jira.i18n.title">closeissue.title</meta>
      <restrict-to>
        <conditions type="AND">
          <condition type="class">
            <arg name="permission">Resolve Issue</arg>
            <arg name="class.name">com.atlassian.jira.workflow.condition.PermissionCondition</arg>
          </condition>
          <condition type="class">
            <arg name="permission">Close Issue</arg>
            <arg name="class.name">com.atlassian.jira.workflow.condition.PermissionCondition</arg>
          </condition>
        </conditions>
      </restrict-to>
      <results>
        <unconditional-result old-status="Finished" status="Closed" step="6">
          <post-functions>
            <function type="class">
              <arg name="class.name">com.atlassian.jira.workflow.function.issue.UpdateIssueStatusFunction</arg>
            </function>
            <function type="class">
              <arg name="class.name">com.atlassian.jira.workflow.function.misc.CreateCommentFunction</arg>
            </function>
            <function type="class">
              <arg name="class.name">com.atlassian.jira.workflow.function.issue.GenerateChangeHistoryFunction</arg>
            </function>
            <function type="class">
              <arg name="class.name">com.atlassian.jira.workflow.function.issue.IssueReindexFunction</arg>
            </function>
            <function type="class">
              <arg name="eventTypeId">5</arg>
              <arg name="class.name">com.atlassian.jira.workflow.function.event.FireIssueEventFunction</arg>
            </function>
          </post-functions>
        </unconditional-result>
      </results>
    </action>
    <action id="3" name="Reopen Issue" view="commentassign">
      <meta name="jira.i18n.submit">issue.operations.reopen.issue</meta>
      <meta name="opsbar-sequence">80</meta>
      <meta name="jira.i18n.description">issue.operations.reopen.description</meta>
      <meta name="jira.i18n.title">issue.operations.reopen.issue</meta>
      <restrict-to>
        <conditions>
          <condition type="class">
            <arg name="permission">Resolve Issue</arg>
            <arg name="class.name">com.atlassian.jira.workflow.condition.PermissionCondition</arg>
          </condition>
        </conditions>
      </restrict-to>
      <results>
        <unconditional-result old-status="Finished" status="Reopened" step="5">
          <post-functions>
            <function type="class">
              <arg name="field.name">resolution</arg>
              <arg name="field.value"></arg>
              <arg name="class.name">com.atlassian.jira.workflow.function.issue.UpdateIssueFieldFunction</arg>
            </function>
            <function type="class">
              <arg name="class.name">com.atlassian.jira.workflow.function.issue.UpdateIssueStatusFunction</arg>
            </function>
            <function type="class">
              <arg name="class.name">com.atlassian.jira.workflow.function.misc.CreateCommentFunction</arg>
            </function>
            <function type="class">
              <arg name="class.name">com.atlassian.jira.workflow.function.issue.GenerateChangeHistoryFunction</arg>
            </function>
            <function type="class">
              <arg name="class.name">com.atlassian.jira.workflow.function.issue.IssueReindexFunction</arg>
            </function>
            <function type="class">
              <arg name="eventTypeId">7</arg>
              <arg name="class.name">com.atlassian.jira.workflow.function.event.FireIssueEventFunction</arg>
            </function>
          </post-functions>
        </unconditional-result>
      </results>
    </action>
    <action id="4" name="Start Progress">
      <meta name="opsbar-sequence">20</meta>
      <meta name="jira.i18n.title">startprogress.title</meta>
      <restrict-to>
        <conditions>
          <condition type="class">
            <arg name="class.name">com.atlassian.jira.workflow.condition.AllowOnlyAssignee</arg>
          </condition>
        </conditions>
      </restrict-to>
      <results>
        <unconditional-result old-status="Finished" status="Underway" step="3">
          <post-functions>
            <function type="class">
              <arg name="field.name">resolution</arg>
              <arg name="field.value"></arg>
              <arg name="class.name">com.atlassian.jira.workflow.function.issue.UpdateIssueFieldFunction</arg>
            </function>
            <function type="class">
              <arg name="class.name">com.atlassian.jira.workflow.function.issue.UpdateIssueStatusFunction</arg>
            </function>
            <function type="class">
              <arg name="class.name">com.atlassian.jira.workflow.function.misc.CreateCommentFunction</arg>
            </function>
            <function type="class">
              <arg name="class.name">com.atlassian.jira.workflow.function.issue.GenerateChangeHistoryFunction</arg>
            </function>
            <function type="class">
              <arg name="class.name">com.atlassian.jira.workflow.function.issue.IssueReindexFunction</arg>
            </function>
            <function type="class">
              <arg name="eventTypeId">11</arg>
              <arg name="class.name">com.atlassian.jira.workflow.function.event.FireIssueEventFunction</arg>
            </function>
          </post-functions>
        </unconditional-result>
      </results>
    </action>
    <action id="5" name="Resolve Issue" view="resolveissue">
      <meta name="jira.i18n.submit">resolveissue.resolve</meta>
      <meta name="opsbar-sequence">40</meta>
      <meta name="jira.i18n.description">resolveissue.desc.line1</meta>
      <meta name="jira.i18n.title">resolveissue.title</meta>
      <restrict-to>
        <conditions>
          <condition type="class">
            <arg name="permission">Resolve Issue</arg>
            <arg name="class.name">com.atlassian.jira.workflow.condition.PermissionCondition</arg>
          </condition>
        </conditions>
      </restrict-to>
      <results>
        <unconditional-result old-status="Finished" status="Resolved" step="4">
          <post-functions>
            <function type="class">
              <arg name="class.name">com.atlassian.jira.workflow.function.issue.UpdateIssueStatusFunction</arg>
            </function>
            <function type="class">
              <arg name="class.name">com.atlassian.jira.workflow.function.misc.CreateCommentFunction</arg>
            </function>
            <function type="class">
              <arg name="class.name">com.atlassian.jira.workflow.function.issue.GenerateChangeHistoryFunction</arg>
            </function>
            <function type="class">
              <arg name="class.name">com.atlassian.jira.workflow.function.issue.IssueReindexFunction</arg>
            </function>
            <function type="class">
              <arg name="eventTypeId">4</arg>
              <arg name="class.name">com.atlassian.jira.workflow.function.event.FireIssueEventFunction</arg>
            </function>
          </post-functions>
        </unconditional-result>
      </results>
    </action>
  </common-actions>
  <steps>
    <step id="1" name="Open">
      <meta name="jira.status.id">1</meta>
      <actions>
<common-action id="4" />
<common-action id="5" />
<common-action id="2" />
      </actions>
    </step>
    <step id="3" name="In Progress">
      <meta name="jira.status.id">3</meta>
      <actions>
<common-action id="5" />
<common-action id="2" />
        <action id="301" name="Stop Progress">
          <meta name="opsbar-sequence">20</meta>
          <meta name="jira.i18n.title">stopprogress.title</meta>
          <restrict-to>
            <conditions>
              <condition type="class">
                <arg name="class.name">com.atlassian.jira.workflow.condition.AllowOnlyAssignee</arg>
              </condition>
            </conditions>
          </restrict-to>
          <results>
            <unconditional-result old-status="Finished" status="Assigned" step="1">
              <post-functions>
                <function type="class">
                  <arg name="field.name">resolution</arg>
                  <arg name="field.value"></arg>
                  <arg name="class.name">com.atlassian.jira.workflow.function.issue.UpdateIssueFieldFunction</arg>
                </function>
                <function type="class">
                  <arg name="class.name">com.atlassian.jira.workflow.function.issue.UpdateIssueStatusFunction</arg>
                </function>
                <function type="class">
                  <arg name="class.name">com.atlassian.jira.workflow.function.misc.CreateCommentFunction</arg>
                </function>
                <function type="class">
                  <arg name="class.name">com.atlassian.jira.workflow.function.issue.GenerateChangeHistoryFunction</arg>
                </function>
                <function type="class">
                  <arg name="class.name">com.atlassian.jira.workflow.function.issue.IssueReindexFunction</arg>
                </function>
                <function type="class">
                  <arg name="eventTypeId">12</arg>
                  <arg name="class.name">com.atlassian.jira.workflow.function.event.FireIssueEventFunction</arg>
                </function>
              </post-functions>
            </unconditional-result>
          </results>
        </action>
      </actions>
    </step>
    <step id="4" name="Resolved">
      <meta name="jira.status.id">5</meta>
      <actions>
<common-action id="3" />
        <action id="701" name="Close Issue" view="commentassign">
          <meta name="jira.i18n.submit">closeissue.close</meta>
          <meta name="opsbar-sequence">60</meta>
          <meta name="jira.description">Closing an issue indicates there is no more work to be done on it, and it has been verified as complete.</meta>
          <meta name="jira.i18n.description">closeissue.desc</meta>
          <meta name="jira.i18n.title">closeissue.title</meta>
          <restrict-to>
            <conditions>
              <condition type="class">
                <arg name="permission">Close Issue</arg>
                <arg name="class.name">com.atlassian.jira.workflow.condition.PermissionCondition</arg>
              </condition>
            </conditions>
          </restrict-to>
          <results>
            <unconditional-result old-status="Finished" status="Closed" step="6">
              <post-functions>
                <function type="class">
                  <arg name="class.name">com.atlassian.jira.workflow.function.issue.UpdateIssueStatusFunction</arg>
                </function>
                <function type="class">
                  <arg name="class.name">com.atlassian.jira.workflow.function.misc.CreateCommentFunction</arg>
                </function>
                <function type="class">
                  <arg name="class.name">com.atlassian.jira.workflow.function.issue.GenerateChangeHistoryFunction</arg>
                </function>
                <function type="class">
                  <arg name="class.name">com.atlassian.jira.workflow.function.issue.IssueReindexFunction</arg>
                </function>
                <function type="class">
                  <arg name="eventTypeId">5</arg>
                  <arg name="class.name">com.atlassian.jira.workflow.function.event.FireIssueEventFunction</arg>
                </function>
              </post-functions>
            </unconditional-result>
          </results>
        </action>
      </actions>
    </step>
    <step id="5" name="Reopened">
      <meta name="jira.status.id">4</meta>
      <actions>
<common-action id="5" />
<common-action id="2" />
<common-action id="4" />
      </actions>
    </step>
    <step id="6" name="Closed">
      <meta name="jira.issue.editable">false</meta>
      <meta name="jira.status.id">6</meta>
      <actions>
<common-action id="3" />
      </actions>
    </step>
  </steps>
</workflow>
', NULL, NULL);
INSERT INTO jiraworkflows (id, workflowname, creatorname, descriptor, islocked, scope) VALUES (10100, 'classic default workflow (System)', NULL, '<?xml version="1.0" encoding="UTF-8"?>
<!DOCTYPE workflow PUBLIC "-//OpenSymphony Group//DTD OSWorkflow 2.8//EN" "http://www.opensymphony.com/osworkflow/workflow_2_8.dtd">
<workflow>
  <meta name="jira.description">The classic JIRA default workflow</meta>
  <initial-actions>
    <action id="1" name="Create Issue">
      <meta name="opsbar-sequence">0</meta>
      <meta name="jira.i18n.title">common.forms.create</meta>
      <validators>
        <validator name="" type="class">
          <arg name="permission">Create Issue</arg>
          <arg name="class.name">com.atlassian.jira.workflow.validator.PermissionValidator</arg>
        </validator>
      </validators>
      <results>
        <unconditional-result old-status="Finished" status="Open" step="1">
          <post-functions>
            <function type="class">
              <arg name="class.name">com.atlassian.jira.workflow.function.issue.IssueCreateFunction</arg>
            </function>
            <function type="class">
              <arg name="eventTypeId">1</arg>
              <arg name="class.name">com.atlassian.jira.workflow.function.event.FireIssueEventFunction</arg>
            </function>
          </post-functions>
        </unconditional-result>
      </results>
    </action>
  </initial-actions>
  <common-actions>
    <action id="2" name="Close Issue" view="resolveissue">
      <meta name="opsbar-sequence">60</meta>
      <meta name="jira.i18n.submit">closeissue.close</meta>
      <meta name="jira.i18n.description">closeissue.desc</meta>
      <meta name="jira.i18n.title">closeissue.title</meta>
      <restrict-to>
        <conditions type="AND">
          <condition type="class">
            <arg name="permission">Resolve Issue</arg>
            <arg name="class.name">com.atlassian.jira.workflow.condition.PermissionCondition</arg>
          </condition>
          <condition type="class">
            <arg name="permission">Close Issue</arg>
            <arg name="class.name">com.atlassian.jira.workflow.condition.PermissionCondition</arg>
          </condition>
        </conditions>
      </restrict-to>
      <results>
        <unconditional-result old-status="Finished" status="Closed" step="6">
          <post-functions>
            <function type="class">
              <arg name="class.name">com.atlassian.jira.workflow.function.issue.UpdateIssueStatusFunction</arg>
            </function>
            <function type="class">
              <arg name="class.name">com.atlassian.jira.workflow.function.misc.CreateCommentFunction</arg>
            </function>
            <function type="class">
              <arg name="class.name">com.atlassian.jira.workflow.function.issue.GenerateChangeHistoryFunction</arg>
            </function>
            <function type="class">
              <arg name="class.name">com.atlassian.jira.workflow.function.issue.IssueReindexFunction</arg>
            </function>
            <function type="class">
              <arg name="eventTypeId">5</arg>
              <arg name="class.name">com.atlassian.jira.workflow.function.event.FireIssueEventFunction</arg>
            </function>
          </post-functions>
        </unconditional-result>
      </results>
    </action>
    <action id="3" name="Reopen Issue" view="commentassign">
      <meta name="opsbar-sequence">80</meta>
      <meta name="jira.i18n.submit">issue.operations.reopen.issue</meta>
      <meta name="jira.i18n.description">issue.operations.reopen.description</meta>
      <meta name="jira.i18n.title">issue.operations.reopen.issue</meta>
      <restrict-to>
        <conditions>
          <condition type="class">
            <arg name="permission">Resolve Issue</arg>
            <arg name="class.name">com.atlassian.jira.workflow.condition.PermissionCondition</arg>
          </condition>
        </conditions>
      </restrict-to>
      <results>
        <unconditional-result old-status="Finished" status="Reopened" step="5">
          <post-functions>
            <function type="class">
              <arg name="field.name">resolution</arg>
              <arg name="field.value"></arg>
              <arg name="class.name">com.atlassian.jira.workflow.function.issue.UpdateIssueFieldFunction</arg>
            </function>
            <function type="class">
              <arg name="class.name">com.atlassian.jira.workflow.function.issue.UpdateIssueStatusFunction</arg>
            </function>
            <function type="class">
              <arg name="class.name">com.atlassian.jira.workflow.function.misc.CreateCommentFunction</arg>
            </function>
            <function type="class">
              <arg name="class.name">com.atlassian.jira.workflow.function.issue.GenerateChangeHistoryFunction</arg>
            </function>
            <function type="class">
              <arg name="class.name">com.atlassian.jira.workflow.function.issue.IssueReindexFunction</arg>
            </function>
            <function type="class">
              <arg name="eventTypeId">7</arg>
              <arg name="class.name">com.atlassian.jira.workflow.function.event.FireIssueEventFunction</arg>
            </function>
          </post-functions>
        </unconditional-result>
      </results>
    </action>
    <action id="4" name="Start Progress">
      <meta name="opsbar-sequence">20</meta>
      <meta name="jira.i18n.title">startprogress.title</meta>
      <restrict-to>
        <conditions>
          <condition type="class">
            <arg name="class.name">com.atlassian.jira.workflow.condition.AllowOnlyAssignee</arg>
          </condition>
        </conditions>
      </restrict-to>
      <results>
        <unconditional-result old-status="Finished" status="Underway" step="3">
          <post-functions>
            <function type="class">
              <arg name="field.name">resolution</arg>
              <arg name="field.value"></arg>
              <arg name="class.name">com.atlassian.jira.workflow.function.issue.UpdateIssueFieldFunction</arg>
            </function>
            <function type="class">
              <arg name="class.name">com.atlassian.jira.workflow.function.issue.UpdateIssueStatusFunction</arg>
            </function>
            <function type="class">
              <arg name="class.name">com.atlassian.jira.workflow.function.misc.CreateCommentFunction</arg>
            </function>
            <function type="class">
              <arg name="class.name">com.atlassian.jira.workflow.function.issue.GenerateChangeHistoryFunction</arg>
            </function>
            <function type="class">
              <arg name="class.name">com.atlassian.jira.workflow.function.issue.IssueReindexFunction</arg>
            </function>
            <function type="class">
              <arg name="eventTypeId">11</arg>
              <arg name="class.name">com.atlassian.jira.workflow.function.event.FireIssueEventFunction</arg>
            </function>
          </post-functions>
        </unconditional-result>
      </results>
    </action>
    <action id="5" name="Resolve Issue" view="resolveissue">
      <meta name="opsbar-sequence">40</meta>
      <meta name="jira.i18n.submit">resolveissue.resolve</meta>
      <meta name="jira.i18n.description">resolveissue.desc.line1</meta>
      <meta name="jira.i18n.title">resolveissue.title</meta>
      <restrict-to>
        <conditions>
          <condition type="class">
            <arg name="permission">Resolve Issue</arg>
            <arg name="class.name">com.atlassian.jira.workflow.condition.PermissionCondition</arg>
          </condition>
        </conditions>
      </restrict-to>
      <results>
        <unconditional-result old-status="Finished" status="Resolved" step="4">
          <post-functions>
            <function type="class">
              <arg name="class.name">com.atlassian.jira.workflow.function.issue.UpdateIssueStatusFunction</arg>
            </function>
            <function type="class">
              <arg name="class.name">com.atlassian.jira.workflow.function.misc.CreateCommentFunction</arg>
            </function>
            <function type="class">
              <arg name="class.name">com.atlassian.jira.workflow.function.issue.GenerateChangeHistoryFunction</arg>
            </function>
            <function type="class">
              <arg name="class.name">com.atlassian.jira.workflow.function.issue.IssueReindexFunction</arg>
            </function>
            <function type="class">
              <arg name="eventTypeId">4</arg>
              <arg name="class.name">com.atlassian.jira.workflow.function.event.FireIssueEventFunction</arg>
            </function>
          </post-functions>
        </unconditional-result>
      </results>
    </action>
  </common-actions>
  <steps>
    <step id="1" name="Open">
      <meta name="jira.status.id">1</meta>
      <actions>
<common-action id="4" />
<common-action id="5" />
<common-action id="2" />
      </actions>
    </step>
    <step id="3" name="In Progress">
      <meta name="jira.status.id">3</meta>
      <actions>
<common-action id="5" />
<common-action id="2" />
        <action id="301" name="Stop Progress">
          <meta name="opsbar-sequence">20</meta>
          <meta name="jira.i18n.title">stopprogress.title</meta>
          <restrict-to>
            <conditions>
              <condition type="class">
                <arg name="class.name">com.atlassian.jira.workflow.condition.AllowOnlyAssignee</arg>
              </condition>
            </conditions>
          </restrict-to>
          <results>
            <unconditional-result old-status="Finished" status="Assigned" step="1">
              <post-functions>
                <function type="class">
                  <arg name="field.name">resolution</arg>
                  <arg name="field.value"></arg>
                  <arg name="class.name">com.atlassian.jira.workflow.function.issue.UpdateIssueFieldFunction</arg>
                </function>
                <function type="class">
                  <arg name="class.name">com.atlassian.jira.workflow.function.issue.UpdateIssueStatusFunction</arg>
                </function>
                <function type="class">
                  <arg name="class.name">com.atlassian.jira.workflow.function.misc.CreateCommentFunction</arg>
                </function>
                <function type="class">
                  <arg name="class.name">com.atlassian.jira.workflow.function.issue.GenerateChangeHistoryFunction</arg>
                </function>
                <function type="class">
                  <arg name="class.name">com.atlassian.jira.workflow.function.issue.IssueReindexFunction</arg>
                </function>
                <function type="class">
                  <arg name="eventTypeId">12</arg>
                  <arg name="class.name">com.atlassian.jira.workflow.function.event.FireIssueEventFunction</arg>
                </function>
              </post-functions>
            </unconditional-result>
          </results>
        </action>
      </actions>
    </step>
    <step id="4" name="Resolved">
      <meta name="jira.status.id">5</meta>
      <actions>
<common-action id="3" />
        <action id="701" name="Close Issue" view="commentassign">
          <meta name="opsbar-sequence">60</meta>
          <meta name="jira.i18n.submit">closeissue.close</meta>
          <meta name="jira.description">Closing an issue indicates there is no more work to be done on it, and it has been verified as complete.</meta>
          <meta name="jira.i18n.description">closeissue.desc</meta>
          <meta name="jira.i18n.title">closeissue.title</meta>
          <restrict-to>
            <conditions>
              <condition type="class">
                <arg name="permission">Close Issue</arg>
                <arg name="class.name">com.atlassian.jira.workflow.condition.PermissionCondition</arg>
              </condition>
            </conditions>
          </restrict-to>
          <results>
            <unconditional-result old-status="Finished" status="Closed" step="6">
              <post-functions>
                <function type="class">
                  <arg name="class.name">com.atlassian.jira.workflow.function.issue.UpdateIssueStatusFunction</arg>
                </function>
                <function type="class">
                  <arg name="class.name">com.atlassian.jira.workflow.function.misc.CreateCommentFunction</arg>
                </function>
                <function type="class">
                  <arg name="class.name">com.atlassian.jira.workflow.function.issue.GenerateChangeHistoryFunction</arg>
                </function>
                <function type="class">
                  <arg name="class.name">com.atlassian.jira.workflow.function.issue.IssueReindexFunction</arg>
                </function>
                <function type="class">
                  <arg name="eventTypeId">5</arg>
                  <arg name="class.name">com.atlassian.jira.workflow.function.event.FireIssueEventFunction</arg>
                </function>
              </post-functions>
            </unconditional-result>
          </results>
        </action>
      </actions>
    </step>
    <step id="5" name="Reopened">
      <meta name="jira.status.id">4</meta>
      <actions>
<common-action id="5" />
<common-action id="2" />
<common-action id="4" />
      </actions>
    </step>
    <step id="6" name="Closed">
      <meta name="jira.issue.editable">false</meta>
      <meta name="jira.status.id">6</meta>
      <actions>
<common-action id="3" />
      </actions>
    </step>
  </steps>
</workflow>
', NULL, NULL);


--
-- Name: jiraworkflows_id_seq; Type: SEQUENCE SET; Schema: public; Owner: jira
--

SELECT pg_catalog.setval('jiraworkflows_id_seq', 10200, false);


--
-- Data for Name: jiraworkflowstatuses; Type: TABLE DATA; Schema: public; Owner: jira
--

INSERT INTO jiraworkflowstatuses (id, status, parentname) VALUES (10000, '1', 'classic default workflow');
INSERT INTO jiraworkflowstatuses (id, status, parentname) VALUES (10001, '3', 'classic default workflow');
INSERT INTO jiraworkflowstatuses (id, status, parentname) VALUES (10002, '5', 'classic default workflow');
INSERT INTO jiraworkflowstatuses (id, status, parentname) VALUES (10003, '4', 'classic default workflow');
INSERT INTO jiraworkflowstatuses (id, status, parentname) VALUES (10004, '6', 'classic default workflow');
INSERT INTO jiraworkflowstatuses (id, status, parentname) VALUES (10005, '1', 'classic default workflow (System)');
INSERT INTO jiraworkflowstatuses (id, status, parentname) VALUES (10006, '3', 'classic default workflow (System)');
INSERT INTO jiraworkflowstatuses (id, status, parentname) VALUES (10007, '5', 'classic default workflow (System)');
INSERT INTO jiraworkflowstatuses (id, status, parentname) VALUES (10008, '4', 'classic default workflow (System)');
INSERT INTO jiraworkflowstatuses (id, status, parentname) VALUES (10009, '6', 'classic default workflow (System)');


--
-- Name: jiraworkflowstatuses_id_seq; Type: SEQUENCE SET; Schema: public; Owner: jira
--

SELECT pg_catalog.setval('jiraworkflowstatuses_id_seq', 10009, true);


--
-- Data for Name: jquartz_blob_triggers; Type: TABLE DATA; Schema: public; Owner: jira
--



--
-- Data for Name: jquartz_calendars; Type: TABLE DATA; Schema: public; Owner: jira
--



--
-- Data for Name: jquartz_cron_triggers; Type: TABLE DATA; Schema: public; Owner: jira
--



--
-- Data for Name: jquartz_fired_triggers; Type: TABLE DATA; Schema: public; Owner: jira
--



--
-- Data for Name: jquartz_job_details; Type: TABLE DATA; Schema: public; Owner: jira
--



--
-- Data for Name: jquartz_job_listeners; Type: TABLE DATA; Schema: public; Owner: jira
--



--
-- Data for Name: jquartz_locks; Type: TABLE DATA; Schema: public; Owner: jira
--

INSERT INTO jquartz_locks (sched_name, lock_name) VALUES (NULL, 'TRIGGER_ACCESS');
INSERT INTO jquartz_locks (sched_name, lock_name) VALUES (NULL, 'JOB_ACCESS');
INSERT INTO jquartz_locks (sched_name, lock_name) VALUES (NULL, 'CALENDAR_ACCESS');
INSERT INTO jquartz_locks (sched_name, lock_name) VALUES (NULL, 'STATE_ACCESS');
INSERT INTO jquartz_locks (sched_name, lock_name) VALUES (NULL, 'MISFIRE_ACCESS');


--
-- Data for Name: jquartz_paused_trigger_grps; Type: TABLE DATA; Schema: public; Owner: jira
--



--
-- Data for Name: jquartz_scheduler_state; Type: TABLE DATA; Schema: public; Owner: jira
--



--
-- Data for Name: jquartz_simple_triggers; Type: TABLE DATA; Schema: public; Owner: jira
--



--
-- Data for Name: jquartz_simprop_triggers; Type: TABLE DATA; Schema: public; Owner: jira
--



--
-- Data for Name: jquartz_trigger_listeners; Type: TABLE DATA; Schema: public; Owner: jira
--



--
-- Data for Name: jquartz_triggers; Type: TABLE DATA; Schema: public; Owner: jira
--



--
-- Data for Name: label; Type: TABLE DATA; Schema: public; Owner: jira
--



--
-- Name: label_id_seq; Type: SEQUENCE SET; Schema: public; Owner: jira
--

SELECT pg_catalog.setval('label_id_seq', 10000, false);


--
-- Data for Name: legacy_store_attachment_status; Type: TABLE DATA; Schema: public; Owner: jira
--



--
-- Data for Name: legacy_store_avatar_status; Type: TABLE DATA; Schema: public; Owner: jira
--



--
-- Data for Name: licenserolesdefault; Type: TABLE DATA; Schema: public; Owner: jira
--

INSERT INTO licenserolesdefault (id, license_role_name) VALUES (10000, 'jira-software');


--
-- Name: licenserolesdefault_id_seq; Type: SEQUENCE SET; Schema: public; Owner: jira
--

SELECT pg_catalog.setval('licenserolesdefault_id_seq', 10100, false);


--
-- Data for Name: licenserolesgroup; Type: TABLE DATA; Schema: public; Owner: jira
--

INSERT INTO licenserolesgroup (id, license_role_name, group_id, primary_group) VALUES (10000, 'jira-core', 'jira-administrators', 'N');
INSERT INTO licenserolesgroup (id, license_role_name, group_id, primary_group) VALUES (10001, 'jira-core', 'jira-users', 'Y');
INSERT INTO licenserolesgroup (id, license_role_name, group_id, primary_group) VALUES (10002, 'jira-software', 'jira-administrators', 'N');
INSERT INTO licenserolesgroup (id, license_role_name, group_id, primary_group) VALUES (10003, 'jira-software', 'jira-users', 'Y');


--
-- Name: licenserolesgroup_id_seq; Type: SEQUENCE SET; Schema: public; Owner: jira
--

SELECT pg_catalog.setval('licenserolesgroup_id_seq', 10100, false);


--
-- Data for Name: listenerconfig; Type: TABLE DATA; Schema: public; Owner: jira
--

INSERT INTO listenerconfig (id, clazz, listenername) VALUES (10001, 'com.atlassian.jira.event.listeners.mail.MailListener', 'Mail Listener');
INSERT INTO listenerconfig (id, clazz, listenername) VALUES (10040, 'com.atlassian.jira.event.listeners.history.IssueAssignHistoryListener', 'Issue Assignment Listener');
INSERT INTO listenerconfig (id, clazz, listenername) VALUES (10700, 'com.atlassian.jira.event.listeners.search.IssueIndexListener', 'Issue Index Listener');


--
-- Name: listenerconfig_id_seq; Type: SEQUENCE SET; Schema: public; Owner: jira
--

SELECT pg_catalog.setval('listenerconfig_id_seq', 10700, true);


--
-- Data for Name: mailserver; Type: TABLE DATA; Schema: public; Owner: jira
--



--
-- Name: mailserver_id_seq; Type: SEQUENCE SET; Schema: public; Owner: jira
--

SELECT pg_catalog.setval('mailserver_id_seq', 10000, false);


--
-- Data for Name: managedconfigurationitem; Type: TABLE DATA; Schema: public; Owner: jira
--

INSERT INTO managedconfigurationitem (id, item_id, item_type, managed, access_level, source, description_key) VALUES (10000, 'customfield_10100', 'CUSTOM_FIELD', 'true', 'LOCKED', 'plugin:com.atlassian.jira.plugins.jira-development-integration-plugin', 'devstatus.devsummarycf.managed.desc');
INSERT INTO managedconfigurationitem (id, item_id, item_type, managed, access_level, source, description_key) VALUES (10001, 'customfield_10101', 'CUSTOM_FIELD', 'true', 'LOCKED', 'com.pyxis.greenhopper.jira:reference-select-locked', 'gh.customfield.locked.desc');
INSERT INTO managedconfigurationitem (id, item_id, item_type, managed, access_level, source, description_key) VALUES (10002, 'customfield_10102', 'CUSTOM_FIELD', 'true', 'LOCKED', 'com.pyxis.greenhopper.jira:reference-select-locked', 'gh.customfield.locked.desc');
INSERT INTO managedconfigurationitem (id, item_id, item_type, managed, access_level, source, description_key) VALUES (10003, 'customfield_10103', 'CUSTOM_FIELD', 'true', 'LOCKED', 'com.pyxis.greenhopper.jira:reference-select-locked', 'gh.customfield.locked.desc');
INSERT INTO managedconfigurationitem (id, item_id, item_type, managed, access_level, source, description_key) VALUES (10004, 'customfield_10104', 'CUSTOM_FIELD', 'true', 'LOCKED', 'com.pyxis.greenhopper.jira:reference-select-locked', 'gh.customfield.locked.desc');
INSERT INTO managedconfigurationitem (id, item_id, item_type, managed, access_level, source, description_key) VALUES (10005, 'customfield_10105', 'CUSTOM_FIELD', 'true', 'LOCKED', 'com.pyxis.greenhopper.jira:reference-select-locked', 'gh.customfield.locked.desc');
INSERT INTO managedconfigurationitem (id, item_id, item_type, managed, access_level, source, description_key) VALUES (10006, 'customfield_10106', 'CUSTOM_FIELD', 'true', 'LOCKED', 'com.pyxis.greenhopper.jira:reference-select-locked', 'gh.customfield.locked.desc');


--
-- Name: managedconfigurationitem_id_seq; Type: SEQUENCE SET; Schema: public; Owner: jira
--

SELECT pg_catalog.setval('managedconfigurationitem_id_seq', 10006, true);


--
-- Data for Name: media_api_credentials; Type: TABLE DATA; Schema: public; Owner: jira
--



--
-- Name: media_api_credentials_id_seq; Type: SEQUENCE SET; Schema: public; Owner: jira
--

SELECT pg_catalog.setval('media_api_credentials_id_seq', 10000, false);


--
-- Data for Name: media_store_attachments; Type: TABLE DATA; Schema: public; Owner: jira
--



--
-- Data for Name: media_store_avatars; Type: TABLE DATA; Schema: public; Owner: jira
--



--
-- Data for Name: membershipbase; Type: TABLE DATA; Schema: public; Owner: jira
--



--
-- Name: membershipbase_id_seq; Type: SEQUENCE SET; Schema: public; Owner: jira
--

SELECT pg_catalog.setval('membershipbase_id_seq', 10000, false);


--
-- Data for Name: module_status; Type: TABLE DATA; Schema: public; Owner: jira
--



--
-- Data for Name: moved_issue_key; Type: TABLE DATA; Schema: public; Owner: jira
--



--
-- Name: moved_issue_key_id_seq; Type: SEQUENCE SET; Schema: public; Owner: jira
--

SELECT pg_catalog.setval('moved_issue_key_id_seq', 10000, false);


--
-- Data for Name: nodeassociation; Type: TABLE DATA; Schema: public; Owner: jira
--

INSERT INTO nodeassociation (source_node_id, source_node_entity, sink_node_id, sink_node_entity, association_type, sequence) VALUES (10000, 'Project', 0, 'PermissionScheme', 'ProjectScheme', NULL);
INSERT INTO nodeassociation (source_node_id, source_node_entity, sink_node_id, sink_node_entity, association_type, sequence) VALUES (10000, 'Project', 1, 'IssueTypeScreenScheme', 'ProjectScheme', NULL);
INSERT INTO nodeassociation (source_node_id, source_node_entity, sink_node_id, sink_node_entity, association_type, sequence) VALUES (10000, 'Project', 10000, 'WorkflowScheme', 'ProjectScheme', NULL);
INSERT INTO nodeassociation (source_node_id, source_node_entity, sink_node_id, sink_node_entity, association_type, sequence) VALUES (10001, 'Project', 0, 'PermissionScheme', 'ProjectScheme', NULL);
INSERT INTO nodeassociation (source_node_id, source_node_entity, sink_node_id, sink_node_entity, association_type, sequence) VALUES (10001, 'Project', 1, 'IssueTypeScreenScheme', 'ProjectScheme', NULL);
INSERT INTO nodeassociation (source_node_id, source_node_entity, sink_node_id, sink_node_entity, association_type, sequence) VALUES (10001, 'Project', 10000, 'WorkflowScheme', 'ProjectScheme', NULL);


--
-- Data for Name: nodeindexcounter; Type: TABLE DATA; Schema: public; Owner: jira
--



--
-- Name: nodeindexcounter_id_seq; Type: SEQUENCE SET; Schema: public; Owner: jira
--

SELECT pg_catalog.setval('nodeindexcounter_id_seq', 10000, false);


--
-- Data for Name: notification; Type: TABLE DATA; Schema: public; Owner: jira
--

INSERT INTO notification (id, scheme, event, event_type_id, template_id, notif_type, notif_parameter) VALUES (10036, 10000, NULL, 13, NULL, 'Current_Assignee', NULL);
INSERT INTO notification (id, scheme, event, event_type_id, template_id, notif_type, notif_parameter) VALUES (10037, 10000, NULL, 13, NULL, 'Current_Reporter', NULL);
INSERT INTO notification (id, scheme, event, event_type_id, template_id, notif_type, notif_parameter) VALUES (10038, 10000, NULL, 13, NULL, 'All_Watchers', NULL);
INSERT INTO notification (id, scheme, event, event_type_id, template_id, notif_type, notif_parameter) VALUES (10040, 10000, NULL, 14, NULL, 'Current_Assignee', NULL);
INSERT INTO notification (id, scheme, event, event_type_id, template_id, notif_type, notif_parameter) VALUES (10041, 10000, NULL, 14, NULL, 'Current_Reporter', NULL);
INSERT INTO notification (id, scheme, event, event_type_id, template_id, notif_type, notif_parameter) VALUES (10042, 10000, NULL, 14, NULL, 'All_Watchers', NULL);
INSERT INTO notification (id, scheme, event, event_type_id, template_id, notif_type, notif_parameter) VALUES (10043, 10000, NULL, 15, NULL, 'Current_Assignee', NULL);
INSERT INTO notification (id, scheme, event, event_type_id, template_id, notif_type, notif_parameter) VALUES (10044, 10000, NULL, 15, NULL, 'Current_Reporter', NULL);
INSERT INTO notification (id, scheme, event, event_type_id, template_id, notif_type, notif_parameter) VALUES (10045, 10000, NULL, 15, NULL, 'All_Watchers', NULL);
INSERT INTO notification (id, scheme, event, event_type_id, template_id, notif_type, notif_parameter) VALUES (10046, 10000, NULL, 16, NULL, 'Current_Assignee', NULL);
INSERT INTO notification (id, scheme, event, event_type_id, template_id, notif_type, notif_parameter) VALUES (10047, 10000, NULL, 16, NULL, 'Current_Reporter', NULL);
INSERT INTO notification (id, scheme, event, event_type_id, template_id, notif_type, notif_parameter) VALUES (10048, 10000, NULL, 16, NULL, 'All_Watchers', NULL);
INSERT INTO notification (id, scheme, event, event_type_id, template_id, notif_type, notif_parameter) VALUES (10050, 10000, NULL, 17, NULL, 'Current_Assignee', NULL);
INSERT INTO notification (id, scheme, event, event_type_id, template_id, notif_type, notif_parameter) VALUES (10051, 10000, NULL, 17, NULL, 'Current_Reporter', NULL);
INSERT INTO notification (id, scheme, event, event_type_id, template_id, notif_type, notif_parameter) VALUES (10052, 10000, NULL, 17, NULL, 'All_Watchers', NULL);
INSERT INTO notification (id, scheme, event, event_type_id, template_id, notif_type, notif_parameter) VALUES (10000, 10000, NULL, 1, NULL, 'Current_Assignee', NULL);
INSERT INTO notification (id, scheme, event, event_type_id, template_id, notif_type, notif_parameter) VALUES (10001, 10000, NULL, 1, NULL, 'Current_Reporter', NULL);
INSERT INTO notification (id, scheme, event, event_type_id, template_id, notif_type, notif_parameter) VALUES (10002, 10000, NULL, 1, NULL, 'All_Watchers', NULL);
INSERT INTO notification (id, scheme, event, event_type_id, template_id, notif_type, notif_parameter) VALUES (10003, 10000, NULL, 2, NULL, 'Current_Assignee', NULL);
INSERT INTO notification (id, scheme, event, event_type_id, template_id, notif_type, notif_parameter) VALUES (10004, 10000, NULL, 2, NULL, 'Current_Reporter', NULL);
INSERT INTO notification (id, scheme, event, event_type_id, template_id, notif_type, notif_parameter) VALUES (10005, 10000, NULL, 2, NULL, 'All_Watchers', NULL);
INSERT INTO notification (id, scheme, event, event_type_id, template_id, notif_type, notif_parameter) VALUES (10006, 10000, NULL, 3, NULL, 'Current_Assignee', NULL);
INSERT INTO notification (id, scheme, event, event_type_id, template_id, notif_type, notif_parameter) VALUES (10007, 10000, NULL, 3, NULL, 'Current_Reporter', NULL);
INSERT INTO notification (id, scheme, event, event_type_id, template_id, notif_type, notif_parameter) VALUES (10008, 10000, NULL, 3, NULL, 'All_Watchers', NULL);
INSERT INTO notification (id, scheme, event, event_type_id, template_id, notif_type, notif_parameter) VALUES (10009, 10000, NULL, 4, NULL, 'Current_Assignee', NULL);
INSERT INTO notification (id, scheme, event, event_type_id, template_id, notif_type, notif_parameter) VALUES (10010, 10000, NULL, 4, NULL, 'Current_Reporter', NULL);
INSERT INTO notification (id, scheme, event, event_type_id, template_id, notif_type, notif_parameter) VALUES (10011, 10000, NULL, 4, NULL, 'All_Watchers', NULL);
INSERT INTO notification (id, scheme, event, event_type_id, template_id, notif_type, notif_parameter) VALUES (10012, 10000, NULL, 5, NULL, 'Current_Assignee', NULL);
INSERT INTO notification (id, scheme, event, event_type_id, template_id, notif_type, notif_parameter) VALUES (10013, 10000, NULL, 5, NULL, 'Current_Reporter', NULL);
INSERT INTO notification (id, scheme, event, event_type_id, template_id, notif_type, notif_parameter) VALUES (10014, 10000, NULL, 5, NULL, 'All_Watchers', NULL);
INSERT INTO notification (id, scheme, event, event_type_id, template_id, notif_type, notif_parameter) VALUES (10015, 10000, NULL, 6, NULL, 'Current_Assignee', NULL);
INSERT INTO notification (id, scheme, event, event_type_id, template_id, notif_type, notif_parameter) VALUES (10016, 10000, NULL, 6, NULL, 'Current_Reporter', NULL);
INSERT INTO notification (id, scheme, event, event_type_id, template_id, notif_type, notif_parameter) VALUES (10017, 10000, NULL, 6, NULL, 'All_Watchers', NULL);
INSERT INTO notification (id, scheme, event, event_type_id, template_id, notif_type, notif_parameter) VALUES (10018, 10000, NULL, 7, NULL, 'Current_Assignee', NULL);
INSERT INTO notification (id, scheme, event, event_type_id, template_id, notif_type, notif_parameter) VALUES (10019, 10000, NULL, 7, NULL, 'Current_Reporter', NULL);
INSERT INTO notification (id, scheme, event, event_type_id, template_id, notif_type, notif_parameter) VALUES (10020, 10000, NULL, 7, NULL, 'All_Watchers', NULL);
INSERT INTO notification (id, scheme, event, event_type_id, template_id, notif_type, notif_parameter) VALUES (10021, 10000, NULL, 8, NULL, 'Current_Assignee', NULL);
INSERT INTO notification (id, scheme, event, event_type_id, template_id, notif_type, notif_parameter) VALUES (10022, 10000, NULL, 8, NULL, 'Current_Reporter', NULL);
INSERT INTO notification (id, scheme, event, event_type_id, template_id, notif_type, notif_parameter) VALUES (10023, 10000, NULL, 8, NULL, 'All_Watchers', NULL);
INSERT INTO notification (id, scheme, event, event_type_id, template_id, notif_type, notif_parameter) VALUES (10024, 10000, NULL, 9, NULL, 'Current_Assignee', NULL);
INSERT INTO notification (id, scheme, event, event_type_id, template_id, notif_type, notif_parameter) VALUES (10025, 10000, NULL, 9, NULL, 'Current_Reporter', NULL);
INSERT INTO notification (id, scheme, event, event_type_id, template_id, notif_type, notif_parameter) VALUES (10026, 10000, NULL, 9, NULL, 'All_Watchers', NULL);
INSERT INTO notification (id, scheme, event, event_type_id, template_id, notif_type, notif_parameter) VALUES (10027, 10000, NULL, 10, NULL, 'Current_Assignee', NULL);
INSERT INTO notification (id, scheme, event, event_type_id, template_id, notif_type, notif_parameter) VALUES (10028, 10000, NULL, 10, NULL, 'Current_Reporter', NULL);
INSERT INTO notification (id, scheme, event, event_type_id, template_id, notif_type, notif_parameter) VALUES (10029, 10000, NULL, 10, NULL, 'All_Watchers', NULL);
INSERT INTO notification (id, scheme, event, event_type_id, template_id, notif_type, notif_parameter) VALUES (10030, 10000, NULL, 11, NULL, 'Current_Assignee', NULL);
INSERT INTO notification (id, scheme, event, event_type_id, template_id, notif_type, notif_parameter) VALUES (10031, 10000, NULL, 11, NULL, 'Current_Reporter', NULL);
INSERT INTO notification (id, scheme, event, event_type_id, template_id, notif_type, notif_parameter) VALUES (10032, 10000, NULL, 11, NULL, 'All_Watchers', NULL);
INSERT INTO notification (id, scheme, event, event_type_id, template_id, notif_type, notif_parameter) VALUES (10033, 10000, NULL, 12, NULL, 'Current_Assignee', NULL);
INSERT INTO notification (id, scheme, event, event_type_id, template_id, notif_type, notif_parameter) VALUES (10034, 10000, NULL, 12, NULL, 'Current_Reporter', NULL);
INSERT INTO notification (id, scheme, event, event_type_id, template_id, notif_type, notif_parameter) VALUES (10035, 10000, NULL, 12, NULL, 'All_Watchers', NULL);


--
-- Name: notification_id_seq; Type: SEQUENCE SET; Schema: public; Owner: jira
--

SELECT pg_catalog.setval('notification_id_seq', 10100, false);


--
-- Data for Name: notification_subscription_ec1a8f; Type: TABLE DATA; Schema: public; Owner: jira
--



--
-- Name: notification_subscription_ec1a8f_id_seq; Type: SEQUENCE SET; Schema: public; Owner: jira
--

SELECT pg_catalog.setval('notification_subscription_ec1a8f_id_seq', 1, false);


--
-- Data for Name: notificationinstance; Type: TABLE DATA; Schema: public; Owner: jira
--



--
-- Name: notificationinstance_id_seq; Type: SEQUENCE SET; Schema: public; Owner: jira
--

SELECT pg_catalog.setval('notificationinstance_id_seq', 10000, false);


--
-- Data for Name: notificationscheme; Type: TABLE DATA; Schema: public; Owner: jira
--

INSERT INTO notificationscheme (id, name, description) VALUES (10000, 'Default Notification Scheme', NULL);


--
-- Name: notificationscheme_id_seq; Type: SEQUENCE SET; Schema: public; Owner: jira
--

SELECT pg_catalog.setval('notificationscheme_id_seq', 10100, false);


--
-- Data for Name: oauth_consumer_182c39; Type: TABLE DATA; Schema: public; Owner: jira
--

INSERT INTO oauth_consumer_182c39 (key, name, public_key, private_key, description, callback, signature_method, shared_secret, service_name) VALUES ('jira:15489595', 'bonfire-rest-data.xml', 'MIGfMA0GCSqGSIb3DQEBAQUAA4GNADCBiQKBgQCn8MuU9/dOx2c5C4+Syce5cDbChz8eK1uuOyVRRI/UJ1vFNYF1dtne6h3F5M1H3cRuP3fVcytrKDjKpNVShnQ6Gkh3549ko3w3esQ7l6DgZjxF16Bdlbrax0/hAaYvrX/nUg4RnaRyrzLOHLROey+Xr+iXOVb9n8/lAo7tey0QwQIDAQAB', 'MIICdgIBADANBgkqhkiG9w0BAQEFAASCAmAwggJcAgEAAoGBAKfwy5T3907HZzkLj5LJx7lwNsKHPx4rW647JVFEj9QnW8U1gXV22d7qHcXkzUfdxG4/d9VzK2soOMqk1VKGdDoaSHfnj2SjfDd6xDuXoOBmPEXXoF2VutrHT+EBpi+tf+dSDhGdpHKvMs4ctE57L5ev6Jc5Vv2fz+UCju17LRDBAgMBAAECgYEAokRkwLRzDXhYAWNtPzyeMUv+bSk20FS+ifN2FDb17dx1rHANfUzwKJX3XI2915GsyYWjqOdV7Xz4mrx3rfxh8WtVBme5/GFfi6Zj/OTKiVLtVYYolP/DShOHQCdCOOPr5QZ5DnI0RkNRglEIdNHjllgRzQYeUzxjq/Y17HxkJl0CQQDlY/nDaSRvanumBjoEbVlkYmYLWVkJjepF9hno3WpaJBrE3KEB2HFTVeXlF0r9qCJtVpVTZN/TIVxXMr4WRn/rAkEAu2v9uUobC34KDwxl9CYqYreT3mmvD9jkG1q9vmxDfuVf4WpsSCIMtFkLs9L8MiA5oGkQ4pStuBWSBVDtYOlzAwJAM9AgMz5Fh5ECut5/Lk7QuTbsm7Wjwd+3QfQzqACTLCcpkLvQ9kzAVDV7xwI64w6eMBo1gm+vis3nQJ7qhreH3wJAIDxKv3vHewqKoFv5jSyjTadVf4Od4JPlZ+8Lg50LXuAExbiQNzfkB4DpSlyXk+eHAdgQV2hLGMZc/x0UNv7wEQJAWLtobumBSunLJwhbs7WaoAsTjBXS0vxTADU2Qg0NedYdgehQ62nNifPuklceyN9XJ0EiLe195E1yCRErJqGq2g==', 'Atlassian JIRA at http://localhost:2990/jira', NULL, 'RSA_SHA1', NULL, '__HOST_SERVICE__');


--
-- Data for Name: oauth_consumer_token_182c39; Type: TABLE DATA; Schema: public; Owner: jira
--



--
-- Data for Name: oauth_service_provider_consumer_ecd6b3; Type: TABLE DATA; Schema: public; Owner: jira
--



--
-- Data for Name: oauth_service_provider_token_ecd6b3; Type: TABLE DATA; Schema: public; Owner: jira
--



--
-- Data for Name: oauthconsumer; Type: TABLE DATA; Schema: public; Owner: jira
--

INSERT INTO oauthconsumer (id, created, consumername, consumer_key, consumerservice, public_key, private_key, description, callback, signature_method, shared_secret) VALUES (10000, '2015-06-12 17:38:34.349+00', 'bonfire-rest-data.xml', 'jira:15489595', '__HOST_SERVICE__', 'MIGfMA0GCSqGSIb3DQEBAQUAA4GNADCBiQKBgQCn8MuU9/dOx2c5C4+Syce5cDbChz8eK1uuOyVRRI/UJ1vFNYF1dtne6h3F5M1H3cRuP3fVcytrKDjKpNVShnQ6Gkh3549ko3w3esQ7l6DgZjxF16Bdlbrax0/hAaYvrX/nUg4RnaRyrzLOHLROey+Xr+iXOVb9n8/lAo7tey0QwQIDAQAB', 'MIICdgIBADANBgkqhkiG9w0BAQEFAASCAmAwggJcAgEAAoGBAKfwy5T3907HZzkLj5LJx7lwNsKHPx4rW647JVFEj9QnW8U1gXV22d7qHcXkzUfdxG4/d9VzK2soOMqk1VKGdDoaSHfnj2SjfDd6xDuXoOBmPEXXoF2VutrHT+EBpi+tf+dSDhGdpHKvMs4ctE57L5ev6Jc5Vv2fz+UCju17LRDBAgMBAAECgYEAokRkwLRzDXhYAWNtPzyeMUv+bSk20FS+ifN2FDb17dx1rHANfUzwKJX3XI2915GsyYWjqOdV7Xz4mrx3rfxh8WtVBme5/GFfi6Zj/OTKiVLtVYYolP/DShOHQCdCOOPr5QZ5DnI0RkNRglEIdNHjllgRzQYeUzxjq/Y17HxkJl0CQQDlY/nDaSRvanumBjoEbVlkYmYLWVkJjepF9hno3WpaJBrE3KEB2HFTVeXlF0r9qCJtVpVTZN/TIVxXMr4WRn/rAkEAu2v9uUobC34KDwxl9CYqYreT3mmvD9jkG1q9vmxDfuVf4WpsSCIMtFkLs9L8MiA5oGkQ4pStuBWSBVDtYOlzAwJAM9AgMz5Fh5ECut5/Lk7QuTbsm7Wjwd+3QfQzqACTLCcpkLvQ9kzAVDV7xwI64w6eMBo1gm+vis3nQJ7qhreH3wJAIDxKv3vHewqKoFv5jSyjTadVf4Od4JPlZ+8Lg50LXuAExbiQNzfkB4DpSlyXk+eHAdgQV2hLGMZc/x0UNv7wEQJAWLtobumBSunLJwhbs7WaoAsTjBXS0vxTADU2Qg0NedYdgehQ62nNifPuklceyN9XJ0EiLe195E1yCRErJqGq2g==', 'Atlassian JIRA at http://localhost:2990/jira', NULL, 'RSA_SHA1', NULL);


--
-- Name: oauthconsumer_id_seq; Type: SEQUENCE SET; Schema: public; Owner: jira
--

SELECT pg_catalog.setval('oauthconsumer_id_seq', 10100, false);


--
-- Data for Name: oauthconsumertoken; Type: TABLE DATA; Schema: public; Owner: jira
--



--
-- Name: oauthconsumertoken_id_seq; Type: SEQUENCE SET; Schema: public; Owner: jira
--

SELECT pg_catalog.setval('oauthconsumertoken_id_seq', 10000, false);


--
-- Data for Name: oauthspconsumer; Type: TABLE DATA; Schema: public; Owner: jira
--



--
-- Name: oauthspconsumer_id_seq; Type: SEQUENCE SET; Schema: public; Owner: jira
--

SELECT pg_catalog.setval('oauthspconsumer_id_seq', 10000, false);


--
-- Data for Name: oauthsptoken; Type: TABLE DATA; Schema: public; Owner: jira
--



--
-- Name: oauthsptoken_id_seq; Type: SEQUENCE SET; Schema: public; Owner: jira
--

SELECT pg_catalog.setval('oauthsptoken_id_seq', 10000, false);


--
-- Data for Name: optionconfiguration; Type: TABLE DATA; Schema: public; Owner: jira
--

INSERT INTO optionconfiguration (id, fieldid, optionid, fieldconfig, sequence) VALUES (10000, 'issuetype', '1', 10000, 0);
INSERT INTO optionconfiguration (id, fieldid, optionid, fieldconfig, sequence) VALUES (10001, 'issuetype', '2', 10000, 1);
INSERT INTO optionconfiguration (id, fieldid, optionid, fieldconfig, sequence) VALUES (10002, 'issuetype', '3', 10000, 2);
INSERT INTO optionconfiguration (id, fieldid, optionid, fieldconfig, sequence) VALUES (10003, 'issuetype', '4', 10000, 3);
INSERT INTO optionconfiguration (id, fieldid, optionid, fieldconfig, sequence) VALUES (10100, 'issuetype', '10000', 10000, 4);


--
-- Name: optionconfiguration_id_seq; Type: SEQUENCE SET; Schema: public; Owner: jira
--

SELECT pg_catalog.setval('optionconfiguration_id_seq', 10100, true);


--
-- Data for Name: os_currentstep; Type: TABLE DATA; Schema: public; Owner: jira
--

INSERT INTO os_currentstep (id, entry_id, step_id, action_id, owner, start_date, due_date, finish_date, status, caller) VALUES (10000, 10000, 1, 0, '', '2011-06-29 16:40:56.284+00', NULL, NULL, 'Open', NULL);


--
-- Name: os_currentstep_id_seq; Type: SEQUENCE SET; Schema: public; Owner: jira
--

SELECT pg_catalog.setval('os_currentstep_id_seq', 10100, false);


--
-- Data for Name: os_currentstep_prev; Type: TABLE DATA; Schema: public; Owner: jira
--



--
-- Data for Name: os_historystep; Type: TABLE DATA; Schema: public; Owner: jira
--



--
-- Name: os_historystep_id_seq; Type: SEQUENCE SET; Schema: public; Owner: jira
--

SELECT pg_catalog.setval('os_historystep_id_seq', 10000, false);


--
-- Data for Name: os_historystep_prev; Type: TABLE DATA; Schema: public; Owner: jira
--



--
-- Data for Name: os_wfentry; Type: TABLE DATA; Schema: public; Owner: jira
--

INSERT INTO os_wfentry (id, name, initialized, state) VALUES (10000, 'jira', NULL, 1);


--
-- Name: os_wfentry_id_seq; Type: SEQUENCE SET; Schema: public; Owner: jira
--

SELECT pg_catalog.setval('os_wfentry_id_seq', 10100, false);


--
-- Data for Name: permissionscheme; Type: TABLE DATA; Schema: public; Owner: jira
--

INSERT INTO permissionscheme (id, name, description) VALUES (0, 'Default Permission Scheme', 'This is the default Permission Scheme. Any new projects that are created will be assigned this scheme.');


--
-- Name: permissionscheme_id_seq; Type: SEQUENCE SET; Schema: public; Owner: jira
--

SELECT pg_catalog.setval('permissionscheme_id_seq', 10000, false);


--
-- Data for Name: pluginstate; Type: TABLE DATA; Schema: public; Owner: jira
--



--
-- Data for Name: pluginversion; Type: TABLE DATA; Schema: public; Owner: jira
--

INSERT INTO pluginversion (id, pluginname, pluginkey, pluginversion, created) VALUES (10050, 'User Profile Links', 'jira.webfragments.user.profile.links', '1.0', '2010-04-28 17:19:23.4+00');
INSERT INTO pluginversion (id, pluginname, pluginkey, pluginversion, created) VALUES (10051, 'ROME, RSS and atOM utilitiEs for Java', 'rome.rome-1.0', '1.0', '2010-04-28 17:19:23.4+00');
INSERT INTO pluginversion (id, pluginname, pluginkey, pluginversion, created) VALUES (10052, 'Reports Plugin', 'com.atlassian.jira.plugin.system.reports', '1.0', '2010-04-28 17:19:23.401+00');
INSERT INTO pluginversion (id, pluginname, pluginkey, pluginversion, created) VALUES (10055, 'Content Link Resolvers Plugin', 'com.atlassian.jira.plugin.wiki.contentlinkresolvers', '1.0', '2010-04-28 17:19:23.401+00');
INSERT INTO pluginversion (id, pluginname, pluginkey, pluginversion, created) VALUES (10056, 'Atlassian JIRA - Plugins - Gadgets Plugin', 'com.atlassian.jira.gadgets', '7.0.0', '2011-09-15 10:24:40.224+00');
INSERT INTO pluginversion (id, pluginname, pluginkey, pluginversion, created) VALUES (10058, 'Gadget Spec Publisher Plugin', 'com.atlassian.gadgets.publisher', '3.11.6', '2011-09-15 10:24:40.226+00');
INSERT INTO pluginversion (id, pluginname, pluginkey, pluginversion, created) VALUES (10059, 'Issue Views Plugin', 'jira.issueviews', '1.0', '2010-04-28 17:19:23.404+00');
INSERT INTO pluginversion (id, pluginname, pluginkey, pluginversion, created) VALUES (10060, 'Atlassian OAuth Admin Plugin', 'com.atlassian.oauth.admin', '2.0.1-f748404', '2011-09-15 10:24:40.223+00');
INSERT INTO pluginversion (id, pluginname, pluginkey, pluginversion, created) VALUES (10070, 'jira-importers-plugin', 'com.atlassian.jira.plugins.jira-importers-plugin', '7.0.20-D20150917T152651', '2011-09-15 10:24:40.222+00');
INSERT INTO pluginversion (id, pluginname, pluginkey, pluginversion, created) VALUES (10078, 'Capture for JIRA', 'com.atlassian.bonfire.plugin', '2.9.15-SNAPSHOT', '2011-11-30 16:03:09.186+00');
INSERT INTO pluginversion (id, pluginname, pluginkey, pluginversion, created) VALUES (10079, 'JIRA Usage Hints', 'jira.usage.hints', '1.0', '2011-06-29 16:16:10.102+00');
INSERT INTO pluginversion (id, pluginname, pluginkey, pluginversion, created) VALUES (10090, 'Crowd REST API', 'crowd-rest-plugin', '1.0', '2011-09-15 10:24:40.214+00');
INSERT INTO pluginversion (id, pluginname, pluginkey, pluginversion, created) VALUES (10091, 'Crowd REST API', 'crowd-rest-application-management', '1.0', '2011-09-15 10:24:40.223+00');
INSERT INTO pluginversion (id, pluginname, pluginkey, pluginversion, created) VALUES (10093, 'Support Tools Plugin', 'com.atlassian.support.stp', '3.5.38', '2011-09-15 10:24:40.223+00');
INSERT INTO pluginversion (id, pluginname, pluginkey, pluginversion, created) VALUES (10094, 'Applinks Product Plugin', 'com.atlassian.applinks.applinks-plugin', '5.0.3', '2011-09-15 10:24:40.224+00');
INSERT INTO pluginversion (id, pluginname, pluginkey, pluginversion, created) VALUES (10098, 'JIRA iCalendar Plugin', 'com.atlassian.jira.extra.jira-ical-feed', '1.4.5', '2011-09-15 10:24:40.226+00');
INSERT INTO pluginversion (id, pluginname, pluginkey, pluginversion, created) VALUES (10100, 'Atlassian Universal Plugin Manager Plugin', 'com.atlassian.upm.atlassian-universal-plugin-manager-plugin', '2.20.1', '2011-09-15 10:24:40.227+00');
INSERT INTO pluginversion (id, pluginname, pluginkey, pluginversion, created) VALUES (10102, 'Atlassian Embedded Crowd - Administration Plugin', 'com.atlassian.crowd.embedded.admin', '2.0.0-m4', '2011-09-15 10:24:40.227+00');
INSERT INTO pluginversion (id, pluginname, pluginkey, pluginversion, created) VALUES (10103, 'Opensocial Plugin', 'com.atlassian.gadgets.opensocial', '3.11.6', '2011-09-15 10:24:40.228+00');
INSERT INTO pluginversion (id, pluginname, pluginkey, pluginversion, created) VALUES (10104, 'Crowd System Password Encoders', 'crowd.system.passwordencoders', '1.0', '2011-09-15 10:24:40.228+00');
INSERT INTO pluginversion (id, pluginname, pluginkey, pluginversion, created) VALUES (10390, 'ActiveObjects Plugin - OSGi Bundle', 'com.atlassian.activeobjects.activeobjects-plugin', '1.1.0', '2015-06-12 17:38:35.29+00');
INSERT INTO pluginversion (id, pluginname, pluginkey, pluginversion, created) VALUES (10392, 'Atlassian - Administration - Quick Search - JIRA', 'com.atlassian.administration.atlassian-admin-quicksearch-jira', '2.2.2', '2015-06-12 17:38:35.321+00');
INSERT INTO pluginversion (id, pluginname, pluginkey, pluginversion, created) VALUES (10393, 'Atlassian HealthCheck Common Module', 'com.atlassian.healthcheck.atlassian-healthcheck', '3.0.1', '2015-06-12 17:38:35.642+00');
INSERT INTO pluginversion (id, pluginname, pluginkey, pluginversion, created) VALUES (10394, 'JIRA Core Project Templates Plugin', 'com.atlassian.jira-core-project-templates', '5.0.54', '2015-06-12 17:38:35.645+00');
INSERT INTO pluginversion (id, pluginname, pluginkey, pluginversion, created) VALUES (10395, 'JIRA Issue Collector Plugin', 'com.atlassian.jira.collector.plugin.jira-issue-collector-plugin', '2.0.7', '2015-06-12 17:38:35.665+00');
INSERT INTO pluginversion (id, pluginname, pluginkey, pluginversion, created) VALUES (10396, 'Atlassian JIRA - Plugins - DevMode - Func Test Plugin', 'com.atlassian.jira.dev.func-test-plugin', '7.0.0', '2015-06-12 17:38:35.693+00');
INSERT INTO pluginversion (id, pluginname, pluginkey, pluginversion, created) VALUES (10398, 'Atlassian JIRA - Plugins - Application Properties', 'com.atlassian.jira.jira-application-properties-plugin', '7.0.0', '2015-06-12 17:38:35.743+00');
INSERT INTO pluginversion (id, pluginname, pluginkey, pluginversion, created) VALUES (10399, 'JIRA Base URL Plugin', 'com.atlassian.jira.jira-baseurl-plugin', '2.0', '2015-06-12 17:38:35.759+00');
INSERT INTO pluginversion (id, pluginname, pluginkey, pluginversion, created) VALUES (10401, 'Atlassian JIRA - Plugins - Header Plugin', 'com.atlassian.jira.jira-header-plugin', '7.0.0', '2015-06-12 17:38:35.819+00');
INSERT INTO pluginversion (id, pluginname, pluginkey, pluginversion, created) VALUES (10402, 'Atlassian JIRA - Plugins - Invite User', 'com.atlassian.jira.jira-invite-user-plugin', '2.0.13', '2015-06-12 17:38:35.837+00');
INSERT INTO pluginversion (id, pluginname, pluginkey, pluginversion, created) VALUES (10403, 'Atlassian JIRA - Plugins - Common AppLinks Based Issue Link Plugin', 'com.atlassian.jira.jira-issue-link-applinks-common-plugin', '7.0.0', '2015-06-12 17:38:35.851+00');
INSERT INTO pluginversion (id, pluginname, pluginkey, pluginversion, created) VALUES (10404, 'Atlassian JIRA - Plugins - Confluence Link', 'com.atlassian.jira.jira-issue-link-confluence-plugin', '7.0.0', '2015-06-12 17:38:35.874+00');
INSERT INTO pluginversion (id, pluginname, pluginkey, pluginversion, created) VALUES (10405, 'Atlassian JIRA - Plugins - Remote JIRA Link', 'com.atlassian.jira.jira-issue-link-remote-jira-plugin', '7.0.0', '2015-06-12 17:38:35.891+00');
INSERT INTO pluginversion (id, pluginname, pluginkey, pluginversion, created) VALUES (10406, 'Atlassian JIRA - Plugins - Issue Web Link', 'com.atlassian.jira.jira-issue-link-web-plugin', '7.0.0', '2015-06-12 17:38:35.892+00');
INSERT INTO pluginversion (id, pluginname, pluginkey, pluginversion, created) VALUES (10407, 'Atlassian JIRA - Plugins - Issue Search', 'com.atlassian.jira.jira-issue-nav-plugin', '7.0.26', '2015-06-12 17:38:35.918+00');
INSERT INTO pluginversion (id, pluginname, pluginkey, pluginversion, created) VALUES (10408, 'English (United Kingdom) Language Pack', 'com.atlassian.jira.jira-languages.en_UK', '7.0.0', '2015-06-12 17:38:35.919+00');
INSERT INTO pluginversion (id, pluginname, pluginkey, pluginversion, created) VALUES (10409, 'English (United States) Language Pack', 'com.atlassian.jira.jira-languages.en_US', '7.0.0', '2015-06-12 17:38:35.919+00');
INSERT INTO pluginversion (id, pluginname, pluginkey, pluginversion, created) VALUES (10410, 'Atlassian JIRA - Plugins - Mail Plugin', 'com.atlassian.jira.jira-mail-plugin', '8.0.25', '2015-06-12 17:38:35.967+00');
INSERT INTO pluginversion (id, pluginname, pluginkey, pluginversion, created) VALUES (10411, 'JIRA Monitoring Plugin', 'com.atlassian.jira.jira-monitoring-plugin', '05.7.0', '2015-06-12 17:38:35.97+00');
INSERT INTO pluginversion (id, pluginname, pluginkey, pluginversion, created) VALUES (10412, 'Atlassian JIRA - Plugins - My JIRA Home', 'com.atlassian.jira.jira-my-home-plugin', '7.0.0', '2015-06-12 17:38:35.998+00');
INSERT INTO pluginversion (id, pluginname, pluginkey, pluginversion, created) VALUES (10413, 'JIRA Project Config Plugin', 'com.atlassian.jira.jira-project-config-plugin', '8.1.23', '2015-06-12 17:38:36.327+00');
INSERT INTO pluginversion (id, pluginname, pluginkey, pluginversion, created) VALUES (10414, 'Atlassian JIRA - Plugins - Quick Edit Plugin', 'com.atlassian.jira.jira-quick-edit-plugin', '3.0.18', '2015-06-12 17:38:36.343+00');
INSERT INTO pluginversion (id, pluginname, pluginkey, pluginversion, created) VALUES (10416, 'Atlassian JIRA - Plugins - Share Content Component', 'com.atlassian.jira.jira-share-plugin', '7.0.0', '2015-06-12 17:38:36.361+00');
INSERT INTO pluginversion (id, pluginname, pluginkey, pluginversion, created) VALUES (10417, 'Atlassian JIRA - Plugins - Closure Template Renderer', 'com.atlassian.jira.jira-soy-plugin', '7.0.0', '2015-06-12 17:38:36.362+00');
INSERT INTO pluginversion (id, pluginname, pluginkey, pluginversion, created) VALUES (10418, 'JIRA Time Zone Detection plugin', 'com.atlassian.jira.jira-tzdetect-plugin', '2.2', '2015-06-12 17:38:36.377+00');
INSERT INTO pluginversion (id, pluginname, pluginkey, pluginversion, created) VALUES (10419, 'Atlassian JIRA - Plugins - User Profile Plugin', 'com.atlassian.jira.jira-user-profile-plugin', '3.0.4', '2015-06-12 17:38:36.406+00');
INSERT INTO pluginversion (id, pluginname, pluginkey, pluginversion, created) VALUES (10420, 'Atlassian JIRA - Plugins - View Issue Panels', 'com.atlassian.jira.jira-view-issue-plugin', '7.0.0', '2015-06-12 17:38:36.465+00');
INSERT INTO pluginversion (id, pluginname, pluginkey, pluginversion, created) VALUES (10421, 'Atlassian JIRA - Plugins - Look And Feel Logo Upload Plugin', 'com.atlassian.jira.lookandfeel', '7.0.0', '2015-06-12 17:38:36.483+00');
INSERT INTO pluginversion (id, pluginname, pluginkey, pluginversion, created) VALUES (10422, 'JIRA Mobile', 'com.atlassian.jira.mobile', '3.0.4', '2015-06-12 17:38:36.5+00');
INSERT INTO pluginversion (id, pluginname, pluginkey, pluginversion, created) VALUES (10424, 'Atlassian JIRA - Admin Helper Plugin', 'com.atlassian.jira.plugins.jira-admin-helper-plugin', '3.0.4', '2015-06-12 17:38:36.598+00');
INSERT INTO pluginversion (id, pluginname, pluginkey, pluginversion, created) VALUES (10426, 'Redmine Importers Plugin for JIM', 'com.atlassian.jira.plugins.jira-importers-redmine-plugin', '2.1.5', '2015-06-12 17:38:36.665+00');
INSERT INTO pluginversion (id, pluginname, pluginkey, pluginversion, created) VALUES (10427, 'JIRA Workflow Designer Plugin', 'com.atlassian.jira.plugins.jira-workflow-designer', '7.0.5', '2015-06-12 17:38:36.669+00');
INSERT INTO pluginversion (id, pluginname, pluginkey, pluginversion, created) VALUES (10428, 'JIRA WebHooks Plugin', 'com.atlassian.jira.plugins.webhooks.jira-webhooks-plugin', '2.0.8', '2015-06-12 17:38:36.689+00');
INSERT INTO pluginversion (id, pluginname, pluginkey, pluginversion, created) VALUES (10429, 'JIRA Workflow Sharing Plugin', 'com.atlassian.jira.plugins.workflow.sharing.jira-workflow-sharing-plugin', '2.0.2', '2015-06-12 17:38:36.857+00');
INSERT INTO pluginversion (id, pluginname, pluginkey, pluginversion, created) VALUES (10430, 'Project Templates Plugin', 'com.atlassian.jira.project-templates-plugin', '5.0.54', '2015-06-12 17:38:36.877+00');
INSERT INTO pluginversion (id, pluginname, pluginkey, pluginversion, created) VALUES (10432, 'JIRA TestKit - Plugin', 'com.atlassian.jira.tests.jira-testkit-plugin', '7.0.45', '2015-06-12 17:38:36.965+00');
INSERT INTO pluginversion (id, pluginname, pluginkey, pluginversion, created) VALUES (10434, 'Atlassian Bot Session Killer', 'com.atlassian.labs.atlassian-bot-killer', '1.7.9', '2015-06-12 17:38:37.067+00');
INSERT INTO pluginversion (id, pluginname, pluginkey, pluginversion, created) VALUES (10436, 'HipChat for JIRA', 'com.atlassian.labs.hipchat.hipchat-for-jira-plugin', '6.31.2', '2015-06-12 17:38:37.073+00');
INSERT INTO pluginversion (id, pluginname, pluginkey, pluginversion, created) VALUES (10437, 'httpservice-bridge', 'com.atlassian.labs.httpservice.bridge-0.6.2', '0.6.2', '2015-06-12 17:38:37.074+00');
INSERT INTO pluginversion (id, pluginname, pluginkey, pluginversion, created) VALUES (10439, 'Atlassian REST API Browser', 'com.atlassian.labs.rest-api-browser', '3.0.12', '2015-06-12 17:38:37.488+00');
INSERT INTO pluginversion (id, pluginname, pluginkey, pluginversion, created) VALUES (10440, 'Workbox - Common Plugin', 'com.atlassian.mywork.mywork-common-plugin', '3.0.0-pluginsfour002', '2015-06-12 17:38:37.505+00');
INSERT INTO pluginversion (id, pluginname, pluginkey, pluginversion, created) VALUES (10441, 'Workbox - JIRA Provider Plugin', 'com.atlassian.mywork.mywork-jira-provider-plugin', '3.0.0-pluginsfour002', '2015-06-12 17:38:37.507+00');
INSERT INTO pluginversion (id, pluginname, pluginkey, pluginversion, created) VALUES (10444, 'Atlassian PDK Install Plugin', 'com.atlassian.pdkinstall', '0.6', '2015-06-12 17:38:37.521+00');
INSERT INTO pluginversion (id, pluginname, pluginkey, pluginversion, created) VALUES (10447, 'plugin-data-editor', 'com.atlassian.plugins.plugin-data-editor', '1.2', '2015-06-12 17:38:37.657+00');
INSERT INTO pluginversion (id, pluginname, pluginkey, pluginversion, created) VALUES (10451, 'Atlassian Pretty URLs Plugin', 'com.atlassian.prettyurls.atlassian-pretty-urls-plugin', '2.0.0', '2015-06-12 17:38:37.664+00');
INSERT INTO pluginversion (id, pluginname, pluginkey, pluginversion, created) VALUES (10452, 'Atlassian Soy - Plugin', 'com.atlassian.soy.soy-template-plugin', '4.1.3', '2015-06-12 17:38:37.676+00');
INSERT INTO pluginversion (id, pluginname, pluginkey, pluginversion, created) VALUES (10453, 'Streams Plugin', 'com.atlassian.streams', '6.0.5', '2015-06-12 17:38:37.704+00');
INSERT INTO pluginversion (id, pluginname, pluginkey, pluginversion, created) VALUES (10454, 'Streams Inline Actions Plugin', 'com.atlassian.streams.actions', '6.0.5', '2015-06-12 17:38:37.706+00');
INSERT INTO pluginversion (id, pluginname, pluginkey, pluginversion, created) VALUES (10455, 'Streams Core Plugin', 'com.atlassian.streams.core', '6.0.5', '2015-06-12 17:38:37.707+00');
INSERT INTO pluginversion (id, pluginname, pluginkey, pluginversion, created) VALUES (10456, 'JIRA Streams Inline Actions Plugin', 'com.atlassian.streams.jira.inlineactions', '6.0.5', '2015-06-12 17:38:37.708+00');
INSERT INTO pluginversion (id, pluginname, pluginkey, pluginversion, created) VALUES (10459, 'Streams Third Party Provider Plugin', 'com.atlassian.streams.streams-thirdparty-plugin', '6.0.5', '2015-06-12 17:38:37.77+00');
INSERT INTO pluginversion (id, pluginname, pluginkey, pluginversion, created) VALUES (10460, 'Atlassian WebHooks Plugin', 'com.atlassian.webhooks.atlassian-webhooks-plugin', '3.1.0', '2015-06-12 17:38:37.836+00');
INSERT INTO pluginversion (id, pluginname, pluginkey, pluginversion, created) VALUES (10462, 'Browse Project Operations Sections', 'jira.webfragments.browse.project.links', '1.0', '2015-06-12 17:38:37.897+00');
INSERT INTO pluginversion (id, pluginname, pluginkey, pluginversion, created) VALUES (10463, 'Apache Commons FileUpload Bundle', 'org.apache.commons.fileupload-1.2.1', '1.2.1', '2015-06-12 17:38:37.909+00');
INSERT INTO pluginversion (id, pluginname, pluginkey, pluginversion, created) VALUES (10464, 'Apache Felix Web Management Console', 'org.apache.felix.webconsole-1.2.8', '1.2.8', '2015-06-12 17:38:37.909+00');
INSERT INTO pluginversion (id, pluginname, pluginkey, pluginversion, created) VALUES (10469, 'OSGi R4 Compendium Bundle', 'org.osgi.compendium-4.1.0', '4.1.0', '2015-06-12 17:38:37.913+00');
INSERT INTO pluginversion (id, pluginname, pluginkey, pluginversion, created) VALUES (10476, 'Atlassian Developer Toolbox', 'com.atlassian.devrel.developer-toolbox-plugin', '2.0.16', '2015-06-12 17:38:37.92+00');
INSERT INTO pluginversion (id, pluginname, pluginkey, pluginversion, created) VALUES (10490, 'Analytics Client Plugin', 'com.atlassian.analytics.analytics-client', '4.2.2', '2016-12-20 08:58:18.111+00');
INSERT INTO pluginversion (id, pluginname, pluginkey, pluginversion, created) VALUES (10491, 'Analytics Whitelist Plugin', 'com.atlassian.analytics.analytics-whitelist', '3.37', '2016-12-20 08:58:18.117+00');
INSERT INTO pluginversion (id, pluginname, pluginkey, pluginversion, created) VALUES (10492, 'Atlassian OAuth Consumer SPI', 'com.atlassian.oauth.atlassian-oauth-consumer-spi', '2.0.1-f748404', '2016-12-20 08:58:18.12+00');
INSERT INTO pluginversion (id, pluginname, pluginkey, pluginversion, created) VALUES (10493, 'Atlassian OAuth Service Provider SPI', 'com.atlassian.oauth.atlassian-oauth-service-provider-spi', '2.0.1-f748404', '2016-12-20 08:58:18.121+00');
INSERT INTO pluginversion (id, pluginname, pluginkey, pluginversion, created) VALUES (10494, 'Applinks Basic Auth Product Plugin', 'com.atlassian.applinks.applinks-basicauth-plugin', '5.0.3', '2016-12-20 08:58:18.257+00');
INSERT INTO pluginversion (id, pluginname, pluginkey, pluginversion, created) VALUES (10495, 'Applinks CORS Product Plugin', 'com.atlassian.applinks.applinks-cors-plugin', '5.0.3', '2016-12-20 08:58:18.263+00');
INSERT INTO pluginversion (id, pluginname, pluginkey, pluginversion, created) VALUES (10496, 'Applinks OAuth Product Plugin', 'com.atlassian.applinks.applinks-oauth-plugin', '5.0.3', '2016-12-20 08:58:18.302+00');
INSERT INTO pluginversion (id, pluginname, pluginkey, pluginversion, created) VALUES (10497, 'Applinks Trusted Apps Product Plugin', 'com.atlassian.applinks.applinks-trustedapps-plugin', '5.0.3', '2016-12-20 08:58:18.312+00');
INSERT INTO pluginversion (id, pluginname, pluginkey, pluginversion, created) VALUES (10498, 'atlassian-failure-cache-plugin', 'com.atlassian.atlassian-failure-cache-plugin', '0.15', '2016-12-20 08:58:18.319+00');
INSERT INTO pluginversion (id, pluginname, pluginkey, pluginversion, created) VALUES (10499, 'Universal Plugin Manager - Role-Based Licensing Implementation Plugin', 'com.atlassian.upm.role-based-licensing-plugin', '2.20.1', '2016-12-20 08:58:18.332+00');
INSERT INTO pluginversion (id, pluginname, pluginkey, pluginversion, created) VALUES (10500, 'Streams SPI', 'com.atlassian.streams.streams-spi-6.0.5', '6.0.5', '2016-12-20 08:58:19.207+00');
INSERT INTO pluginversion (id, pluginname, pluginkey, pluginversion, created) VALUES (10501, 'JIRA Projects Plugin', 'com.atlassian.jira.jira-projects-plugin', '3.0.35', '2016-12-20 08:58:19.33+00');
INSERT INTO pluginversion (id, pluginname, pluginkey, pluginversion, created) VALUES (10502, 'Atlassian JIRA - Plugins - Pluggable Avatar Support', 'com.atlassian.jira.jira-pluggable-avatar-support', '7.0.0', '2016-12-20 08:58:19.337+00');
INSERT INTO pluginversion (id, pluginname, pluginkey, pluginversion, created) VALUES (10503, 'Streams API', 'com.atlassian.streams.streams-api-6.0.5', '6.0.5', '2016-12-20 08:58:19.474+00');
INSERT INTO pluginversion (id, pluginname, pluginkey, pluginversion, created) VALUES (10504, 'Atlassian HTTP Client, Apache HTTP components impl', 'com.atlassian.httpclient.atlassian-httpclient-plugin', '0.22.3', '2016-12-20 08:58:19.722+00');
INSERT INTO pluginversion (id, pluginname, pluginkey, pluginversion, created) VALUES (10505, 'JIRA Legacy Project Templates Plugin', 'com.atlassian.jira-legacy-project-templates', '5.0.54', '2016-12-20 08:58:19.727+00');
INSERT INTO pluginversion (id, pluginname, pluginkey, pluginversion, created) VALUES (10506, 'Atlassian Whitelist API Plugin', 'com.atlassian.plugins.atlassian-whitelist-api-plugin', '1.17', '2016-12-20 08:58:19.838+00');
INSERT INTO pluginversion (id, pluginname, pluginkey, pluginversion, created) VALUES (10507, 'Atlassian JIRA - Plugins - ActiveObjects SPI', 'com.atlassian.jira.jira-activeobjects-spi-plugin', '7.0.0', '2016-12-20 08:58:19.881+00');
INSERT INTO pluginversion (id, pluginname, pluginkey, pluginversion, created) VALUES (10508, 'Atlassian JIRA - Plugins - Admin Navigation Component', 'com.atlassian.jira.jira-admin-navigation-plugin', '7.0.0', '2016-12-20 08:58:19.883+00');
INSERT INTO pluginversion (id, pluginname, pluginkey, pluginversion, created) VALUES (10509, 'Atlassian JIRA - Plugins - Analytics whitelist', 'com.atlassian.jira.jira-analytics-whitelist-plugin', '7.0.0', '2016-12-20 08:58:19.884+00');
INSERT INTO pluginversion (id, pluginname, pluginkey, pluginversion, created) VALUES (10510, 'Atlassian JIRA - Plugins - Avatar Plugin', 'com.atlassian.jira.jira-avatar-plugin', '7.0.0', '2016-12-20 08:58:19.886+00');
INSERT INTO pluginversion (id, pluginname, pluginkey, pluginversion, created) VALUES (10511, 'jira-issue-nav-components', 'com.atlassian.jira.jira-issue-nav-components', '7.0.26', '2016-12-20 08:58:20.207+00');
INSERT INTO pluginversion (id, pluginname, pluginkey, pluginversion, created) VALUES (10512, 'Atlassian LESS Transformer Plugin', 'com.atlassian.plugins.less-transformer-plugin', '3.0.1', '2016-12-20 08:58:20.233+00');
INSERT INTO pluginversion (id, pluginname, pluginkey, pluginversion, created) VALUES (10513, 'Atlassian JIRA - Plugins - LESS integration', 'com.atlassian.jira.jira-less-integration', '7.0.0', '2016-12-20 08:58:20.241+00');
INSERT INTO pluginversion (id, pluginname, pluginkey, pluginversion, created) VALUES (10514, 'Atlassian JIRA - Plugins - Onboarding', 'com.atlassian.jira.jira-onboarding-assets-plugin', '7.0.0', '2016-12-20 08:58:20.378+00');
INSERT INTO pluginversion (id, pluginname, pluginkey, pluginversion, created) VALUES (10515, 'Atlassian JIRA - Plugins - Post setup announcements plugin', 'com.atlassian.jira.jira-postsetup-announcements-plugin', '7.0.0', '2016-12-20 08:58:20.399+00');
INSERT INTO pluginversion (id, pluginname, pluginkey, pluginversion, created) VALUES (10516, 'Issue Navigator for JIRA Projects', 'com.atlassian.jira.jira-projects-issue-navigator', '3.0.35', '2016-12-20 08:58:20.565+00');
INSERT INTO pluginversion (id, pluginname, pluginkey, pluginversion, created) VALUES (10517, 'Comment Panel Plugin', 'com.atlassian.jira.plugin.system.comment-panel', '1.0', '2016-12-20 08:58:20.695+00');
INSERT INTO pluginversion (id, pluginname, pluginkey, pluginversion, created) VALUES (10518, 'JIRA Workflow Transition Tabs', 'com.atlassian.jira.plugin.system.workfloweditor.transition.tabs', '1.0', '2016-12-20 08:58:20.921+00');
INSERT INTO pluginversion (id, pluginname, pluginkey, pluginversion, created) VALUES (10519, 'scala-2.10-provider-plugin', 'com.atlassian.scala.plugins.scala-2.10-provider-plugin', '0.9', '2016-12-20 08:58:20.933+00');
INSERT INTO pluginversion (id, pluginname, pluginkey, pluginversion, created) VALUES (10520, 'jackson-module-scala-2.10-provider', 'com.atlassian.scala.plugins.jackson-module-scala-2.10-provider-plugin', '0.5', '2016-12-20 08:58:20.934+00');
INSERT INTO pluginversion (id, pluginname, pluginkey, pluginversion, created) VALUES (10521, 'jira-inline-issue-create-plugin', 'com.atlassian.jira.plugins.inline-create.jira-inline-issue-create-plugin', '1.1.5', '2016-12-20 08:58:20.967+00');
INSERT INTO pluginversion (id, pluginname, pluginkey, pluginversion, created) VALUES (10522, 'JIRA Auditing Plugin', 'com.atlassian.jira.plugins.jira-auditing-plugin', '1.6.15', '2016-12-20 08:58:21.035+00');
INSERT INTO pluginversion (id, pluginname, pluginkey, pluginversion, created) VALUES (10523, 'JIRA browser metrics integration plugin', 'com.atlassian.jira.plugins.jira-browser-metrics', '1.3.0', '2016-12-20 08:58:21.037+00');
INSERT INTO pluginversion (id, pluginname, pluginkey, pluginversion, created) VALUES (10524, 'JIRA Drag and Drop Attachment Plugin', 'com.atlassian.jira.plugins.jira-dnd-attachment-plugin', '4.2.0', '2016-12-20 08:58:21.076+00');
INSERT INTO pluginversion (id, pluginname, pluginkey, pluginversion, created) VALUES (10525, 'Support Healthcheck Plugin', 'com.atlassian.support.healthcheck.support-healthcheck-plugin', '1.0.2', '2016-12-20 08:58:21.087+00');
INSERT INTO pluginversion (id, pluginname, pluginkey, pluginversion, created) VALUES (10526, 'Atlassian JIRA - Plugins - Healthcheck Plugin', 'com.atlassian.jira.plugins.jira-healthcheck-plugin', '2.0.3', '2016-12-20 08:58:21.092+00');
INSERT INTO pluginversion (id, pluginname, pluginkey, pluginversion, created) VALUES (10527, 'Asana Importers Plugin for JIM', 'com.atlassian.jira.plugins.jira-importers-asana-plugin', '1.0.3', '2016-12-20 08:58:21.096+00');
INSERT INTO pluginversion (id, pluginname, pluginkey, pluginversion, created) VALUES (10528, 'Bitbucket Importer Plugin for JIM', 'com.atlassian.jira.plugins.jira-importers-bitbucket-plugin', '1.0.15', '2016-12-20 08:58:21.122+00');
INSERT INTO pluginversion (id, pluginname, pluginkey, pluginversion, created) VALUES (10529, 'JIRA GitHub Issue Importer', 'com.atlassian.jira.plugins.jira-importers-github-plugin', '2.0.10', '2016-12-20 08:58:21.137+00');
INSERT INTO pluginversion (id, pluginname, pluginkey, pluginversion, created) VALUES (10541, 'Atlassian Remote Event Common Plugin', 'com.atlassian.plugins.atlassian-remote-event-common-plugin', '1.0.5', '2016-12-20 08:58:21.647+00');
INSERT INTO pluginversion (id, pluginname, pluginkey, pluginversion, created) VALUES (10542, 'Atlassian Remote Event Consumer Plugin', 'com.atlassian.plugins.atlassian-remote-event-consumer-plugin', '1.0.5', '2016-12-20 08:58:21.663+00');
INSERT INTO pluginversion (id, pluginname, pluginkey, pluginversion, created) VALUES (10543, 'Atlassian Whitelist UI Plugin', 'com.atlassian.plugins.atlassian-whitelist-ui-plugin', '1.17', '2016-12-20 08:58:21.675+00');
INSERT INTO pluginversion (id, pluginname, pluginkey, pluginversion, created) VALUES (10544, 'Atlassian Plugins - Avatar Plugin', 'com.atlassian.plugins.avatar', '1.3.2', '2016-12-20 08:58:21.676+00');
INSERT INTO pluginversion (id, pluginname, pluginkey, pluginversion, created) VALUES (10545, 'Atlassian browser metrics plugin', 'com.atlassian.plugins.browser.metrics.browser-metrics-plugin', '1.64', '2016-12-20 08:58:21.677+00');
INSERT INTO pluginversion (id, pluginname, pluginkey, pluginversion, created) VALUES (10546, 'Issue Status Plugin', 'com.atlassian.plugins.issue-status-plugin', '1.1.7', '2016-12-20 08:58:21.689+00');
INSERT INTO pluginversion (id, pluginname, pluginkey, pluginversion, created) VALUES (10547, 'Attach Image for JIRA', 'com.atlassian.plugins.jira-html5-attach-images', '4.0.0', '2016-12-20 08:58:21.69+00');
INSERT INTO pluginversion (id, pluginname, pluginkey, pluginversion, created) VALUES (10548, 'Project Creation Plugin SPI for JIRA', 'com.atlassian.plugins.jira-project-creation', '2.0.2', '2016-12-20 08:58:21.69+00');
INSERT INTO pluginversion (id, pluginname, pluginkey, pluginversion, created) VALUES (10549, 'Remote Link Aggregator Plugin', 'com.atlassian.plugins.remote-link-aggregator-plugin', '2.0.14', '2016-12-20 08:58:21.707+00');
INSERT INTO pluginversion (id, pluginname, pluginkey, pluginversion, created) VALUES (10550, 'JIRA Remote Link Aggregator Plugin', 'com.atlassian.plugins.jira-remote-link-aggregator-plugin', '2.0.14', '2016-12-20 08:58:21.708+00');
INSERT INTO pluginversion (id, pluginname, pluginkey, pluginversion, created) VALUES (10551, 'jquery', 'com.atlassian.plugins.jquery', '1.7.2', '2016-12-20 08:58:21.709+00');
INSERT INTO pluginversion (id, pluginname, pluginkey, pluginversion, created) VALUES (10552, 'Pocketknife Feature Flags Plugin', 'com.atlassian.pocketknife.featureflags-plugin', '0.5.3', '2016-12-20 08:58:21.726+00');
INSERT INTO pluginversion (id, pluginname, pluginkey, pluginversion, created) VALUES (10553, 'scala-2.11-provider-plugin', 'com.atlassian.scala.plugins.scala-2.11-provider-plugin', '0.10', '2016-12-20 08:58:21.731+00');
INSERT INTO pluginversion (id, pluginname, pluginkey, pluginversion, created) VALUES (10554, 'Atlassian Universal Plugin Manager Javascript Tests', 'com.atlassian.upm.atlassian-universal-plugin-manager-javascript-tests', '2.19-rc4', '2016-12-20 08:58:21.827+00');
INSERT INTO pluginversion (id, pluginname, pluginkey, pluginversion, created) VALUES (10555, 'Atlassian Application Manager plugin', 'com.atlassian.upm.upm-application-plugin', '2.20.1', '2016-12-20 08:58:21.842+00');
INSERT INTO pluginversion (id, pluginname, pluginkey, pluginversion, created) VALUES (10556, 'Help Paths Plugin', 'jira.help.paths', '1.0', '2016-12-20 08:58:21.903+00');
INSERT INTO pluginversion (id, pluginname, pluginkey, pluginversion, created) VALUES (10557, 'JIRA Attachment Archive File Processors', 'jira.system.attachment.processors', '1.0', '2016-12-20 08:58:21.933+00');
INSERT INTO pluginversion (id, pluginname, pluginkey, pluginversion, created) VALUES (10558, 'JIRA Global Permissions', 'jira.system.global.permissions', '1.0', '2016-12-20 08:58:21.934+00');
INSERT INTO pluginversion (id, pluginname, pluginkey, pluginversion, created) VALUES (10559, 'JIRA Project Permissions', 'jira.system.project.permissions', '1.0', '2016-12-20 08:58:21.935+00');
INSERT INTO pluginversion (id, pluginname, pluginkey, pluginversion, created) VALUES (10560, 'Web Panel Plugin', 'jira.webpanels', '1.0', '2016-12-20 08:58:22.003+00');
INSERT INTO pluginversion (id, pluginname, pluginkey, pluginversion, created) VALUES (10561, 'Apache HttpClient OSGi bundle', 'org.apache.httpcomponents.httpclient-4.2.5', '4.2.5', '2016-12-20 08:58:22.018+00');
INSERT INTO pluginversion (id, pluginname, pluginkey, pluginversion, created) VALUES (10562, 'Apache HttpCore OSGi bundle', 'org.apache.httpcomponents.httpcore-4.2.4', '4.2.4', '2016-12-20 08:58:22.018+00');
INSERT INTO pluginversion (id, pluginname, pluginkey, pluginversion, created) VALUES (10563, 'JIRA Core German (Germany) Language Pack', 'tac.jira core.languages.de_DE', '7.0.0-rc3-v2r15-2015-09-22', '2016-12-20 08:58:22.019+00');
INSERT INTO pluginversion (id, pluginname, pluginkey, pluginversion, created) VALUES (10564, 'JIRA Core Spanish (Spain) Language Pack', 'tac.jira core.languages.es_ES', '7.0.0-rc3-v2r11-2015-09-22', '2016-12-20 08:58:22.02+00');
INSERT INTO pluginversion (id, pluginname, pluginkey, pluginversion, created) VALUES (10565, 'JIRA Core French (France) Language Pack', 'tac.jira core.languages.fr_FR', '7.0.0-rc3-v2r27-2015-09-22', '2016-12-20 08:58:22.02+00');
INSERT INTO pluginversion (id, pluginname, pluginkey, pluginversion, created) VALUES (10566, 'JIRA Core Japanese (Japan) Language Pack', 'tac.jira core.languages.ja_JP', '7.0.0-rc3-v2r8-2015-09-22', '2016-12-20 08:58:22.021+00');
INSERT INTO pluginversion (id, pluginname, pluginkey, pluginversion, created) VALUES (10000, 'Workflow Plugin', 'com.atlassian.jira.plugin.system.workflow', '1.0', '2010-04-28 17:19:23.381+00');
INSERT INTO pluginversion (id, pluginname, pluginkey, pluginversion, created) VALUES (10001, 'Embedded Gadgets Plugin', 'com.atlassian.gadgets.embedded', '3.11.6', '2011-09-15 10:24:40.223+00');
INSERT INTO pluginversion (id, pluginname, pluginkey, pluginversion, created) VALUES (10003, 'Custom Field Types & Searchers', 'com.atlassian.jira.plugin.system.customfieldtypes', '1.0', '2010-04-28 17:19:23.384+00');
INSERT INTO pluginversion (id, pluginname, pluginkey, pluginversion, created) VALUES (10004, 'Atlassian JIRA - Plugins - REST Plugin', 'com.atlassian.jira.rest', '7.0.0', '2011-09-15 10:24:40.226+00');
INSERT INTO pluginversion (id, pluginname, pluginkey, pluginversion, created) VALUES (10009, 'User Format', 'jira.user.format', '1.0', '2010-04-28 17:19:23.386+00');
INSERT INTO pluginversion (id, pluginname, pluginkey, pluginversion, created) VALUES (10010, 'ICU4J', 'com.atlassian.bundles.icu4j-3.8.0.1', '3.8.0.1', '2010-04-28 17:19:23.387+00');
INSERT INTO pluginversion (id, pluginname, pluginkey, pluginversion, created) VALUES (10011, 'View Project Operations Sections', 'jira.webfragments.view.project.operations', '1.0', '2010-04-28 17:19:23.387+00');
INSERT INTO pluginversion (id, pluginname, pluginkey, pluginversion, created) VALUES (10012, 'Atlassian JIRA - Plugins - OAuth Service Provider SPI', 'com.atlassian.jira.oauth.serviceprovider', '7.0.0', '2011-09-15 10:24:40.225+00');
INSERT INTO pluginversion (id, pluginname, pluginkey, pluginversion, created) VALUES (10013, 'JIRA Activity Stream Plugin', 'com.atlassian.streams.streams-jira-plugin', '6.0.5', '2011-09-15 10:24:40.224+00');
INSERT INTO pluginversion (id, pluginname, pluginkey, pluginversion, created) VALUES (10014, 'Renderer Component Factories Plugin', 'com.atlassian.jira.plugin.wiki.renderercomponentfactories', '1.0', '2010-04-28 17:19:23.388+00');
INSERT INTO pluginversion (id, pluginname, pluginkey, pluginversion, created) VALUES (10016, 'Web Resources Plugin', 'jira.webresources', '1.0', '2010-04-28 17:19:23.388+00');
INSERT INTO pluginversion (id, pluginname, pluginkey, pluginversion, created) VALUES (10017, 'Atlassian OAuth Consumer Plugin', 'com.atlassian.oauth.consumer', '2.0.1-f748404', '2011-09-15 10:24:40.228+00');
INSERT INTO pluginversion (id, pluginname, pluginkey, pluginversion, created) VALUES (10018, 'ROME: RSS/Atom syndication and publishing tools', 'com.springsource.com.sun.syndication-0.9.0', '0.9.0', '2010-04-28 17:19:23.389+00');
INSERT INTO pluginversion (id, pluginname, pluginkey, pluginversion, created) VALUES (10019, 'Keyboard Shortcuts Plugin', 'jira.keyboard.shortcuts', '1.0', '2010-04-28 17:19:23.389+00');
INSERT INTO pluginversion (id, pluginname, pluginkey, pluginversion, created) VALUES (10020, 'Neko HTML', 'com.atlassian.bundles.nekohtml-1.9.12.1', '1.9.12.1', '2010-04-28 17:19:23.39+00');
INSERT INTO pluginversion (id, pluginname, pluginkey, pluginversion, created) VALUES (10021, 'Atlassian Template Renderer API', 'com.atlassian.templaterenderer.api', '2.0.0', '2011-09-15 10:24:40.227+00');
INSERT INTO pluginversion (id, pluginname, pluginkey, pluginversion, created) VALUES (10023, 'Admin Menu Sections', 'jira.webfragments.admin', '1.0', '2010-04-28 17:19:23.391+00');
INSERT INTO pluginversion (id, pluginname, pluginkey, pluginversion, created) VALUES (10024, 'Gadget Dashboard Plugin', 'com.atlassian.gadgets.dashboard', '3.11.6', '2011-09-15 10:24:40.224+00');
INSERT INTO pluginversion (id, pluginname, pluginkey, pluginversion, created) VALUES (10025, 'User Navigation Bar Sections', 'jira.webfragments.user.navigation.bar', '1.0', '2010-04-28 17:19:23.391+00');
INSERT INTO pluginversion (id, pluginname, pluginkey, pluginversion, created) VALUES (10026, 'Issue Tab Panels Plugin', 'com.atlassian.jira.plugin.system.issuetabpanels', '1.0', '2010-04-28 17:19:23.391+00');
INSERT INTO pluginversion (id, pluginname, pluginkey, pluginversion, created) VALUES (10027, 'Gadget Directory Plugin', 'com.atlassian.gadgets.directory', '3.11.6', '2011-09-15 10:24:40.214+00');
INSERT INTO pluginversion (id, pluginname, pluginkey, pluginversion, created) VALUES (10028, 'JDOM DOM Processor', 'com.springsource.org.jdom-1.0.0', '1.0.0', '2010-04-28 17:19:23.392+00');
INSERT INTO pluginversion (id, pluginname, pluginkey, pluginversion, created) VALUES (10029, 'User Profile Panels', 'jira.user.profile.panels', '1.0', '2010-04-28 17:19:23.392+00');
INSERT INTO pluginversion (id, pluginname, pluginkey, pluginversion, created) VALUES (10030, 'Renderer Plugin', 'com.atlassian.jira.plugin.system.jirarenderers', '1.0', '2010-04-28 17:19:23.392+00');
INSERT INTO pluginversion (id, pluginname, pluginkey, pluginversion, created) VALUES (10033, 'Issue Operations Plugin', 'com.atlassian.jira.plugin.system.issueoperations', '1.0', '2010-04-28 17:19:23.394+00');
INSERT INTO pluginversion (id, pluginname, pluginkey, pluginversion, created) VALUES (10035, 'JQL Functions', 'jira.jql.function', '1.0', '2010-04-28 17:19:23.394+00');
INSERT INTO pluginversion (id, pluginname, pluginkey, pluginversion, created) VALUES (10036, 'Atlassian REST - Module Types', 'com.atlassian.plugins.rest.atlassian-rest-module', '3.0.8', '2011-09-15 10:24:40.225+00');
INSERT INTO pluginversion (id, pluginname, pluginkey, pluginversion, created) VALUES (10037, 'Atlassian OAuth Service Provider Plugin', 'com.atlassian.oauth.serviceprovider', '2.0.1-f748404', '2011-09-15 10:24:40.227+00');
INSERT INTO pluginversion (id, pluginname, pluginkey, pluginversion, created) VALUES (10038, 'Atlassian JIRA - Plugins - OAuth Consumer SPI', 'com.atlassian.jira.oauth.consumer', '7.0.0', '2011-09-15 10:24:40.224+00');
INSERT INTO pluginversion (id, pluginname, pluginkey, pluginversion, created) VALUES (10039, 'Wiki Renderer Macros Plugin', 'com.atlassian.jira.plugin.system.renderers.wiki.macros', '1.0', '2010-04-28 17:19:23.396+00');
INSERT INTO pluginversion (id, pluginname, pluginkey, pluginversion, created) VALUES (10040, 'Atlassian UI Plugin', 'com.atlassian.auiplugin', '5.7.31', '2011-09-15 10:24:40.225+00');
INSERT INTO pluginversion (id, pluginname, pluginkey, pluginversion, created) VALUES (10041, 'Top Navigation Bar', 'jira.top.navigation.bar', '1.0', '2010-04-28 17:19:23.397+00');
INSERT INTO pluginversion (id, pluginname, pluginkey, pluginversion, created) VALUES (10042, 'Project Role Actors Plugin', 'com.atlassian.jira.plugin.system.projectroleactors', '1.0', '2010-04-28 17:19:23.398+00');
INSERT INTO pluginversion (id, pluginname, pluginkey, pluginversion, created) VALUES (10044, 'Atlassian Template Renderer Velocity 1.6 Plugin', 'com.atlassian.templaterenderer.atlassian-template-renderer-velocity1.6-plugin', '2.0.0', '2011-09-15 10:24:40.224+00');
INSERT INTO pluginversion (id, pluginname, pluginkey, pluginversion, created) VALUES (10045, 'JSON Library', 'com.atlassian.bundles.json-20070829.0.0.1', '20070829.0.0.1', '2010-04-28 17:19:23.398+00');
INSERT INTO pluginversion (id, pluginname, pluginkey, pluginversion, created) VALUES (10046, 'JIRA Footer', 'jira.footer', '1.0', '2010-04-28 17:19:23.399+00');
INSERT INTO pluginversion (id, pluginname, pluginkey, pluginversion, created) VALUES (10047, 'Preset Filters Sections', 'jira.webfragments.preset.filters', '1.0', '2010-04-28 17:19:23.399+00');
INSERT INTO pluginversion (id, pluginname, pluginkey, pluginversion, created) VALUES (10048, 'Atlassian Gadgets OAuth Service Provider Plugin', 'com.atlassian.gadgets.oauth.serviceprovider', '3.11.6', '2011-09-15 10:24:40.225+00');
INSERT INTO pluginversion (id, pluginname, pluginkey, pluginversion, created) VALUES (10049, 'Atlassian JIRA - Plugins - SAL Plugin', 'com.atlassian.sal.jira', '7.0.0', '2011-09-15 10:24:40.223+00');
INSERT INTO pluginversion (id, pluginname, pluginkey, pluginversion, created) VALUES (10530, 'jira-importers-trello-plugin', 'com.atlassian.jira.plugins.jira-importers-trello-plugin', '1.5.1', '2016-12-20 08:58:21.139+00');
INSERT INTO pluginversion (id, pluginname, pluginkey, pluginversion, created) VALUES (10531, 'JIRA Password Policy Plugin', 'com.atlassian.jira.plugins.jira-password-policy-plugin', '2.0.2', '2016-12-20 08:58:21.142+00');
INSERT INTO pluginversion (id, pluginname, pluginkey, pluginversion, created) VALUES (10532, 'wiki-editor', 'com.atlassian.jira.plugins.jira-wiki-editor', '1.8.1', '2016-12-20 08:58:21.143+00');
INSERT INTO pluginversion (id, pluginname, pluginkey, pluginversion, created) VALUES (10533, 'Wallboard Plugin', 'com.atlassian.jirawallboard.atlassian-wallboard-plugin', '2.1.4', '2016-12-20 08:58:21.354+00');
INSERT INTO pluginversion (id, pluginname, pluginkey, pluginversion, created) VALUES (10534, 'Atlassian Hipchat Integration Plugin Core', 'com.atlassian.plugins.base-hipchat-integration-plugin-api', '6.31.2', '2016-12-20 08:58:21.374+00');
INSERT INTO pluginversion (id, pluginname, pluginkey, pluginversion, created) VALUES (10535, 'Atlassian Hipchat Integration Plugin', 'com.atlassian.plugins.base-hipchat-integration-plugin', '6.31.2', '2016-12-20 08:58:21.436+00');
INSERT INTO pluginversion (id, pluginname, pluginkey, pluginversion, created) VALUES (10536, 'Project Creation Capability Product REST Plugin', 'com.atlassian.plugins.atlassian-project-creation-plugin', '2.0.2', '2016-12-20 08:58:21.471+00');
INSERT INTO pluginversion (id, pluginname, pluginkey, pluginversion, created) VALUES (10537, 'Atlassian Plugins - JavaScript libraries', 'com.atlassian.plugin.jslibs', '0.5.0', '2016-12-20 08:58:21.597+00');
INSERT INTO pluginversion (id, pluginname, pluginkey, pluginversion, created) VALUES (10538, 'Atlassian Awareness Capability', 'com.atlassian.plugins.atlassian-awareness-capability', '0.0.6', '2016-12-20 08:58:21.617+00');
INSERT INTO pluginversion (id, pluginname, pluginkey, pluginversion, created) VALUES (10539, 'Atlassian Plugins - Web Resources - Implementation Plugin', 'com.atlassian.plugins.atlassian-plugins-webresource-plugin', '3.3.3', '2016-12-20 08:58:21.618+00');
INSERT INTO pluginversion (id, pluginname, pluginkey, pluginversion, created) VALUES (10540, 'Atlassian Plugins - Web Resources REST', 'com.atlassian.plugins.atlassian-plugins-webresource-rest', '3.3.3', '2016-12-20 08:58:21.632+00');
INSERT INTO pluginversion (id, pluginname, pluginkey, pluginversion, created) VALUES (10445, 'Atlassian Navigation Links Plugin', 'com.atlassian.plugins.atlassian-nav-links-plugin', '4.2.0', '2015-06-12 17:38:37.626+00');
INSERT INTO pluginversion (id, pluginname, pluginkey, pluginversion, created) VALUES (10446, 'jira-help-tips', 'com.atlassian.plugins.helptips.jira-help-tips', '1.0.3', '2015-06-12 17:38:37.641+00');


--
-- Name: pluginversion_id_seq; Type: SEQUENCE SET; Schema: public; Owner: jira
--

SELECT pg_catalog.setval('pluginversion_id_seq', 10600, false);


--
-- Data for Name: portalpage; Type: TABLE DATA; Schema: public; Owner: jira
--

INSERT INTO portalpage (id, username, pagename, description, sequence, fav_count, layout, ppversion) VALUES (10000, NULL, 'System Dashboard', NULL, 0, 0, 'AA', 0);


--
-- Name: portalpage_id_seq; Type: SEQUENCE SET; Schema: public; Owner: jira
--

SELECT pg_catalog.setval('portalpage_id_seq', 10100, false);


--
-- Data for Name: portletconfiguration; Type: TABLE DATA; Schema: public; Owner: jira
--

INSERT INTO portletconfiguration (id, portalpage, portlet_id, column_number, positionseq, gadget_xml, color, dashboard_module_complete_key) VALUES (10000, 10000, NULL, 0, 0, 'rest/gadgets/1.0/g/com.atlassian.jira.gadgets:introduction-gadget/gadgets/introduction-gadget.xml', NULL, 'com.atlassian.jira.gadgets:introduction-dashboard-item');
INSERT INTO portletconfiguration (id, portalpage, portlet_id, column_number, positionseq, gadget_xml, color, dashboard_module_complete_key) VALUES (10001, 10000, NULL, 0, 1, 'rest/gadgets/1.0/g/com.atlassian.streams.streams-jira-plugin:activitystream-gadget/gadgets/activitystream-gadget.xml', NULL, NULL);
INSERT INTO portletconfiguration (id, portalpage, portlet_id, column_number, positionseq, gadget_xml, color, dashboard_module_complete_key) VALUES (10002, 10000, NULL, 1, 0, 'rest/gadgets/1.0/g/com.atlassian.jira.gadgets:assigned-to-me-gadget/gadgets/assigned-to-me-gadget.xml', NULL, NULL);
INSERT INTO portletconfiguration (id, portalpage, portlet_id, column_number, positionseq, gadget_xml, color, dashboard_module_complete_key) VALUES (10003, 10000, NULL, 1, 1, 'rest/gadgets/1.0/g/com.atlassian.jira.gadgets:favourite-filters-gadget/gadgets/favourite-filters-gadget.xml', NULL, NULL);


--
-- Name: portletconfiguration_id_seq; Type: SEQUENCE SET; Schema: public; Owner: jira
--

SELECT pg_catalog.setval('portletconfiguration_id_seq', 10100, false);


--
-- Data for Name: priority; Type: TABLE DATA; Schema: public; Owner: jira
--

INSERT INTO priority (id, sequence, pname, description, iconurl, status_color) VALUES ('1', 1, 'Blocker', 'Blocks development and/or testing work, production could not run.', '/images/icons/priorities/blocker.png', '#cc0000');
INSERT INTO priority (id, sequence, pname, description, iconurl, status_color) VALUES ('2', 2, 'Critical', 'Crashes, loss of data, severe memory leak.', '/images/icons/priorities/critical.png', '#ff0000');
INSERT INTO priority (id, sequence, pname, description, iconurl, status_color) VALUES ('3', 3, 'Major', 'Major loss of function.', '/images/icons/priorities/major.png', '#009900');
INSERT INTO priority (id, sequence, pname, description, iconurl, status_color) VALUES ('4', 4, 'Minor', 'Minor loss of function, or other problem where easy workaround is present.', '/images/icons/priorities/minor.png', '#006600');
INSERT INTO priority (id, sequence, pname, description, iconurl, status_color) VALUES ('5', 5, 'Trivial', 'Cosmetic problem like misspelt words or misaligned text.', '/images/icons/priorities/trivial.png', '#003300');


--
-- Name: priority_id_seq; Type: SEQUENCE SET; Schema: public; Owner: jira
--

SELECT pg_catalog.setval('priority_id_seq', 10000, false);


--
-- Data for Name: productlicense; Type: TABLE DATA; Schema: public; Owner: jira
--

INSERT INTO productlicense (id, license) VALUES (10100, 'AAACwA0ODAoPeNqVVV1v2jAUfc+vsLSXrVLSJEN0rRRpQNIVjQIKSbd124PjXMAlsZE/SvvvZ0LooE2YFiFFju17zzn33sO7ZKlRCAT5PvLcK69z5XooTQbId72u9UAFdtaC55ooZ7uwCRfg9LTiMTDYBEposGYgHkEMw6D/5TKxv6d3Hfvr/f2N3Xe9b9aIEmASkuc1jHEJQRjdRaPJNIqtWTQOEpDKvC3C2dzBRNFHCOa4kLC/Fz2tqXgOsYJAs4KWVEHeBqu+X2Gqjhx+yEwGag4lguIiYnkV0ncvL23XM7+GmJLP1QabK31aFJQtpiAozwPPt8a6zEBM5qkEIQPbs0KQRNC1opxVlFCxQ48UR0IzNMBrpQWgaaEXlL1gacLHdHnDpWG5C+67rmvV0e7Mh20G34oecaFxlW6nVosib5Dvs7zZuMWUKWCYkUPJfbfbtT3f9jqn9GmCPBBQ4avDePswIyzVLc/pnILJ2/nkdS8+dt3t08ahrWBnZ2eDOOolUWj3f5hFsFoIypa8IJ+xKrCUFDOH8NLiLIcSs/ygMZp5HJe1opHhMuP8ZadfLUec4KK3AKaq4tdn9g2b06ou0TiJ4mk8nEWnUraRG3CmTHdEpixFK7FGcDGUXEGNzj+hawNbIvgmP+pKeFIgGC5STfNgpnSG3l/jFXxAaToMd5H/i7dxCnM8B7k6nvYTEjUNyYGpHBjKfveVPZneGE8S+3oS29N4EqaDZDgZ2+ks2jZN1aeQo+wZqSWgOjCKGOE5CGQgPQBR6OdSqfWvq/PzBXeOinBez6YNuxu/HRRyxLhCOZVK0Ewr4wJLKrdWQLRUvDRyO821mxaYVS0109lfQ6lITMQCMyp3M9/bIzil2ysVambGpVO2YnzD2vqiRdsd3n8UrQrQZAcncDbnm2pBlljCa/+oB6P6K2mbiz8QiWcZMCwCFCaADpRX5kbRrQdChFoZ6BZRw1lRAhQSNzvwOvomjhGYCc6Dhc2ohg7wuw==X0211g');


--
-- Name: productlicense_id_seq; Type: SEQUENCE SET; Schema: public; Owner: jira
--

SELECT pg_catalog.setval('productlicense_id_seq', 10100, true);


--
-- Data for Name: project; Type: TABLE DATA; Schema: public; Owner: jira
--

INSERT INTO project (id, pname, url, lead, description, pkey, pcounter, assigneetype, avatar, originalkey, projecttype) VALUES (10000, 'Test', '', 'admin', '', 'TST', 1, 2, 10011, 'TST', 'software');
INSERT INTO project (id, pname, url, lead, description, pkey, pcounter, assigneetype, avatar, originalkey, projecttype) VALUES (10001, 'Planet Express', '', 'farnsworth', '', 'PEXPRESS', 0, 2, 10011, 'PEXPRESS', 'software');


--
-- Name: project_id_seq; Type: SEQUENCE SET; Schema: public; Owner: jira
--

SELECT pg_catalog.setval('project_id_seq', 10100, false);


--
-- Data for Name: project_key; Type: TABLE DATA; Schema: public; Owner: jira
--

INSERT INTO project_key (id, project_id, project_key) VALUES (10000, 10000, 'TST');
INSERT INTO project_key (id, project_id, project_key) VALUES (10001, 10001, 'PEXPRESS');


--
-- Name: project_key_id_seq; Type: SEQUENCE SET; Schema: public; Owner: jira
--

SELECT pg_catalog.setval('project_key_id_seq', 10100, false);


--
-- Data for Name: projectcategory; Type: TABLE DATA; Schema: public; Owner: jira
--



--
-- Name: projectcategory_id_seq; Type: SEQUENCE SET; Schema: public; Owner: jira
--

SELECT pg_catalog.setval('projectcategory_id_seq', 10000, false);


--
-- Data for Name: projectchangedtime; Type: TABLE DATA; Schema: public; Owner: jira
--



--
-- Data for Name: projectrole; Type: TABLE DATA; Schema: public; Owner: jira
--

INSERT INTO projectrole (id, name, description) VALUES (10000, 'Users', 'A project role that represents users in a project');
INSERT INTO projectrole (id, name, description) VALUES (10001, 'Developers', 'A project role that represents developers in a project');
INSERT INTO projectrole (id, name, description) VALUES (10002, 'Administrators', 'A project role that represents administrators in a project');


--
-- Name: projectrole_id_seq; Type: SEQUENCE SET; Schema: public; Owner: jira
--

SELECT pg_catalog.setval('projectrole_id_seq', 10100, false);


--
-- Data for Name: projectroleactor; Type: TABLE DATA; Schema: public; Owner: jira
--

INSERT INTO projectroleactor (id, pid, projectroleid, roletype, roletypeparameter) VALUES (10000, NULL, 10000, 'atlassian-group-role-actor', 'jira-users');
INSERT INTO projectroleactor (id, pid, projectroleid, roletype, roletypeparameter) VALUES (10001, NULL, 10001, 'atlassian-group-role-actor', 'jira-developers');
INSERT INTO projectroleactor (id, pid, projectroleid, roletype, roletypeparameter) VALUES (10002, NULL, 10002, 'atlassian-group-role-actor', 'jira-administrators');
INSERT INTO projectroleactor (id, pid, projectroleid, roletype, roletypeparameter) VALUES (10010, 10000, 10002, 'atlassian-group-role-actor', 'jira-administrators');
INSERT INTO projectroleactor (id, pid, projectroleid, roletype, roletypeparameter) VALUES (10011, 10000, 10001, 'atlassian-group-role-actor', 'jira-developers');
INSERT INTO projectroleactor (id, pid, projectroleid, roletype, roletypeparameter) VALUES (10012, 10000, 10000, 'atlassian-group-role-actor', 'jira-users');
INSERT INTO projectroleactor (id, pid, projectroleid, roletype, roletypeparameter) VALUES (10013, 10001, 10002, 'atlassian-group-role-actor', 'jira-administrators');
INSERT INTO projectroleactor (id, pid, projectroleid, roletype, roletypeparameter) VALUES (10014, 10001, 10001, 'atlassian-group-role-actor', 'jira-developers');
INSERT INTO projectroleactor (id, pid, projectroleid, roletype, roletypeparameter) VALUES (10015, 10001, 10000, 'atlassian-group-role-actor', 'jira-users');


--
-- Name: projectroleactor_id_seq; Type: SEQUENCE SET; Schema: public; Owner: jira
--

SELECT pg_catalog.setval('projectroleactor_id_seq', 10100, false);


--
-- Data for Name: projectversion; Type: TABLE DATA; Schema: public; Owner: jira
--



--
-- Name: projectversion_id_seq; Type: SEQUENCE SET; Schema: public; Owner: jira
--

SELECT pg_catalog.setval('projectversion_id_seq', 10000, false);


--
-- Data for Name: propertydata; Type: TABLE DATA; Schema: public; Owner: jira
--



--
-- Data for Name: propertydate; Type: TABLE DATA; Schema: public; Owner: jira
--

INSERT INTO propertydate (id, propertyvalue) VALUES (11638, '2017-05-15 09:27:51.603+00');


--
-- Data for Name: propertydecimal; Type: TABLE DATA; Schema: public; Owner: jira
--



--
-- Data for Name: propertyentry; Type: TABLE DATA; Schema: public; Owner: jira
--

INSERT INTO propertyentry (id, entity_name, entity_id, property_key, propertytype) VALUES (11426, 'jira.properties', 1, 'com.atlassian.jira.project-templates-plugin:build', 5);
INSERT INTO propertyentry (id, entity_name, entity_id, property_key, propertytype) VALUES (11427, 'ApplicationUser', 10000, 'com.atlassian.jira.flag.dismissals', 6);
INSERT INTO propertyentry (id, entity_name, entity_id, property_key, propertytype) VALUES (11428, 'jira.properties', 1, 'com.atlassian.jira.onboarding.postsetup.AppPropertiesPostSetupAnnouncementStore.all', 6);
INSERT INTO propertyentry (id, entity_name, entity_id, property_key, propertytype) VALUES (11510, 'jira.properties', 1, 'com.atlassian.analytics.client.configuration..analytics_enabled', 5);
INSERT INTO propertyentry (id, entity_name, entity_id, property_key, propertytype) VALUES (11511, 'jira.properties', 1, 'com.atlassian.analytics.client.configuration..policy_acknowledged', 5);
INSERT INTO propertyentry (id, entity_name, entity_id, property_key, propertytype) VALUES (11512, 'jira.properties', 1, 'com.atlassian.streams.InlineActivityStream:loaded.from.jira.projects', 5);
INSERT INTO propertyentry (id, entity_name, entity_id, property_key, propertytype) VALUES (11513, 'jira.properties', 1, 'com.atlassian.upm.log.PluginSettingsAuditLogService:log:upm_audit_log_v3', 5);
INSERT INTO propertyentry (id, entity_name, entity_id, property_key, propertytype) VALUES (11514, 'jira.properties', 1, 'com.atlassian.upm:notifications:notification-edition.mismatch', 5);
INSERT INTO propertyentry (id, entity_name, entity_id, property_key, propertytype) VALUES (11515, 'jira.properties', 1, 'com.atlassian.upm:notifications:notification-plugin.request', 5);
INSERT INTO propertyentry (id, entity_name, entity_id, property_key, propertytype) VALUES (11516, 'jira.properties', 1, 'com.atlassian.upm:notifications:notification-evaluation.expired', 5);
INSERT INTO propertyentry (id, entity_name, entity_id, property_key, propertytype) VALUES (11517, 'jira.properties', 1, 'com.atlassian.upm:notifications:notification-evaluation.nearlyexpired', 5);
INSERT INTO propertyentry (id, entity_name, entity_id, property_key, propertytype) VALUES (11518, 'jira.properties', 1, 'com.atlassian.upm:notifications:notification-maintenance.expired', 5);
INSERT INTO propertyentry (id, entity_name, entity_id, property_key, propertytype) VALUES (11519, 'jira.properties', 1, 'com.atlassian.upm:notifications:notification-maintenance.nearlyexpired', 5);
INSERT INTO propertyentry (id, entity_name, entity_id, property_key, propertytype) VALUES (11520, 'jira.properties', 1, 'com.atlassian.upm:notifications:notification-update', 5);
INSERT INTO propertyentry (id, entity_name, entity_id, property_key, propertytype) VALUES (11521, 'jira.properties', 1, 'post.migration.page.displayed', 1);
INSERT INTO propertyentry (id, entity_name, entity_id, property_key, propertytype) VALUES (11522, 'ApplicationUser', 10000, 'jira.onboarding.first.use.flow.resolved', 1);
INSERT INTO propertyentry (id, entity_name, entity_id, property_key, propertytype) VALUES (11523, 'ApplicationUser', 10000, 'newsletter.signup.first.view', 3);
INSERT INTO propertyentry (id, entity_name, entity_id, property_key, propertytype) VALUES (11524, 'ApplicationUser', 10000, 'jira.user.suppressedTips.business-newsletter-signup-tip', 1);
INSERT INTO propertyentry (id, entity_name, entity_id, property_key, propertytype) VALUES (11525, 'ApplicationUser', 10000, 'jira.user.suppressedTips.newsletter-signup-tip', 1);
INSERT INTO propertyentry (id, entity_name, entity_id, property_key, propertytype) VALUES (10760, 'jira.properties', 1, 'com.atlassian.jira.lookandfeel:build', 5);
INSERT INTO propertyentry (id, entity_name, entity_id, property_key, propertytype) VALUES (10761, 'jira.properties', 1, 'com.atlassian.jira.plugin.ext.bamboo:build', 5);
INSERT INTO propertyentry (id, entity_name, entity_id, property_key, propertytype) VALUES (10766, 'jira.properties', 1, 'com.atlassian.upm:notifications:dismissal-plugin.request', 5);
INSERT INTO propertyentry (id, entity_name, entity_id, property_key, propertytype) VALUES (10768, 'jira.properties', 1, 'com.atlassian.upm:notifications:dismissal-evaluation.expired', 5);
INSERT INTO propertyentry (id, entity_name, entity_id, property_key, propertytype) VALUES (10770, 'jira.properties', 1, 'com.atlassian.upm:notifications:dismissal-edition.mismatch', 5);
INSERT INTO propertyentry (id, entity_name, entity_id, property_key, propertytype) VALUES (10771, 'jira.properties', 1, 'com.atlassian.upm:notifications:dismissal-maintenance.expired', 5);
INSERT INTO propertyentry (id, entity_name, entity_id, property_key, propertytype) VALUES (10773, 'jira.properties', 1, 'com.atlassian.upm:notifications:dismissal-new.licenses', 5);
INSERT INTO propertyentry (id, entity_name, entity_id, property_key, propertytype) VALUES (10774, 'jira.properties', 1, 'com.atlassian.upm:notifications:dismissal-updated.licenses', 5);
INSERT INTO propertyentry (id, entity_name, entity_id, property_key, propertytype) VALUES (10775, 'jira.properties', 1, 'com.atlassian.upm:notifications:dismissal-auto.updated.plugin', 5);
INSERT INTO propertyentry (id, entity_name, entity_id, property_key, propertytype) VALUES (10776, 'jira.properties', 1, 'com.atlassian.upm:notifications:dismissal-auto.updated.upm', 5);
INSERT INTO propertyentry (id, entity_name, entity_id, property_key, propertytype) VALUES (10777, 'jira.properties', 1, 'com.atlassian.upm.request.PluginSettingsPluginRequestStore:requests:requests_v2', 5);
INSERT INTO propertyentry (id, entity_name, entity_id, property_key, propertytype) VALUES (10779, 'jira.properties', 1, 'com.atlassian.jira.plugins.jira-workflow-designer:build', 5);
INSERT INTO propertyentry (id, entity_name, entity_id, property_key, propertytype) VALUES (10783, 'jira.properties', 1, 'jira-header-plugin.studio-tab-migration-complete', 5);
INSERT INTO propertyentry (id, entity_name, entity_id, property_key, propertytype) VALUES (10809, 'jira.properties', 1, 'plugins.lastVersion.server', 5);
INSERT INTO propertyentry (id, entity_name, entity_id, property_key, propertytype) VALUES (10810, 'jira.properties', 1, 'plugins.lastVersion.plugins', 5);
INSERT INTO propertyentry (id, entity_name, entity_id, property_key, propertytype) VALUES (10811, 'fisheye-jira-plugin.properties', 1, 'fisheye.ual.migration.complete', 5);
INSERT INTO propertyentry (id, entity_name, entity_id, property_key, propertytype) VALUES (10812, 'fisheye-jira-plugin.properties', 1, 'fisheye.ual.crucible.enabled.property.fix.complete', 5);
INSERT INTO propertyentry (id, entity_name, entity_id, property_key, propertytype) VALUES (11116, 'jira.properties', 1, 'com.atlassian.activeobjects.admin.ActiveObjectsPluginToTablesMapping', 6);
INSERT INTO propertyentry (id, entity_name, entity_id, property_key, propertytype) VALUES (11117, 'ServiceConfig', 10760, 'pluginJobName', 5);
INSERT INTO propertyentry (id, entity_name, entity_id, property_key, propertytype) VALUES (11118, 'ServiceConfig', 10760, 'repeatInterval', 5);
INSERT INTO propertyentry (id, entity_name, entity_id, property_key, propertytype) VALUES (11119, 'ServiceConfig', 10760, 'initiallyFired', 5);
INSERT INTO propertyentry (id, entity_name, entity_id, property_key, propertytype) VALUES (11120, 'ServiceConfig', 10761, 'pluginJobName', 5);
INSERT INTO propertyentry (id, entity_name, entity_id, property_key, propertytype) VALUES (11121, 'ServiceConfig', 10761, 'repeatInterval', 5);
INSERT INTO propertyentry (id, entity_name, entity_id, property_key, propertytype) VALUES (11122, 'ServiceConfig', 10761, 'initiallyFired', 5);
INSERT INTO propertyentry (id, entity_name, entity_id, property_key, propertytype) VALUES (11123, 'ServiceConfig', 10762, 'pluginJobName', 5);
INSERT INTO propertyentry (id, entity_name, entity_id, property_key, propertytype) VALUES (11124, 'ServiceConfig', 10762, 'repeatInterval', 5);
INSERT INTO propertyentry (id, entity_name, entity_id, property_key, propertytype) VALUES (11125, 'ServiceConfig', 10762, 'initiallyFired', 5);
INSERT INTO propertyentry (id, entity_name, entity_id, property_key, propertytype) VALUES (11126, 'ServiceConfig', 10763, 'pluginJobName', 5);
INSERT INTO propertyentry (id, entity_name, entity_id, property_key, propertytype) VALUES (11127, 'ServiceConfig', 10763, 'repeatInterval', 5);
INSERT INTO propertyentry (id, entity_name, entity_id, property_key, propertytype) VALUES (11128, 'ServiceConfig', 10763, 'initiallyFired', 5);
INSERT INTO propertyentry (id, entity_name, entity_id, property_key, propertytype) VALUES (11129, 'ServiceConfig', 10764, 'pluginJobName', 5);
INSERT INTO propertyentry (id, entity_name, entity_id, property_key, propertytype) VALUES (11130, 'ServiceConfig', 10764, 'repeatInterval', 5);
INSERT INTO propertyentry (id, entity_name, entity_id, property_key, propertytype) VALUES (11131, 'ServiceConfig', 10764, 'initiallyFired', 5);
INSERT INTO propertyentry (id, entity_name, entity_id, property_key, propertytype) VALUES (11132, 'ServiceConfig', 10765, 'pluginJobName', 5);
INSERT INTO propertyentry (id, entity_name, entity_id, property_key, propertytype) VALUES (11133, 'ServiceConfig', 10765, 'repeatInterval', 5);
INSERT INTO propertyentry (id, entity_name, entity_id, property_key, propertytype) VALUES (11134, 'ServiceConfig', 10765, 'initiallyFired', 5);
INSERT INTO propertyentry (id, entity_name, entity_id, property_key, propertytype) VALUES (11135, 'ServiceConfig', 10766, 'pluginJobName', 5);
INSERT INTO propertyentry (id, entity_name, entity_id, property_key, propertytype) VALUES (11136, 'ServiceConfig', 10766, 'repeatInterval', 5);
INSERT INTO propertyentry (id, entity_name, entity_id, property_key, propertytype) VALUES (11137, 'ServiceConfig', 10766, 'initiallyFired', 5);
INSERT INTO propertyentry (id, entity_name, entity_id, property_key, propertytype) VALUES (11139, 'ServiceConfig', 10767, 'pluginJobName', 5);
INSERT INTO propertyentry (id, entity_name, entity_id, property_key, propertytype) VALUES (11140, 'ServiceConfig', 10767, 'repeatInterval', 5);
INSERT INTO propertyentry (id, entity_name, entity_id, property_key, propertytype) VALUES (11141, 'ServiceConfig', 10767, 'initiallyFired', 5);
INSERT INTO propertyentry (id, entity_name, entity_id, property_key, propertytype) VALUES (11152, 'jira.properties', 1, 'com.atlassian.upm.license.internal.impl.PluginSettingsPluginLicenseRfdbfad06c2f1036a60cb955d7e285d69', 5);
INSERT INTO propertyentry (id, entity_name, entity_id, property_key, propertytype) VALUES (11159, 'jira.properties', 1, 'com.atlassian.upm.license.internal.impl.PluginSettingsPluginLicenseR4a77050ad94c4ee97a6558fc7e00b304', 6);
INSERT INTO propertyentry (id, entity_name, entity_id, property_key, propertytype) VALUES (11166, 'jira.properties', 1, 'com.atlassian.upm.mail.impl.PluginSettingsLicenseEmailStorelicense-emails_v2', 5);
INSERT INTO propertyentry (id, entity_name, entity_id, property_key, propertytype) VALUES (11210, 'jira.properties', 1, 'AO_550953_#', 5);
INSERT INTO propertyentry (id, entity_name, entity_id, property_key, propertytype) VALUES (11216, 'com.atlassian.jira.plugins.jira-workflow-designer', 1, 'jira.workflow.layout:cee54ccf6c76b0f045dacd578186d8f6', 6);
INSERT INTO propertyentry (id, entity_name, entity_id, property_key, propertytype) VALUES (11310, 'jira.properties', 1, 'jira.project.description.html.enabled', 1);
INSERT INTO propertyentry (id, entity_name, entity_id, property_key, propertytype) VALUES (11311, 'jira.properties', 1, 'jira.user.avatar.gravatar.enabled', 1);
INSERT INTO propertyentry (id, entity_name, entity_id, property_key, propertytype) VALUES (11312, 'jira.properties', 1, 'jira.avatar.issuetype.default.id', 5);
INSERT INTO propertyentry (id, entity_name, entity_id, property_key, propertytype) VALUES (11313, 'jira.properties', 1, 'jira.avatar.issuetype.subtask.default.id', 5);
INSERT INTO propertyentry (id, entity_name, entity_id, property_key, propertytype) VALUES (11314, 'jira.properties', 1, 'jira.onboarding.app_user.id.threshold', 5);
INSERT INTO propertyentry (id, entity_name, entity_id, property_key, propertytype) VALUES (11315, 'vp.properties', 1, 'com.atlassian.servicedesk.renaissance.migration.type', 5);
INSERT INTO propertyentry (id, entity_name, entity_id, property_key, propertytype) VALUES (11316, 'jira.properties', 1, 'renaissanceMigrationDone', 1);
INSERT INTO propertyentry (id, entity_name, entity_id, property_key, propertytype) VALUES (11411, 'jira.properties', 1, 'com.atlassian.plugins.atlassian-whitelist-api-plugin:whitelist.enabled', 5);
INSERT INTO propertyentry (id, entity_name, entity_id, property_key, propertytype) VALUES (11412, 'jira.properties', 1, 'com.atlassian.plugins.atlassian-whitelist-api-plugin:build', 5);
INSERT INTO propertyentry (id, entity_name, entity_id, property_key, propertytype) VALUES (11413, 'jira.properties', 1, 'com.atlassian.jira.gadgets:build', 5);
INSERT INTO propertyentry (id, entity_name, entity_id, property_key, propertytype) VALUES (11415, 'jira.properties', 1, 'com.atlassian.crowd.embedded.admin:build', 5);
INSERT INTO propertyentry (id, entity_name, entity_id, property_key, propertytype) VALUES (11416, 'jira.properties', 1, 'com.atlassian.labs.hipchat.hipchat-for-jira-plugin:build', 5);
INSERT INTO propertyentry (id, entity_name, entity_id, property_key, propertytype) VALUES (11417, 'jira.properties', 1, 'com.atlassian.plugins.custom_apps.hasCustomOrder', 5);
INSERT INTO propertyentry (id, entity_name, entity_id, property_key, propertytype) VALUES (11418, 'jira.properties', 1, 'com.atlassian.plugins.atlassian-nav-links-plugin:build', 5);
INSERT INTO propertyentry (id, entity_name, entity_id, property_key, propertytype) VALUES (11420, 'jira.properties', 1, 'com.atlassian.jira.plugins.webhooks.jira-webhooks-plugin:build', 5);
INSERT INTO propertyentry (id, entity_name, entity_id, property_key, propertytype) VALUES (11423, 'jira.properties', 1, 'com.atlassian.upm.atlassian-universal-plugin-manager-plugin:build', 5);
INSERT INTO propertyentry (id, entity_name, entity_id, property_key, propertytype) VALUES (11424, 'jira.properties', 1, 'com.atlassian.jirawallboard.atlassian-wallboard-plugin:build', 5);
INSERT INTO propertyentry (id, entity_name, entity_id, property_key, propertytype) VALUES (11425, 'jira.properties', 1, 'com.atlassian.support.stp:build', 5);
INSERT INTO propertyentry (id, entity_name, entity_id, property_key, propertytype) VALUES (10110, 'jira.properties', 1, 'jira.option.rpc.allow', 1);
INSERT INTO propertyentry (id, entity_name, entity_id, property_key, propertytype) VALUES (10210, 'jira.properties', 1, 'jira.avatar.user.anonymous.id', 5);
INSERT INTO propertyentry (id, entity_name, entity_id, property_key, propertytype) VALUES (10211, 'jira.properties', 1, 'jira.whitelist.rules', 6);
INSERT INTO propertyentry (id, entity_name, entity_id, property_key, propertytype) VALUES (10212, 'jira.properties', 1, 'jira.whitelist.disabled', 1);
INSERT INTO propertyentry (id, entity_name, entity_id, property_key, propertytype) VALUES (10213, 'Bonfire.Upgrade.Task.History', 1, '1.2.0', 5);
INSERT INTO propertyentry (id, entity_name, entity_id, property_key, propertytype) VALUES (10215, 'Bonfire.Ids', 1, 'data', 3);
INSERT INTO propertyentry (id, entity_name, entity_id, property_key, propertytype) VALUES (10216, 'Excalibur.Session.Storage', 10005, 'data', 6);
INSERT INTO propertyentry (id, entity_name, entity_id, property_key, propertytype) VALUES (10217, 'Excalibur.Session.Storage', 10004, 'data', 6);
INSERT INTO propertyentry (id, entity_name, entity_id, property_key, propertytype) VALUES (10218, 'Excalibur.Session.Storage', 10007, 'data', 6);
INSERT INTO propertyentry (id, entity_name, entity_id, property_key, propertytype) VALUES (10219, 'Excalibur.Session.Storage', 10006, 'data', 6);
INSERT INTO propertyentry (id, entity_name, entity_id, property_key, propertytype) VALUES (10220, 'Excalibur.Session.Index', 1, 'data', 6);
INSERT INTO propertyentry (id, entity_name, entity_id, property_key, propertytype) VALUES (10221, 'Bonfire.Upgrade.Task.History', 1, '1.3.0', 5);
INSERT INTO propertyentry (id, entity_name, entity_id, property_key, propertytype) VALUES (10310, 'Bonfire.Upgrade.Task.History', 1, '1.6.0', 5);
INSERT INTO propertyentry (id, entity_name, entity_id, property_key, propertytype) VALUES (10410, 'Bonfire.Upgrade.Task.History', 1, '1.7.0', 5);
INSERT INTO propertyentry (id, entity_name, entity_id, property_key, propertytype) VALUES (10453, 'Excalibur.properties', 1, 'Excalibur.Session.Id', 3);
INSERT INTO propertyentry (id, entity_name, entity_id, property_key, propertytype) VALUES (10454, 'Excalibur.properties', 1, 'Excalibur.Session.Storage', 6);
INSERT INTO propertyentry (id, entity_name, entity_id, property_key, propertytype) VALUES (10510, 'ServiceConfig', 10360, 'pluginJobName', 5);
INSERT INTO propertyentry (id, entity_name, entity_id, property_key, propertytype) VALUES (10511, 'ServiceConfig', 10360, 'repeatInterval', 5);
INSERT INTO propertyentry (id, entity_name, entity_id, property_key, propertytype) VALUES (10512, 'ServiceConfig', 10360, 'initiallyFired', 5);
INSERT INTO propertyentry (id, entity_name, entity_id, property_key, propertytype) VALUES (10617, 'jira.properties', 1, 'jira.trustedapp.key.private.data', 6);
INSERT INTO propertyentry (id, entity_name, entity_id, property_key, propertytype) VALUES (10618, 'jira.properties', 1, 'jira.trustedapp.key.public.data', 6);
INSERT INTO propertyentry (id, entity_name, entity_id, property_key, propertytype) VALUES (10619, 'jira.properties', 1, 'jira.trustedapp.uid', 5);
INSERT INTO propertyentry (id, entity_name, entity_id, property_key, propertytype) VALUES (10620, 'jira.properties', 1, 'AO_4AEACD_#', 5);
INSERT INTO propertyentry (id, entity_name, entity_id, property_key, propertytype) VALUES (10621, 'jira.properties', 1, 'jira.webresource.superbatch.flushcounter', 5);
INSERT INTO propertyentry (id, entity_name, entity_id, property_key, propertytype) VALUES (10622, 'jira.properties', 1, 'com.atlassian.jira.util.index.IndexingCounterManagerImpl.counterValue', 3);
INSERT INTO propertyentry (id, entity_name, entity_id, property_key, propertytype) VALUES (10623, 'jira.properties', 1, 'jira.option.web.usegzip', 1);
INSERT INTO propertyentry (id, entity_name, entity_id, property_key, propertytype) VALUES (10626, 'jira.properties', 1, 'jira.projectkey.maxlength', 5);
INSERT INTO propertyentry (id, entity_name, entity_id, property_key, propertytype) VALUES (10627, 'jira.properties', 1, 'jira.admin.gadget.task.list.enabled', 1);
INSERT INTO propertyentry (id, entity_name, entity_id, property_key, propertytype) VALUES (10628, 'jira.properties', 1, 'jira.projectname.maxlength', 5);
INSERT INTO propertyentry (id, entity_name, entity_id, property_key, propertytype) VALUES (10629, 'com.atlassian.jira.plugins.jira-workflow-designer', 1, 'jira.workflow.layout:8a6044147cf2c19c02d099279cfbfd47', 6);
INSERT INTO propertyentry (id, entity_name, entity_id, property_key, propertytype) VALUES (10630, 'jira.properties', 1, 'jira.version', 5);
INSERT INTO propertyentry (id, entity_name, entity_id, property_key, propertytype) VALUES (10631, 'jira.properties', 1, 'jira.downgrade.minimum.version', 5);
INSERT INTO propertyentry (id, entity_name, entity_id, property_key, propertytype) VALUES (10711, 'jira.properties', 1, 'com.atlassian.jira.jira-mail-plugin:build', 5);
INSERT INTO propertyentry (id, entity_name, entity_id, property_key, propertytype) VALUES (10713, 'Bonfire.Template.Index.Shared', 1, 'template', 6);
INSERT INTO propertyentry (id, entity_name, entity_id, property_key, propertytype) VALUES (10714, 'Bonfire.Upgrade.Task.History', 1, '1.7.1', 5);
INSERT INTO propertyentry (id, entity_name, entity_id, property_key, propertytype) VALUES (10715, 'Excalibur.properties', 1, 'Bonfire.Highest.Run.Version', 5);
INSERT INTO propertyentry (id, entity_name, entity_id, property_key, propertytype) VALUES (10717, 'Bonfire.Upgrade.Task.History', 1, '1.8.4', 5);
INSERT INTO propertyentry (id, entity_name, entity_id, property_key, propertytype) VALUES (10719, 'Excalibur.properties', 1, 'bonfire.session.relatedto.custom.field', 3);
INSERT INTO propertyentry (id, entity_name, entity_id, property_key, propertytype) VALUES (10720, 'Excalibur.properties', 1, 'bonfire.session.raisedin.custom.field', 3);
INSERT INTO propertyentry (id, entity_name, entity_id, property_key, propertytype) VALUES (10721, 'Bonfire.Upgrade.Task.History', 1, '2.1.0', 5);
INSERT INTO propertyentry (id, entity_name, entity_id, property_key, propertytype) VALUES (10723, 'Bonfire.Upgrade.Task.History', 1, '2.5.0', 5);
INSERT INTO propertyentry (id, entity_name, entity_id, property_key, propertytype) VALUES (10725, 'Bonfire.properties', 1, 'bonfire.useragent.custom.field', 3);
INSERT INTO propertyentry (id, entity_name, entity_id, property_key, propertytype) VALUES (10726, 'Bonfire.properties', 1, 'bonfire.browser.custom.field', 3);
INSERT INTO propertyentry (id, entity_name, entity_id, property_key, propertytype) VALUES (10727, 'Bonfire.properties', 1, 'bonfire.os.custom.field', 3);
INSERT INTO propertyentry (id, entity_name, entity_id, property_key, propertytype) VALUES (10728, 'Bonfire.properties', 1, 'bonfire.url.custom.field', 3);
INSERT INTO propertyentry (id, entity_name, entity_id, property_key, propertytype) VALUES (10729, 'Bonfire.properties', 1, 'bonfire.screenres.custom.field', 3);
INSERT INTO propertyentry (id, entity_name, entity_id, property_key, propertytype) VALUES (10730, 'Bonfire.properties', 1, 'bonfire.jqueryversion.custom.field', 3);
INSERT INTO propertyentry (id, entity_name, entity_id, property_key, propertytype) VALUES (10731, 'Bonfire.properties', 1, 'bonfire.documentmode.custom.field', 3);
INSERT INTO propertyentry (id, entity_name, entity_id, property_key, propertytype) VALUES (10732, 'Excalibur.properties', 1, 'bonfire.session.testingstatus.custom.field', 3);
INSERT INTO propertyentry (id, entity_name, entity_id, property_key, propertytype) VALUES (10733, 'Bonfire.Upgrade.Task.History', 1, '2.6.0', 5);
INSERT INTO propertyentry (id, entity_name, entity_id, property_key, propertytype) VALUES (10735, 'Bonfire.Upgrade.Task.History', 1, '2.7.0', 5);
INSERT INTO propertyentry (id, entity_name, entity_id, property_key, propertytype) VALUES (10736, 'jira.properties', 1, 'com.atlassian.bonfire.plugin:build', 5);
INSERT INTO propertyentry (id, entity_name, entity_id, property_key, propertytype) VALUES (10746, 'jira.properties', 1, 'dvcs.connector.bitbucket.url', 5);
INSERT INTO propertyentry (id, entity_name, entity_id, property_key, propertytype) VALUES (10747, 'jira.properties', 1, 'dvcs.connector.github.url', 5);
INSERT INTO propertyentry (id, entity_name, entity_id, property_key, propertytype) VALUES (10749, 'jira.properties', 1, 'AO_E8B6CC_#', 5);
INSERT INTO propertyentry (id, entity_name, entity_id, property_key, propertytype) VALUES (10750, 'jira.properties', 1, 'com.atlassian.jira.plugins.jira-bitbucket-connector-plugin:build', 5);
INSERT INTO propertyentry (id, entity_name, entity_id, property_key, propertytype) VALUES (10751, 'jira.properties', 1, 'com.atlassian.jira.plugins.jira-importers-plugin:build', 5);
INSERT INTO propertyentry (id, entity_name, entity_id, property_key, propertytype) VALUES (10752, 'jira.properties', 1, 'com.atlassian.jira.lookandfeel:isDefaultFavicon', 5);
INSERT INTO propertyentry (id, entity_name, entity_id, property_key, propertytype) VALUES (10753, 'jira.properties', 1, 'com.atlassian.jira.lookandfeel:usingCustomFavicon', 5);
INSERT INTO propertyentry (id, entity_name, entity_id, property_key, propertytype) VALUES (10754, 'jira.properties', 1, 'com.atlassian.jira.lookandfeel:customDefaultFaviconURL', 5);
INSERT INTO propertyentry (id, entity_name, entity_id, property_key, propertytype) VALUES (10755, 'jira.properties', 1, 'com.atlassian.jira.lookandfeel:customDefaultFaviconHiresURL', 5);
INSERT INTO propertyentry (id, entity_name, entity_id, property_key, propertytype) VALUES (10756, 'jira.properties', 1, 'com.atlassian.jira.lookandfeel:faviconWidth', 5);
INSERT INTO propertyentry (id, entity_name, entity_id, property_key, propertytype) VALUES (10757, 'jira.properties', 1, 'com.atlassian.jira.lookandfeel:faviconHeight', 5);
INSERT INTO propertyentry (id, entity_name, entity_id, property_key, propertytype) VALUES (10758, 'jira.properties', 1, 'jira.lf.favicon.url', 5);
INSERT INTO propertyentry (id, entity_name, entity_id, property_key, propertytype) VALUES (10759, 'jira.properties', 1, 'jira.lf.favicon.hires.url', 5);
INSERT INTO propertyentry (id, entity_name, entity_id, property_key, propertytype) VALUES (10000, 'jira.properties', 1, 'webwork.i18n.encoding', 5);
INSERT INTO propertyentry (id, entity_name, entity_id, property_key, propertytype) VALUES (10001, 'BambooServerProperties', 1, 'bamboo.config.version', 2);
INSERT INTO propertyentry (id, entity_name, entity_id, property_key, propertytype) VALUES (10002, 'jira.properties', 1, 'org.apache.shindig.common.crypto.BlobCrypter:key', 5);
INSERT INTO propertyentry (id, entity_name, entity_id, property_key, propertytype) VALUES (10003, 'user.format.mapping', 1, 'profileLink', 5);
INSERT INTO propertyentry (id, entity_name, entity_id, property_key, propertytype) VALUES (10004, 'user.format.mapping', 1, 'fullName', 5);
INSERT INTO propertyentry (id, entity_name, entity_id, property_key, propertytype) VALUES (10005, 'user.format.mapping', 1, 'profileLinkSearcher', 5);
INSERT INTO propertyentry (id, entity_name, entity_id, property_key, propertytype) VALUES (10006, 'user.format.mapping', 1, 'profileLinkExternal', 5);
INSERT INTO propertyentry (id, entity_name, entity_id, property_key, propertytype) VALUES (10007, 'user.format.mapping', 1, 'profileLinkActionHeader', 5);
INSERT INTO propertyentry (id, entity_name, entity_id, property_key, propertytype) VALUES (10008, 'user.format.mapping', 1, 'fullProfile', 5);
INSERT INTO propertyentry (id, entity_name, entity_id, property_key, propertytype) VALUES (10009, 'jira.properties', 1, 'jira.i18n.language.index', 5);
INSERT INTO propertyentry (id, entity_name, entity_id, property_key, propertytype) VALUES (10010, 'jira.properties', 1, 'jira.sid.key', 5);
INSERT INTO propertyentry (id, entity_name, entity_id, property_key, propertytype) VALUES (10011, 'jira.properties', 1, 'jira.title', 5);
INSERT INTO propertyentry (id, entity_name, entity_id, property_key, propertytype) VALUES (10012, 'jira.properties', 1, 'jira.baseurl', 5);
INSERT INTO propertyentry (id, entity_name, entity_id, property_key, propertytype) VALUES (10013, 'jira.properties', 1, 'jira.mode', 5);
INSERT INTO propertyentry (id, entity_name, entity_id, property_key, propertytype) VALUES (10014, 'jira.properties', 1, 'jira.path.index.use.default.directory', 1);
INSERT INTO propertyentry (id, entity_name, entity_id, property_key, propertytype) VALUES (10015, 'jira.properties', 1, 'jira.option.indexing', 1);
INSERT INTO propertyentry (id, entity_name, entity_id, property_key, propertytype) VALUES (10016, 'jira.properties', 1, 'jira.path.attachments', 5);
INSERT INTO propertyentry (id, entity_name, entity_id, property_key, propertytype) VALUES (10017, 'jira.properties', 1, 'jira.path.attachments.use.default.directory', 1);
INSERT INTO propertyentry (id, entity_name, entity_id, property_key, propertytype) VALUES (10018, 'jira.properties', 1, 'jira.option.allowattachments', 1);
INSERT INTO propertyentry (id, entity_name, entity_id, property_key, propertytype) VALUES (10019, 'ServiceConfig', 10001, 'USE_DEFAULT_DIRECTORY', 5);
INSERT INTO propertyentry (id, entity_name, entity_id, property_key, propertytype) VALUES (10020, 'ServiceConfig', 10001, 'USEZIP', 5);
INSERT INTO propertyentry (id, entity_name, entity_id, property_key, propertytype) VALUES (10022, 'jira.properties', 1, 'jira.edition', 5);
INSERT INTO propertyentry (id, entity_name, entity_id, property_key, propertytype) VALUES (10025, 'jira.properties', 1, 'jira.setup', 5);
INSERT INTO propertyentry (id, entity_name, entity_id, property_key, propertytype) VALUES (10026, 'jira.properties', 1, 'jira.option.allowunassigned', 1);
INSERT INTO propertyentry (id, entity_name, entity_id, property_key, propertytype) VALUES (10027, 'jira.properties', 1, 'jira.option.user.externalmanagement', 1);
INSERT INTO propertyentry (id, entity_name, entity_id, property_key, propertytype) VALUES (10028, 'jira.properties', 1, 'jira.option.voting', 1);
INSERT INTO propertyentry (id, entity_name, entity_id, property_key, propertytype) VALUES (10029, 'jira.properties', 1, 'jira.option.watching', 1);
INSERT INTO propertyentry (id, entity_name, entity_id, property_key, propertytype) VALUES (10030, 'jira.properties', 1, 'jira.option.issuelinking', 1);
INSERT INTO propertyentry (id, entity_name, entity_id, property_key, propertytype) VALUES (10031, 'jira.properties', 1, 'jira.option.emailvisible', 5);
INSERT INTO propertyentry (id, entity_name, entity_id, property_key, propertytype) VALUES (10032, 'jira.properties', 1, 'jira.version.patched', 5);
INSERT INTO propertyentry (id, entity_name, entity_id, property_key, propertytype) VALUES (10033, 'jira.properties', 1, 'jira.issue.desc.environment', 5);
INSERT INTO propertyentry (id, entity_name, entity_id, property_key, propertytype) VALUES (10034, 'jira.properties', 1, 'jira.issue.desc.timetrack', 5);
INSERT INTO propertyentry (id, entity_name, entity_id, property_key, propertytype) VALUES (10035, 'jira.properties', 1, 'jira.timetracking.days.per.week', 5);
INSERT INTO propertyentry (id, entity_name, entity_id, property_key, propertytype) VALUES (10036, 'jira.properties', 1, 'jira.timetracking.hours.per.day', 5);
INSERT INTO propertyentry (id, entity_name, entity_id, property_key, propertytype) VALUES (10037, 'jira.properties', 1, 'jira.issue.desc.original.timetrack', 5);
INSERT INTO propertyentry (id, entity_name, entity_id, property_key, propertytype) VALUES (10040, 'jira.properties', 1, 'jira.scheme.default.issue.type', 5);
INSERT INTO propertyentry (id, entity_name, entity_id, property_key, propertytype) VALUES (10041, 'jira.properties', 1, 'jira.constant.default.resolution', 5);
INSERT INTO propertyentry (id, entity_name, entity_id, property_key, propertytype) VALUES (10042, 'jira.properties', 1, 'webwork.multipart.maxSize', 5);
INSERT INTO propertyentry (id, entity_name, entity_id, property_key, propertytype) VALUES (10043, 'jira.properties', 1, 'jira.avatar.default.id', 5);
INSERT INTO propertyentry (id, entity_name, entity_id, property_key, propertytype) VALUES (10044, 'jira.properties', 1, 'jira.maximum.authentication.attempts.allowed', 5);
INSERT INTO propertyentry (id, entity_name, entity_id, property_key, propertytype) VALUES (10051, 'jira.properties', 1, 'com.atlassian.sal.jira:build', 5);
INSERT INTO propertyentry (id, entity_name, entity_id, property_key, propertytype) VALUES (10054, 'fisheye-jira-plugin.properties', 1, 'FISH-375-fixed', 5);
INSERT INTO propertyentry (id, entity_name, entity_id, property_key, propertytype) VALUES (10055, 'fisheye-jira-plugin.properties', 1, 'fisheye.applinks.piggyback.enabled', 5);
INSERT INTO propertyentry (id, entity_name, entity_id, property_key, propertytype) VALUES (10056, 'jira.properties', 1, 'jira.avatar.user.default.id', 5);
INSERT INTO propertyentry (id, entity_name, entity_id, property_key, propertytype) VALUES (10060, 'Excalibur.properties', 1, 'bonfirebeta', 5);
INSERT INTO propertyentry (id, entity_name, entity_id, property_key, propertytype) VALUES (10071, 'jira.properties', 1, 'jira.webresource.flushcounter', 5);
INSERT INTO propertyentry (id, entity_name, entity_id, property_key, propertytype) VALUES (10101, 'Excalibur.properties', 1, 'bonfire-license', 6);
INSERT INTO propertyentry (id, entity_name, entity_id, property_key, propertytype) VALUES (11600, 'jira.properties', 1, 'jira.timetracking.selected', 5);
INSERT INTO propertyentry (id, entity_name, entity_id, property_key, propertytype) VALUES (11601, 'jira.properties', 1, 'jira.instance.state', 5);
INSERT INTO propertyentry (id, entity_name, entity_id, property_key, propertytype) VALUES (11602, 'jira.properties', 1, 'jira.db.uuid', 5);
INSERT INTO propertyentry (id, entity_name, entity_id, property_key, propertytype) VALUES (11603, 'CustomField', 10100, 'jira.translation.custom.fieldcustomfield_10100.name.en_US', 5);
INSERT INTO propertyentry (id, entity_name, entity_id, property_key, propertytype) VALUES (11604, 'CustomField', 10100, 'jira.translation.custom.fieldcustomfield_10100.desc.en_US', 5);
INSERT INTO propertyentry (id, entity_name, entity_id, property_key, propertytype) VALUES (11605, 'CustomField', 10100, 'jira.translation.custom.fieldcustomfield_10100.name.en_UK', 5);
INSERT INTO propertyentry (id, entity_name, entity_id, property_key, propertytype) VALUES (11606, 'CustomField', 10100, 'jira.translation.custom.fieldcustomfield_10100.desc.en_UK', 5);
INSERT INTO propertyentry (id, entity_name, entity_id, property_key, propertytype) VALUES (11607, 'CustomField', 10100, 'jira.translation.custom.fieldcustomfield_10100.name.fr_FR', 5);
INSERT INTO propertyentry (id, entity_name, entity_id, property_key, propertytype) VALUES (11608, 'CustomField', 10100, 'jira.translation.custom.fieldcustomfield_10100.desc.fr_FR', 5);
INSERT INTO propertyentry (id, entity_name, entity_id, property_key, propertytype) VALUES (11609, 'CustomField', 10100, 'jira.translation.custom.fieldcustomfield_10100.name.es_ES', 5);
INSERT INTO propertyentry (id, entity_name, entity_id, property_key, propertytype) VALUES (11610, 'CustomField', 10100, 'jira.translation.custom.fieldcustomfield_10100.desc.es_ES', 5);
INSERT INTO propertyentry (id, entity_name, entity_id, property_key, propertytype) VALUES (11611, 'CustomField', 10100, 'jira.translation.custom.fieldcustomfield_10100.name.ja_JP', 5);
INSERT INTO propertyentry (id, entity_name, entity_id, property_key, propertytype) VALUES (11612, 'CustomField', 10100, 'jira.translation.custom.fieldcustomfield_10100.desc.ja_JP', 5);
INSERT INTO propertyentry (id, entity_name, entity_id, property_key, propertytype) VALUES (11613, 'CustomField', 10100, 'jira.translation.custom.fieldcustomfield_10100.name.ko_KR', 5);
INSERT INTO propertyentry (id, entity_name, entity_id, property_key, propertytype) VALUES (11614, 'CustomField', 10100, 'jira.translation.custom.fieldcustomfield_10100.desc.ko_KR', 5);
INSERT INTO propertyentry (id, entity_name, entity_id, property_key, propertytype) VALUES (11615, 'CustomField', 10100, 'jira.translation.custom.fieldcustomfield_10100.name.de_DE', 5);
INSERT INTO propertyentry (id, entity_name, entity_id, property_key, propertytype) VALUES (11616, 'CustomField', 10100, 'jira.translation.custom.fieldcustomfield_10100.desc.de_DE', 5);
INSERT INTO propertyentry (id, entity_name, entity_id, property_key, propertytype) VALUES (11617, 'CustomField', 10100, 'jira.translation.custom.fieldcustomfield_10100.name.pt_BR', 5);
INSERT INTO propertyentry (id, entity_name, entity_id, property_key, propertytype) VALUES (11618, 'CustomField', 10100, 'jira.translation.custom.fieldcustomfield_10100.desc.pt_BR', 5);
INSERT INTO propertyentry (id, entity_name, entity_id, property_key, propertytype) VALUES (11619, 'CustomField', 10100, 'jira.translation.custom.fieldcustomfield_10100.name.pt_PT', 5);
INSERT INTO propertyentry (id, entity_name, entity_id, property_key, propertytype) VALUES (11620, 'CustomField', 10100, 'jira.translation.custom.fieldcustomfield_10100.desc.pt_PT', 5);
INSERT INTO propertyentry (id, entity_name, entity_id, property_key, propertytype) VALUES (11621, 'CustomField', 10100, 'jira.translation.custom.fieldcustomfield_10100.name.ru_RU', 5);
INSERT INTO propertyentry (id, entity_name, entity_id, property_key, propertytype) VALUES (11622, 'CustomField', 10100, 'jira.translation.custom.fieldcustomfield_10100.desc.ru_RU', 5);
INSERT INTO propertyentry (id, entity_name, entity_id, property_key, propertytype) VALUES (11623, 'jira.properties', 1, 'AO_587B34_#', 5);
INSERT INTO propertyentry (id, entity_name, entity_id, property_key, propertytype) VALUES (11624, 'jira.properties', 1, 'AO_D59541_#', 5);
INSERT INTO propertyentry (id, entity_name, entity_id, property_key, propertytype) VALUES (11625, 'jira.properties', 1, 'com.pyxis.greenhopper.jira:build', 5);
INSERT INTO propertyentry (id, entity_name, entity_id, property_key, propertytype) VALUES (11626, 'GreenHopper.properties', 1, 'GreenHopper.Epic.Default.issuetype.id', 5);
INSERT INTO propertyentry (id, entity_name, entity_id, property_key, propertytype) VALUES (11627, 'GreenHopper.properties', 1, 'GreenHopper.EpicLabel.Default.customfield.id', 3);
INSERT INTO propertyentry (id, entity_name, entity_id, property_key, propertytype) VALUES (11630, 'com.atlassian.jira.user.flag.FlagDismissalServiceImpl', 1, 'com.atlassian.jira.flag.resets', 6);
INSERT INTO propertyentry (id, entity_name, entity_id, property_key, propertytype) VALUES (11632, 'GreenHopper.properties', 1, 'GreenHopper.EpicStatus.Default.customfield.id', 3);
INSERT INTO propertyentry (id, entity_name, entity_id, property_key, propertytype) VALUES (11633, 'GreenHopper.properties', 1, 'GreenHopper.EpicColor.Default.customfield.id', 3);
INSERT INTO propertyentry (id, entity_name, entity_id, property_key, propertytype) VALUES (11634, 'GreenHopper.properties', 1, 'GreenHopper.EpicLink.Default.customfield.id', 3);
INSERT INTO propertyentry (id, entity_name, entity_id, property_key, propertytype) VALUES (11635, 'GreenHopper.properties', 1, 'GreenHopper.Epic.Default.linktype.id', 3);
INSERT INTO propertyentry (id, entity_name, entity_id, property_key, propertytype) VALUES (11636, 'GreenHopper.properties', 1, 'GreenHopper.Sprint.Default.customfield.id', 3);
INSERT INTO propertyentry (id, entity_name, entity_id, property_key, propertytype) VALUES (11637, 'admin.message.manager', 1, 'user', 5);
INSERT INTO propertyentry (id, entity_name, entity_id, property_key, propertytype) VALUES (11638, 'admin.message.manager', 1, 'time', 7);
INSERT INTO propertyentry (id, entity_name, entity_id, property_key, propertytype) VALUES (11639, 'admin.message.manager', 1, 'task', 5);
INSERT INTO propertyentry (id, entity_name, entity_id, property_key, propertytype) VALUES (11640, 'GreenHopper.properties', 1, 'GreenHopper.Sprint.Index.Check.Necessary', 5);
INSERT INTO propertyentry (id, entity_name, entity_id, property_key, propertytype) VALUES (11641, 'GreenHopper.properties', 1, 'GreenHopper.LexoRank.Default.customfield.id', 3);
INSERT INTO propertyentry (id, entity_name, entity_id, property_key, propertytype) VALUES (11642, 'jira.properties', 1, 'jira.option.auditing.log.retention.period.in.months', 5);
INSERT INTO propertyentry (id, entity_name, entity_id, property_key, propertytype) VALUES (11643, 'jira.properties', 1, 'jira.option.auditing.log.retention.period.last.change.timestamp', 5);


--
-- Name: propertyentry_id_seq; Type: SEQUENCE SET; Schema: public; Owner: jira
--

SELECT pg_catalog.setval('propertyentry_id_seq', 11643, true);


--
-- Data for Name: propertynumber; Type: TABLE DATA; Schema: public; Owner: jira
--

INSERT INTO propertynumber (id, propertyvalue) VALUES (10001, 22);
INSERT INTO propertynumber (id, propertyvalue) VALUES (10014, 1);
INSERT INTO propertynumber (id, propertyvalue) VALUES (10015, 1);
INSERT INTO propertynumber (id, propertyvalue) VALUES (10017, 1);
INSERT INTO propertynumber (id, propertyvalue) VALUES (10018, 1);
INSERT INTO propertynumber (id, propertyvalue) VALUES (10026, 0);
INSERT INTO propertynumber (id, propertyvalue) VALUES (10027, 0);
INSERT INTO propertynumber (id, propertyvalue) VALUES (10028, 1);
INSERT INTO propertynumber (id, propertyvalue) VALUES (10029, 1);
INSERT INTO propertynumber (id, propertyvalue) VALUES (10110, 1);
INSERT INTO propertynumber (id, propertyvalue) VALUES (10212, 0);
INSERT INTO propertynumber (id, propertyvalue) VALUES (10215, 10013);
INSERT INTO propertynumber (id, propertyvalue) VALUES (10453, 10007);
INSERT INTO propertynumber (id, propertyvalue) VALUES (10622, 1);
INSERT INTO propertynumber (id, propertyvalue) VALUES (10623, 0);
INSERT INTO propertynumber (id, propertyvalue) VALUES (10627, 0);
INSERT INTO propertynumber (id, propertyvalue) VALUES (10719, 10000);
INSERT INTO propertynumber (id, propertyvalue) VALUES (10720, 10001);
INSERT INTO propertynumber (id, propertyvalue) VALUES (10725, 10002);
INSERT INTO propertynumber (id, propertyvalue) VALUES (10726, 10003);
INSERT INTO propertynumber (id, propertyvalue) VALUES (10727, 10004);
INSERT INTO propertynumber (id, propertyvalue) VALUES (10728, 10005);
INSERT INTO propertynumber (id, propertyvalue) VALUES (10729, 10006);
INSERT INTO propertynumber (id, propertyvalue) VALUES (10730, 10007);
INSERT INTO propertynumber (id, propertyvalue) VALUES (10731, 10008);
INSERT INTO propertynumber (id, propertyvalue) VALUES (10732, 10009);
INSERT INTO propertynumber (id, propertyvalue) VALUES (11310, 1);
INSERT INTO propertynumber (id, propertyvalue) VALUES (11311, 0);
INSERT INTO propertynumber (id, propertyvalue) VALUES (11316, 1);
INSERT INTO propertynumber (id, propertyvalue) VALUES (11521, 1);
INSERT INTO propertynumber (id, propertyvalue) VALUES (11522, 1);
INSERT INTO propertynumber (id, propertyvalue) VALUES (11523, 1482224327067);
INSERT INTO propertynumber (id, propertyvalue) VALUES (11524, 1);
INSERT INTO propertynumber (id, propertyvalue) VALUES (11525, 1);
INSERT INTO propertynumber (id, propertyvalue) VALUES (11627, 10101);
INSERT INTO propertynumber (id, propertyvalue) VALUES (11632, 10102);
INSERT INTO propertynumber (id, propertyvalue) VALUES (11633, 10103);
INSERT INTO propertynumber (id, propertyvalue) VALUES (11634, 10104);
INSERT INTO propertynumber (id, propertyvalue) VALUES (11635, 10100);
INSERT INTO propertynumber (id, propertyvalue) VALUES (10030, 1);
INSERT INTO propertynumber (id, propertyvalue) VALUES (11636, 10105);
INSERT INTO propertynumber (id, propertyvalue) VALUES (11641, 10106);


--
-- Data for Name: propertystring; Type: TABLE DATA; Schema: public; Owner: jira
--

INSERT INTO propertystring (id, propertyvalue) VALUES (10012, 'http://macbook-pro-kamgrinh.local:2990/jira');
INSERT INTO propertystring (id, propertyvalue) VALUES (10013, 'public');
INSERT INTO propertystring (id, propertyvalue) VALUES (10016, '/Luis/Workspace/bonfire/plugin/target/jira42/home/data/attachments');
INSERT INTO propertystring (id, propertyvalue) VALUES (10019, 'true');
INSERT INTO propertystring (id, propertyvalue) VALUES (10020, 'zip');
INSERT INTO propertystring (id, propertyvalue) VALUES (10022, 'enterprise');
INSERT INTO propertystring (id, propertyvalue) VALUES (10025, 'true');
INSERT INTO propertystring (id, propertyvalue) VALUES (10031, 'show');
INSERT INTO propertystring (id, propertyvalue) VALUES (10033, 'For example operating system, software platform and/or hardware specifications (include as appropriate for the issue).');
INSERT INTO propertystring (id, propertyvalue) VALUES (10034, 'An estimate of how much work remains until this issue will be resolved.<br>
The format of this is '' *w *d *h *m '' (representing weeks, days, hours and minutes - where * can be any number)<br>
Examples: 4d, 5h 30m, 60m and 3w.');
INSERT INTO propertystring (id, propertyvalue) VALUES (10035, '5');
INSERT INTO propertystring (id, propertyvalue) VALUES (10036, '8');
INSERT INTO propertystring (id, propertyvalue) VALUES (10037, 'This value can not be changed after work has begun on the issue.');
INSERT INTO propertystring (id, propertyvalue) VALUES (10000, 'UTF-8');
INSERT INTO propertystring (id, propertyvalue) VALUES (10040, '10000');
INSERT INTO propertystring (id, propertyvalue) VALUES (10002, 'SqXVT7qLgYzhJbtwdLf8CnIkCrj/5k2U9rwmkalqzSo=');
INSERT INTO propertystring (id, propertyvalue) VALUES (10003, 'jira.user.format:profile-link-user-format');
INSERT INTO propertystring (id, propertyvalue) VALUES (10041, '1');
INSERT INTO propertystring (id, propertyvalue) VALUES (10004, 'jira.user.format:full-name-user-format');
INSERT INTO propertystring (id, propertyvalue) VALUES (10042, '10485760');
INSERT INTO propertystring (id, propertyvalue) VALUES (10005, 'jira.user.format:profile-link-searcher-user-format');
INSERT INTO propertystring (id, propertyvalue) VALUES (10006, 'jira.user.format:profile-link-external-user-format');
INSERT INTO propertystring (id, propertyvalue) VALUES (10043, '10264');
INSERT INTO propertystring (id, propertyvalue) VALUES (10007, 'jira.user.format:profile-link-action-header-user-format');
INSERT INTO propertystring (id, propertyvalue) VALUES (10044, '5');
INSERT INTO propertystring (id, propertyvalue) VALUES (10008, 'jira.user.format:full-profile-user-format');
INSERT INTO propertystring (id, propertyvalue) VALUES (10009, 'english');
INSERT INTO propertystring (id, propertyvalue) VALUES (10051, '2');
INSERT INTO propertystring (id, propertyvalue) VALUES (10010, 'BV8N-OK2J-IQUQ-YNNK');
INSERT INTO propertystring (id, propertyvalue) VALUES (10054, '1');
INSERT INTO propertystring (id, propertyvalue) VALUES (10011, 'bonfire-rest-data.xml');
INSERT INTO propertystring (id, propertyvalue) VALUES (10055, '0');
INSERT INTO propertystring (id, propertyvalue) VALUES (10056, '10062');
INSERT INTO propertystring (id, propertyvalue) VALUES (10060, '2011-07-29T18:16:39.305+10:00');
INSERT INTO propertystring (id, propertyvalue) VALUES (10210, '10063');
INSERT INTO propertystring (id, propertyvalue) VALUES (10213, 'com.atlassian.bonfire.upgradetasks.SessionActivityStreamVersion2_2011-09-15T12:24:40.783+10:00');
INSERT INTO propertystring (id, propertyvalue) VALUES (10032, '100044');
INSERT INTO propertystring (id, propertyvalue) VALUES (10221, 'com.atlassian.bonfire.upgradetasks.SessionDaoAndNoteDaoUpgrade_2011-09-15T12:24:40.822+10:00');
INSERT INTO propertystring (id, propertyvalue) VALUES (10310, 'com.atlassian.bonfire.upgradetasks.reindex.SessionStatusReindex_2011-11-15T14:20:23.250+11:00');
INSERT INTO propertystring (id, propertyvalue) VALUES (10410, 'com.atlassian.bonfire.upgradetasks.TemplatesUpgrade_2011-11-30T17:03:09.708+11:00');
INSERT INTO propertystring (id, propertyvalue) VALUES (10510, 'Service Provider Token Remover');
INSERT INTO propertystring (id, propertyvalue) VALUES (10511, '28800000');
INSERT INTO propertystring (id, propertyvalue) VALUES (10768, '#java.util.List
');
INSERT INTO propertystring (id, propertyvalue) VALUES (10512, 'true');
INSERT INTO propertystring (id, propertyvalue) VALUES (10770, '#java.util.List
');
INSERT INTO propertystring (id, propertyvalue) VALUES (10619, 'jira:15489595');
INSERT INTO propertystring (id, propertyvalue) VALUES (10771, '#java.util.List
');
INSERT INTO propertystring (id, propertyvalue) VALUES (10773, '#java.util.List
');
INSERT INTO propertystring (id, propertyvalue) VALUES (10620, '1');
INSERT INTO propertystring (id, propertyvalue) VALUES (10774, '#java.util.List
');
INSERT INTO propertystring (id, propertyvalue) VALUES (10621, '5');
INSERT INTO propertystring (id, propertyvalue) VALUES (10626, '10');
INSERT INTO propertystring (id, propertyvalue) VALUES (10775, '#java.util.List
');
INSERT INTO propertystring (id, propertyvalue) VALUES (10628, '80');
INSERT INTO propertystring (id, propertyvalue) VALUES (10776, '#java.util.List
');
INSERT INTO propertystring (id, propertyvalue) VALUES (10777, '#java.util.List
');
INSERT INTO propertystring (id, propertyvalue) VALUES (10779, '1');
INSERT INTO propertystring (id, propertyvalue) VALUES (10711, '2');
INSERT INTO propertystring (id, propertyvalue) VALUES (10783, 'migrated');
INSERT INTO propertystring (id, propertyvalue) VALUES (10714, 'com.atlassian.bonfire.upgradetasks.reindex.TemplatesReindex_2015-06-12T19:38:38.372+02:00');
INSERT INTO propertystring (id, propertyvalue) VALUES (10809, '6109');
INSERT INTO propertystring (id, propertyvalue) VALUES (10715, '2.7.0');
INSERT INTO propertystring (id, propertyvalue) VALUES (10810, '0.8.1068');
INSERT INTO propertystring (id, propertyvalue) VALUES (10717, 'com.atlassian.bonfire.upgradetasks.reindex.TemplatesReindexBON758_2015-06-12T19:38:38.382+02:00');
INSERT INTO propertystring (id, propertyvalue) VALUES (10811, '1');
INSERT INTO propertystring (id, propertyvalue) VALUES (10721, 'com.atlassian.bonfire.upgradetasks.SessionsCFTUpgradeTask_2015-06-12T19:38:38.538+02:00');
INSERT INTO propertystring (id, propertyvalue) VALUES (10723, 'com.atlassian.bonfire.upgradetasks.reindex.SessionReindexBON1386_2015-06-12T19:38:38.574+02:00');
INSERT INTO propertystring (id, propertyvalue) VALUES (10812, '1');
INSERT INTO propertystring (id, propertyvalue) VALUES (10733, 'com.atlassian.bonfire.upgradetasks.EnvironmentFieldsBON1523_2015-06-12T19:38:38.639+02:00');
INSERT INTO propertystring (id, propertyvalue) VALUES (11117, 'Service Provider Session Remover');
INSERT INTO propertystring (id, propertyvalue) VALUES (10735, 'com.atlassian.bonfire.upgradetasks.EnvironmentFieldsCapture_2015-06-12T19:38:38.651+02:00');
INSERT INTO propertystring (id, propertyvalue) VALUES (11118, '28800000');
INSERT INTO propertystring (id, propertyvalue) VALUES (10736, '13');
INSERT INTO propertystring (id, propertyvalue) VALUES (11119, 'false');
INSERT INTO propertystring (id, propertyvalue) VALUES (10746, 'https://bitbucket.org');
INSERT INTO propertystring (id, propertyvalue) VALUES (11120, 'com.atlassian.jira.plugin.ext.bamboo.service.PlanStatusUpdateServiceImpl:job');
INSERT INTO propertystring (id, propertyvalue) VALUES (10747, 'https://github.com');
INSERT INTO propertystring (id, propertyvalue) VALUES (11121, '60000');
INSERT INTO propertystring (id, propertyvalue) VALUES (10749, '12');
INSERT INTO propertystring (id, propertyvalue) VALUES (11122, 'true');
INSERT INTO propertystring (id, propertyvalue) VALUES (10750, '2');
INSERT INTO propertystring (id, propertyvalue) VALUES (11123, 'LocalPluginLicenseNotificationPluginJob-job');
INSERT INTO propertystring (id, propertyvalue) VALUES (10751, '1');
INSERT INTO propertystring (id, propertyvalue) VALUES (11124, '86400000');
INSERT INTO propertystring (id, propertyvalue) VALUES (11125, 'true');
INSERT INTO propertystring (id, propertyvalue) VALUES (10752, 'false');
INSERT INTO propertystring (id, propertyvalue) VALUES (11126, 'RemotePluginLicenseNotificationPluginJob-job');
INSERT INTO propertystring (id, propertyvalue) VALUES (10753, 'false');
INSERT INTO propertystring (id, propertyvalue) VALUES (10754, '/favicon.ico');
INSERT INTO propertystring (id, propertyvalue) VALUES (11127, '3600000');
INSERT INTO propertystring (id, propertyvalue) VALUES (10755, '/images/64jira.png');
INSERT INTO propertystring (id, propertyvalue) VALUES (11128, 'true');
INSERT INTO propertystring (id, propertyvalue) VALUES (11129, 'PluginRequestCheckPluginJob-job');
INSERT INTO propertystring (id, propertyvalue) VALUES (10756, '64');
INSERT INTO propertystring (id, propertyvalue) VALUES (10757, '64');
INSERT INTO propertystring (id, propertyvalue) VALUES (11130, '3600000');
INSERT INTO propertystring (id, propertyvalue) VALUES (10758, '/favicon.ico');
INSERT INTO propertystring (id, propertyvalue) VALUES (11131, 'true');
INSERT INTO propertystring (id, propertyvalue) VALUES (10759, '/images/64jira.png');
INSERT INTO propertystring (id, propertyvalue) VALUES (11132, 'PluginUpdateCheckPluginJob-job');
INSERT INTO propertystring (id, propertyvalue) VALUES (10760, '1');
INSERT INTO propertystring (id, propertyvalue) VALUES (11133, '86400000');
INSERT INTO propertystring (id, propertyvalue) VALUES (10761, '1');
INSERT INTO propertystring (id, propertyvalue) VALUES (10630, '1000.981.0');
INSERT INTO propertystring (id, propertyvalue) VALUES (10631, '7.1.9');
INSERT INTO propertystring (id, propertyvalue) VALUES (10071, 'b6b48b2829824b869586ac216d119363');
INSERT INTO propertystring (id, propertyvalue) VALUES (11518, '#java.util.List
');
INSERT INTO propertystring (id, propertyvalue) VALUES (11519, '#java.util.List
');
INSERT INTO propertystring (id, propertyvalue) VALUES (11520, '#java.util.List
com.atlassian.jira.plugins.jira-importers-asana-plugin
com.atlassian.devrel.developer-toolbox-plugin
com.atlassian.labs.rest-api-browser
com.atlassian.jira.plugins.jira-healthcheck-plugin');
INSERT INTO propertystring (id, propertyvalue) VALUES (11600, '');
INSERT INTO propertystring (id, propertyvalue) VALUES (11603, 'Development');
INSERT INTO propertystring (id, propertyvalue) VALUES (11604, '');
INSERT INTO propertystring (id, propertyvalue) VALUES (11605, 'Development');
INSERT INTO propertystring (id, propertyvalue) VALUES (11606, '');
INSERT INTO propertystring (id, propertyvalue) VALUES (11607, 'Dveloppement');
INSERT INTO propertystring (id, propertyvalue) VALUES (11608, '');
INSERT INTO propertystring (id, propertyvalue) VALUES (11609, 'Desarrollo');
INSERT INTO propertystring (id, propertyvalue) VALUES (11610, '');
INSERT INTO propertystring (id, propertyvalue) VALUES (11611, '');
INSERT INTO propertystring (id, propertyvalue) VALUES (11612, '');
INSERT INTO propertystring (id, propertyvalue) VALUES (11613, '');
INSERT INTO propertystring (id, propertyvalue) VALUES (11614, '');
INSERT INTO propertystring (id, propertyvalue) VALUES (11615, 'Entwicklung');
INSERT INTO propertystring (id, propertyvalue) VALUES (11616, '');
INSERT INTO propertystring (id, propertyvalue) VALUES (11617, 'Development');
INSERT INTO propertystring (id, propertyvalue) VALUES (11618, '');
INSERT INTO propertystring (id, propertyvalue) VALUES (11619, 'Desenvolvimento');
INSERT INTO propertystring (id, propertyvalue) VALUES (11620, '');
INSERT INTO propertystring (id, propertyvalue) VALUES (11621, '');
INSERT INTO propertystring (id, propertyvalue) VALUES (11622, '');
INSERT INTO propertystring (id, propertyvalue) VALUES (11637, 'admin');
INSERT INTO propertystring (id, propertyvalue) VALUES (11639, 'GreenHopper Sprint Field Creation');
INSERT INTO propertystring (id, propertyvalue) VALUES (11640, 'true');
INSERT INTO propertystring (id, propertyvalue) VALUES (11642, '3');
INSERT INTO propertystring (id, propertyvalue) VALUES (11643, '1494840471');
INSERT INTO propertystring (id, propertyvalue) VALUES (11601, 'NORMAL');
INSERT INTO propertystring (id, propertyvalue) VALUES (11602, '8440a9f9-ab15-40c0-b701-776ce0ac1822');
INSERT INTO propertystring (id, propertyvalue) VALUES (11134, 'false');
INSERT INTO propertystring (id, propertyvalue) VALUES (11135, 'AddOnLicensingEmailNotificationsPluginJob-job');
INSERT INTO propertystring (id, propertyvalue) VALUES (11136, '14400000');
INSERT INTO propertystring (id, propertyvalue) VALUES (11137, 'true');
INSERT INTO propertystring (id, propertyvalue) VALUES (11139, 'com.atlassian.jira.plugins.dvcs.scheduler.DvcsScheduler:job');
INSERT INTO propertystring (id, propertyvalue) VALUES (11140, '3600000');
INSERT INTO propertystring (id, propertyvalue) VALUES (11141, 'false');
INSERT INTO propertystring (id, propertyvalue) VALUES (11152, '#java.util.List
com.atlassian.bonfire.plugin');
INSERT INTO propertystring (id, propertyvalue) VALUES (11166, '#java.util.List
');
INSERT INTO propertystring (id, propertyvalue) VALUES (11210, '1');
INSERT INTO propertystring (id, propertyvalue) VALUES (11312, '10240');
INSERT INTO propertystring (id, propertyvalue) VALUES (11313, '10256');
INSERT INTO propertystring (id, propertyvalue) VALUES (11314, '10002');
INSERT INTO propertystring (id, propertyvalue) VALUES (11315, 'none');
INSERT INTO propertystring (id, propertyvalue) VALUES (11411, 'true');
INSERT INTO propertystring (id, propertyvalue) VALUES (11412, '4');
INSERT INTO propertystring (id, propertyvalue) VALUES (11413, '1');
INSERT INTO propertystring (id, propertyvalue) VALUES (11415, '3');
INSERT INTO propertystring (id, propertyvalue) VALUES (11416, '1');
INSERT INTO propertystring (id, propertyvalue) VALUES (11417, 'false');
INSERT INTO propertystring (id, propertyvalue) VALUES (11418, '1');
INSERT INTO propertystring (id, propertyvalue) VALUES (11420, '3');
INSERT INTO propertystring (id, propertyvalue) VALUES (11423, '5');
INSERT INTO propertystring (id, propertyvalue) VALUES (11424, '6086');
INSERT INTO propertystring (id, propertyvalue) VALUES (11425, '1');
INSERT INTO propertystring (id, propertyvalue) VALUES (11426, '2001');
INSERT INTO propertystring (id, propertyvalue) VALUES (11510, 'true');
INSERT INTO propertystring (id, propertyvalue) VALUES (11511, 'true');
INSERT INTO propertystring (id, propertyvalue) VALUES (11513, '#java.util.List
{"userKey":"JIRA","date":1482224304150,"i18nKey":"upm.auditLog.upm.startup","entryType":"UPM_STARTUP","params":[]}');
INSERT INTO propertystring (id, propertyvalue) VALUES (11514, '#java.util.List
');
INSERT INTO propertystring (id, propertyvalue) VALUES (11515, '#java.util.List
');
INSERT INTO propertystring (id, propertyvalue) VALUES (11516, '#java.util.List
');
INSERT INTO propertystring (id, propertyvalue) VALUES (11517, '#java.util.List
');
INSERT INTO propertystring (id, propertyvalue) VALUES (11623, '4');
INSERT INTO propertystring (id, propertyvalue) VALUES (11624, '16');
INSERT INTO propertystring (id, propertyvalue) VALUES (11625, '51');
INSERT INTO propertystring (id, propertyvalue) VALUES (11512, 'true');
INSERT INTO propertystring (id, propertyvalue) VALUES (10766, '#java.util.List
');
INSERT INTO propertystring (id, propertyvalue) VALUES (11626, '10000');


--
-- Data for Name: propertytext; Type: TABLE DATA; Schema: public; Owner: jira
--

INSERT INTO propertytext (id, propertyvalue) VALUES (10101, 'AAABFg0ODAoPeNptkMluwjAQhu9+Cks9BzlBNBKSpaYhBxCEikJPvQxmUkZyHOSFlrdvFiJVFQcf7
Bl///K0Pwe+CpqLGU/EfDadx1OeL/btJU7YAp2ydPHUGPnamIos8qqxfLXcZfxgNNXk8cQPDq37n
PO8qWu0ikDzNSk0DlkZ6iPabdWvyChmuUXoeAvwKDuRSKSRmLG8MR6UL6FGiadvMi/gNThHYCaqq
cd5sQHSDxeKK+jQo2UFupXWg4WPVrh7TFj71Xg0YBQWPxeyt8FDLMTdw9Z+gSE3QLKRzt6LUrYnW
sdpItJnwe7h/kDC2MU4298u2GfJt5tNscuX2ZodhwYnbQy6ovQ2IHsLVp3B4f86fgF+9Io1MCwCF
H5ObDJhdIlz/i1FRQDWO811mqEJAhQMEH1o8+idX0DS9vz9a6Rvmt9k3w==X02e6');
INSERT INTO propertytext (id, propertyvalue) VALUES (10211, 'http://www.atlassian.com/*
');
INSERT INTO propertytext (id, propertyvalue) VALUES (10216, '<map>
  <entry>
    <string>sessionStatusHistory</string>
    <string>2011-06-29T18:42:22.823+10:00,CREATED,</string>
  </entry>
  <entry>
    <string>relatedIssue</string>
    <string>-1</string>
  </entry>
  <entry>
    <string>activityItems</string>
    <list>
      <map>
        <entry>
          <string>timestamp</string>
          <string>2011-06-29T18:42:22.823+10:00</string>
        </entry>
        <entry>
          <string>status</string>
          <string>CREATED</string>
        </entry>
        <entry>
          <string>class</string>
          <string>class com.atlassian.excalibur.model.SessionStatusSessionActivityItem</string>
        </entry>
        <entry>
          <string>isFirstStarted</string>
          <string>false</string>
        </entry>
        <entry>
          <string>user</string>
          <string>admin</string>
        </entry>
      </map>
    </list>
  </entry>
  <entry>
    <string>status</string>
    <string>CREATED</string>
  </entry>
  <entry>
    <string>start</string>
    <string>2011-06-29T18:42:22.823+10:00</string>
  </entry>
  <entry>
    <string>name</string>
    <string>Test Session without Issue</string>
  </entry>
  <entry>
    <string>sessionNoteIds</string>
    <string>[]</string>
  </entry>
  <entry>
    <string>owner</string>
    <string>admin</string>
  </entry>
  <entry>
    <string>sessionNotes</string>
    <string></string>
  </entry>
  <entry>
    <string>raisedIssues</string>
    <string></string>
  </entry>
  <entry>
    <string>relatedProject</string>
    <string>10000</string>
  </entry>
</map>');
INSERT INTO propertytext (id, propertyvalue) VALUES (10217, '<map>
  <entry>
    <string>sessionStatusHistory</string>
    <string>2011-06-29T18:42:05.984+10:00,CREATED,</string>
  </entry>
  <entry>
    <string>relatedIssue</string>
    <string>10000</string>
  </entry>
  <entry>
    <string>activityItems</string>
    <list>
      <map>
        <entry>
          <string>timestamp</string>
          <string>2011-06-29T18:42:05.984+10:00</string>
        </entry>
        <entry>
          <string>status</string>
          <string>CREATED</string>
        </entry>
        <entry>
          <string>class</string>
          <string>class com.atlassian.excalibur.model.SessionStatusSessionActivityItem</string>
        </entry>
        <entry>
          <string>isFirstStarted</string>
          <string>false</string>
        </entry>
        <entry>
          <string>user</string>
          <string>admin</string>
        </entry>
      </map>
    </list>
  </entry>
  <entry>
    <string>start</string>
    <string>2011-06-29T18:42:05.984+10:00</string>
  </entry>
  <entry>
    <string>status</string>
    <string>CREATED</string>
  </entry>
  <entry>
    <string>name</string>
    <string>Test Session with Issue</string>
  </entry>
  <entry>
    <string>sessionNoteIds</string>
    <string>[]</string>
  </entry>
  <entry>
    <string>owner</string>
    <string>admin</string>
  </entry>
  <entry>
    <string>raisedIssues</string>
    <string></string>
  </entry>
  <entry>
    <string>sessionNotes</string>
    <string></string>
  </entry>
  <entry>
    <string>relatedProject</string>
    <string>10000</string>
  </entry>
</map>');
INSERT INTO propertytext (id, propertyvalue) VALUES (10218, '<map>
  <entry>
    <string>sessionStatusHistory</string>
    <string>2011-06-29T18:52:56.597+10:00,CREATED,</string>
  </entry>
  <entry>
    <string>relatedIssue</string>
    <string>-1</string>
  </entry>
  <entry>
    <string>activityItems</string>
    <list>
      <map>
        <entry>
          <string>timestamp</string>
          <string>2011-06-29T18:52:56.597+10:00</string>
        </entry>
        <entry>
          <string>status</string>
          <string>CREATED</string>
        </entry>
        <entry>
          <string>class</string>
          <string>class com.atlassian.excalibur.model.SessionStatusSessionActivityItem</string>
        </entry>
        <entry>
          <string>isFirstStarted</string>
          <string>false</string>
        </entry>
        <entry>
          <string>user</string>
          <string>fry</string>
        </entry>
      </map>
    </list>
  </entry>
  <entry>
    <string>status</string>
    <string>CREATED</string>
  </entry>
  <entry>
    <string>start</string>
    <string>2011-06-29T18:52:56.597+10:00</string>
  </entry>
  <entry>
    <string>name</string>
    <string>Check that the toys have been delivered</string>
  </entry>
  <entry>
    <string>sessionNoteIds</string>
    <string>[]</string>
  </entry>
  <entry>
    <string>owner</string>
    <string>fry</string>
  </entry>
  <entry>
    <string>sessionNotes</string>
    <string></string>
  </entry>
  <entry>
    <string>raisedIssues</string>
    <string></string>
  </entry>
  <entry>
    <string>relatedProject</string>
    <string>10001</string>
  </entry>
</map>');
INSERT INTO propertytext (id, propertyvalue) VALUES (10219, '<map>
  <entry>
    <string>sessionStatusHistory</string>
    <string>2011-06-29T18:42:50.896+10:00,CREATED,</string>
  </entry>
  <entry>
    <string>relatedIssue</string>
    <string>-1</string>
  </entry>
  <entry>
    <string>activityItems</string>
    <list>
      <map>
        <entry>
          <string>timestamp</string>
          <string>2011-06-29T18:42:50.896+10:00</string>
        </entry>
        <entry>
          <string>status</string>
          <string>CREATED</string>
        </entry>
        <entry>
          <string>class</string>
          <string>class com.atlassian.excalibur.model.SessionStatusSessionActivityItem</string>
        </entry>
        <entry>
          <string>isFirstStarted</string>
          <string>false</string>
        </entry>
        <entry>
          <string>user</string>
          <string>fry</string>
        </entry>
      </map>
    </list>
  </entry>
  <entry>
    <string>start</string>
    <string>2011-06-29T18:42:50.896+10:00</string>
  </entry>
  <entry>
    <string>status</string>
    <string>CREATED</string>
  </entry>
  <entry>
    <string>name</string>
    <string>Fry&apos;s Test project Test Session</string>
  </entry>
  <entry>
    <string>sessionNoteIds</string>
    <string>[]</string>
  </entry>
  <entry>
    <string>owner</string>
    <string>fry</string>
  </entry>
  <entry>
    <string>raisedIssues</string>
    <string></string>
  </entry>
  <entry>
    <string>sessionNotes</string>
    <string></string>
  </entry>
  <entry>
    <string>relatedProject</string>
    <string>10000</string>
  </entry>
</map>');
INSERT INTO propertytext (id, propertyvalue) VALUES (10220, '[{"id":10004,"timeStarted":1309336925984,"projectId":10000,"issueId":"10000,","userName":"admin","assignee":"admin","status":"CREATED","shared":false,"name":"Test Session with Issue","projectName":"Test","assigneeDisplayName":"admin"},{"id":10005,"timeStarted":1309336942823,"projectId":10000,"issueId":"","userName":"admin","assignee":"admin","status":"CREATED","shared":false,"name":"Test Session without Issue","projectName":"Test","assigneeDisplayName":"admin"},{"id":10006,"timeStarted":1309336970896,"projectId":10000,"issueId":"","userName":"fry","assignee":"fry","status":"CREATED","shared":false,"name":"Fry''s Test project Test Session","projectName":"Test","assigneeDisplayName":"Phillip J. Fry"},{"id":10007,"timeStarted":1309337576597,"projectId":10001,"issueId":"","userName":"fry","assignee":"fry","status":"CREATED","shared":false,"name":"Check that the toys have been delivered","projectName":"Planet Express","assigneeDisplayName":"Phillip J. Fry"}]');
INSERT INTO propertytext (id, propertyvalue) VALUES (10454, '<map>
  <entry>
    <long>10005</long>
    <map>
      <entry>
        <string>sessionStatusHistory</string>
        <string>2011-06-29T18:42:22.823+10:00,CREATED,</string>
      </entry>
      <entry>
        <string>activityItems</string>
        <list>
          <map>
            <entry>
              <string>timestamp</string>
              <string>2011-06-29T18:42:22.823+10:00</string>
            </entry>
            <entry>
              <string>status</string>
              <string>CREATED</string>
            </entry>
            <entry>
              <string>class</string>
              <string>class com.atlassian.excalibur.model.SessionStatusSessionActivityItem</string>
            </entry>
            <entry>
              <string>isFirstStarted</string>
              <string>false</string>
            </entry>
            <entry>
              <string>user</string>
              <string>admin</string>
            </entry>
          </map>
        </list>
      </entry>
      <entry>
        <string>relatedIssue</string>
        <string>-1</string>
      </entry>
      <entry>
        <string>start</string>
        <string>2011-06-29T18:42:22.823+10:00</string>
      </entry>
      <entry>
        <string>status</string>
        <string>CREATED</string>
      </entry>
      <entry>
        <string>name</string>
        <string>Test Session without Issue</string>
      </entry>
      <entry>
        <string>owner</string>
        <string>admin</string>
      </entry>
      <entry>
        <string>raisedIssues</string>
        <string></string>
      </entry>
      <entry>
        <string>sessionNotes</string>
        <string></string>
      </entry>
      <entry>
        <string>relatedProject</string>
        <string>10000</string>
      </entry>
    </map>
  </entry>
  <entry>
    <long>10004</long>
    <map>
      <entry>
        <string>sessionStatusHistory</string>
        <string>2011-06-29T18:42:05.984+10:00,CREATED,</string>
      </entry>
      <entry>
        <string>activityItems</string>
        <list>
          <map>
            <entry>
              <string>timestamp</string>
              <string>2011-06-29T18:42:05.984+10:00</string>
            </entry>
            <entry>
              <string>status</string>
              <string>CREATED</string>
            </entry>
            <entry>
              <string>class</string>
              <string>class com.atlassian.excalibur.model.SessionStatusSessionActivityItem</string>
            </entry>
            <entry>
              <string>isFirstStarted</string>
              <string>false</string>
            </entry>
            <entry>
              <string>user</string>
              <string>admin</string>
            </entry>
          </map>
        </list>
      </entry>
      <entry>
        <string>relatedIssue</string>
        <string>10000</string>
      </entry>
      <entry>
        <string>status</string>
        <string>CREATED</string>
      </entry>
      <entry>
        <string>start</string>
        <string>2011-06-29T18:42:05.984+10:00</string>
      </entry>
      <entry>
        <string>name</string>
        <string>Test Session with Issue</string>
      </entry>
      <entry>
        <string>owner</string>
        <string>admin</string>
      </entry>
      <entry>
        <string>sessionNotes</string>
        <string></string>
      </entry>
      <entry>
        <string>raisedIssues</string>
        <string></string>
      </entry>
      <entry>
        <string>relatedProject</string>
        <string>10000</string>
      </entry>
    </map>
  </entry>
  <entry>
    <long>10007</long>
    <map>
      <entry>
        <string>sessionStatusHistory</string>
        <string>2011-06-29T18:52:56.597+10:00,CREATED,</string>
      </entry>
      <entry>
        <string>activityItems</string>
        <list>
          <map>
            <entry>
              <string>timestamp</string>
              <string>2011-06-29T18:52:56.597+10:00</string>
            </entry>
            <entry>
              <string>status</string>
              <string>CREATED</string>
            </entry>
            <entry>
              <string>class</string>
              <string>class com.atlassian.excalibur.model.SessionStatusSessionActivityItem</string>
            </entry>
            <entry>
              <string>isFirstStarted</string>
              <string>false</string>
            </entry>
            <entry>
              <string>user</string>
              <string>fry</string>
            </entry>
          </map>
        </list>
      </entry>
      <entry>
        <string>relatedIssue</string>
        <string>-1</string>
      </entry>
      <entry>
        <string>start</string>
        <string>2011-06-29T18:52:56.597+10:00</string>
      </entry>
      <entry>
        <string>status</string>
        <string>CREATED</string>
      </entry>
      <entry>
        <string>name</string>
        <string>Check that the toys have been delivered</string>
      </entry>
      <entry>
        <string>owner</string>
        <string>fry</string>
      </entry>
      <entry>
        <string>raisedIssues</string>
        <string></string>
      </entry>
      <entry>
        <string>sessionNotes</string>
        <string></string>
      </entry>
      <entry>
        <string>relatedProject</string>
        <string>10001</string>
      </entry>
    </map>
  </entry>
  <entry>
    <long>10006</long>
    <map>
      <entry>
        <string>sessionStatusHistory</string>
        <string>2011-06-29T18:42:50.896+10:00,CREATED,</string>
      </entry>
      <entry>
        <string>activityItems</string>
        <list>
          <map>
            <entry>
              <string>timestamp</string>
              <string>2011-06-29T18:42:50.896+10:00</string>
            </entry>
            <entry>
              <string>status</string>
              <string>CREATED</string>
            </entry>
            <entry>
              <string>class</string>
              <string>class com.atlassian.excalibur.model.SessionStatusSessionActivityItem</string>
            </entry>
            <entry>
              <string>isFirstStarted</string>
              <string>false</string>
            </entry>
            <entry>
              <string>user</string>
              <string>fry</string>
            </entry>
          </map>
        </list>
      </entry>
      <entry>
        <string>relatedIssue</string>
        <string>-1</string>
      </entry>
      <entry>
        <string>status</string>
        <string>CREATED</string>
      </entry>
      <entry>
        <string>start</string>
        <string>2011-06-29T18:42:50.896+10:00</string>
      </entry>
      <entry>
        <string>name</string>
        <string>Fry&apos;s Test project Test Session</string>
      </entry>
      <entry>
        <string>owner</string>
        <string>fry</string>
      </entry>
      <entry>
        <string>sessionNotes</string>
        <string></string>
      </entry>
      <entry>
        <string>raisedIssues</string>
        <string></string>
      </entry>
      <entry>
        <string>relatedProject</string>
        <string>10000</string>
      </entry>
    </map>
  </entry>
</map>');
INSERT INTO propertytext (id, propertyvalue) VALUES (10617, 'MIIEvQIBADANBgkqhkiG9w0BAQEFAASCBKcwggSjAgEAAoIBAQCBZtpTNKhnhGDBy3g3ORwShehK3b1i5LeYyOYI01QbHwThdQvCp6mPeJ7QyiBGbM7V3VK1/MVouL2db6R/tkO4nFzqwhTS+3qzdhMbkyNhTArRpRJBs0PwB+LGLAFns0Ipw+kxECZqxGT6Y1Tv3ben1NyzzJvAqoHPN8aKyRQC5F3ULYy8/N3GNosJdnTG5Xah7dVH6zpiKbcWaIbF6wnSh9Q4XCDIG4vl1Ffpsud9GHMhiriaTcop5UH1o4GEK7ynbAVR1zfxa1/VHJ7f9gXb/m6eQDv92OVn52q+5SWBm9iDSKjM8DGCA1aCyuKwxr7DzbbE/EhuyZhp8YaCvVbXAgMBAAECggEALXjtQ8v/WdElBzTvG8jP2pp/1L8zLCtfcSs32uYYaiduWaP96/trFGW4uXot+VGHJZRO2nDnFjPFPivbTJ3KEnewFzb4hmOk7KeTc18zUZ+dNaqiTcAnIZRD1ovkOoK9v1t++KTKOz6klXCOinQJc8rTe8NtADlqwFzDQkYC6DjD6a5bafdshm/EZxUCIZdYqZ8vAYc+fsA0L+Jzg8MErv+UOVgyM31YQTXrVx/QM4Tj4a08t3ehgrS0zRqhEx8f+B2u2fmGiRc4D4adqIqz1JNiAzTVNrxvpuQLnbOzVJT8iRJrnacQjrMHG9vr+7cu+m/vJW+PWSl/Ip5hozwB8QKBgQC4m0Uf7bMDmMmcOj26slnD5KbprFBA1G4IjAHqy78ejd6+nqyVe1M1DfaA6nF/YbYrAJRu123eeATUgwmz8i060VNvlL3ePXHtgcHkyA3HhIVRVbLa93pHom5Xxlp+B5ma5CkyIyCjRMMh2tL5mgj97Shpbv+l96s4HJ51PL7opQKBgQCzchuGINNfhpgkbFzt2gPWHyppf779fR4/W6mOXnQfiP+TMzyQ4jVBifbShFKZcmjYyQXHhONsJZdVqWLuyZgHQhoydHabgKTMC49nPpvfds56bauLAOHYwpBeEqvyMdzg9V83hiSt2wj2LLnGMFbg8gwmv5SUrGvZ16gUTRysywKBgQCpSeIq9Gy8OKlxtcsT4SgGRzF1igoSWXwKJHJBodRCrbD9Nz9m2TAlsAdEkzm/qZhHeQGlX7MmVwN+6ifEt6oYjQspgMpY+hn2xo5LQdW5CGLFgoRA3r9o36C2p3QmrMuEygSpMKNmddFHw4bDVCk4yvnLLfoMdcGy9DOvqSQc7QKBgCi7UfwUH2ajio1Z+44R2qUT1fC0ionHiMIg8E/cqMcvtbOYAbtxXV1PD7OhTY5/JcVve9xaEbVOoxdSp55ELDoZixDA1ttdTAr05Mwurfr/YMbxderLfHhTUanI2zbSkqyNhdt4m4LLITGf3VtbRZ0x1AhHnFZS/Pgpt4FEL6oZAoGAekAQtY4FYgfW2wz9Aq/26IOVxRSqVj2CFHqoYrRQdQYTR29rUiXppokpiyncykFBun00aeNSAz2u3v1XGdH00b3iEssvbSBK2QFT4q+nebIQ/yU43pb5hXA/wAfz81hyYCqXo3fsFl1VTluMLcTmuv9wqKCbd21B7s7bMct1hOQ=');
INSERT INTO propertytext (id, propertyvalue) VALUES (10618, 'MIIBIjANBgkqhkiG9w0BAQEFAAOCAQ8AMIIBCgKCAQEAgWbaUzSoZ4Rgwct4NzkcEoXoSt29YuS3mMjmCNNUGx8E4XULwqepj3ie0MogRmzO1d1StfzFaLi9nW+kf7ZDuJxc6sIU0vt6s3YTG5MjYUwK0aUSQbND8AfixiwBZ7NCKcPpMRAmasRk+mNU7923p9Tcs8ybwKqBzzfGiskUAuRd1C2MvPzdxjaLCXZ0xuV2oe3VR+s6Yim3FmiGxesJ0ofUOFwgyBuL5dRX6bLnfRhzIYq4mk3KKeVB9aOBhCu8p2wFUdc38Wtf1Rye3/YF2/5unkA7/djlZ+dqvuUlgZvYg0iozPAxggNWgsrisMa+w822xPxIbsmYafGGgr1W1wIDAQAB');
INSERT INTO propertytext (id, propertyvalue) VALUES (10629, '{
    "edgeMap": {
        "1DEDB66F-FE5C-EDFD-54D0-4D19CDC8CECA": {
            "actionId": 5,
            "allPoints": [
                {
                    "positiveController": null,
                    "x": 1806.5,
                    "y": 434.0
                },
                {
                    "positiveController": null,
                    "x": 1801.0,
                    "y": 115.0
                }
            ],
            "controlPoints": [],
            "endNodeId": "6DA64EEB-08FE-2870-C90C-4D19CDA2F72D",
            "endPoint": {
                "positiveController": null,
                "x": 1801.0,
                "y": 115.0
            },
            "endStepId": 4,
            "id": "1DEDB66F-FE5C-EDFD-54D0-4D19CDC8CECA",
            "label": "Resolve Issue",
            "labelPoint": {
                "positiveController": null,
                "x": 1776.85,
                "y": 355.25
            },
            "lineType": "straight",
            "startNodeId": "A8B1A431-AC3A-6DCD-BFF0-4D19CDBCAADB",
            "startPoint": {
                "positiveController": null,
                "x": 1806.5,
                "y": 434.0
            },
            "startStepId": 5
        },
        "3DF7CEC8-9FBC-C0D0-AFB1-4D19CE6EA230": {
            "actionId": 2,
            "allPoints": [
                {
                    "positiveController": null,
                    "x": 1469.5,
                    "y": 113.0
                },
                {
                    "positiveController": null,
                    "x": 1614.0,
                    "y": 226.0
                }
            ],
            "controlPoints": [],
            "endNodeId": "1C846CFB-4F0D-2F40-D0AE-4D19CDAF5D34",
            "endPoint": {
                "positiveController": null,
                "x": 1614.0,
                "y": 226.0
            },
            "endStepId": 6,
            "id": "3DF7CEC8-9FBC-C0D0-AFB1-4D19CE6EA230",
            "label": "Close Issue",
            "labelPoint": {
                "positiveController": null,
                "x": 1492.25,
                "y": 154.25
            },
            "lineType": "straight",
            "startNodeId": "778534F4-7595-88B6-45E1-4D19CD518712",
            "startPoint": {
                "positiveController": null,
                "x": 1469.5,
                "y": 113.0
            },
            "startStepId": 1
        },
        "483797F1-1BF4-5E0F-86C6-4D19CE6023A2": {
            "actionId": 5,
            "allPoints": [
                {
                    "positiveController": null,
                    "x": 1469.5,
                    "y": 113.0
                },
                {
                    "positiveController": null,
                    "x": 1763.0,
                    "y": 113.0
                }
            ],
            "controlPoints": [],
            "endNodeId": "6DA64EEB-08FE-2870-C90C-4D19CDA2F72D",
            "endPoint": {
                "positiveController": null,
                "x": 1763.0,
                "y": 113.0
            },
            "endStepId": 4,
            "id": "483797F1-1BF4-5E0F-86C6-4D19CE6023A2",
            "label": "Resolve Issue",
            "labelPoint": {
                "positiveController": null,
                "x": 1551.0,
                "y": 104.0
            },
            "lineType": "straight",
            "startNodeId": "778534F4-7595-88B6-45E1-4D19CD518712",
            "startPoint": {
                "positiveController": null,
                "x": 1469.5,
                "y": 113.0
            },
            "startStepId": 1
        },
        "517D7F32-20FB-309E-8639-4D19CE2ACB54": {
            "actionId": 5,
            "allPoints": [
                {
                    "positiveController": null,
                    "x": 1434.0,
                    "y": 435.0
                },
                {
                    "positiveController": {
                        "positiveController": null,
                        "x": 0.0,
                        "y": 0.0
                    },
                    "x": 1435.0,
                    "y": 490.0
                },
                {
                    "positiveController": {
                        "positiveController": null,
                        "x": 0.0,
                        "y": 0.0
                    },
                    "x": 1947.0,
                    "y": 494.0
                },
                {
                    "positiveController": {
                        "positiveController": null,
                        "x": 0.0,
                        "y": 0.0
                    },
                    "x": 1950.0,
                    "y": 118.0
                },
                {
                    "positiveController": null,
                    "x": 1763.0,
                    "y": 113.0
                }
            ],
            "controlPoints": [
                {
                    "positiveController": {
                        "positiveController": null,
                        "x": 0.0,
                        "y": 0.0
                    },
                    "x": 1435.0,
                    "y": 490.0
                },
                {
                    "positiveController": {
                        "positiveController": null,
                        "x": 0.0,
                        "y": 0.0
                    },
                    "x": 1947.0,
                    "y": 494.0
                },
                {
                    "positiveController": {
                        "positiveController": null,
                        "x": 0.0,
                        "y": 0.0
                    },
                    "x": 1950.0,
                    "y": 118.0
                }
            ],
            "endNodeId": "6DA64EEB-08FE-2870-C90C-4D19CDA2F72D",
            "endPoint": {
                "positiveController": null,
                "x": 1763.0,
                "y": 113.0
            },
            "endStepId": 4,
            "id": "517D7F32-20FB-309E-8639-4D19CE2ACB54",
            "label": "Resolve Issue",
            "labelPoint": {
                "positiveController": null,
                "x": 1631.25,
                "y": 479.5
            },
            "lineType": "poly",
            "startNodeId": "0740FFFA-2AA1-C90A-38ED-4D19CD61899B",
            "startPoint": {
                "positiveController": null,
                "x": 1434.0,
                "y": 435.0
            },
            "startStepId": 3
        },
        "58BD4605-5FB9-84EA-6952-4D19CE7B454B": {
            "actionId": 1,
            "allPoints": [
                {
                    "positiveController": null,
                    "x": 1470.0,
                    "y": 16.0
                },
                {
                    "positiveController": null,
                    "x": 1469.5,
                    "y": 113.0
                }
            ],
            "controlPoints": [],
            "endNodeId": "778534F4-7595-88B6-45E1-4D19CD518712",
            "endPoint": {
                "positiveController": null,
                "x": 1469.5,
                "y": 113.0
            },
            "endStepId": 1,
            "id": "58BD4605-5FB9-84EA-6952-4D19CE7B454B",
            "label": "Create Issue",
            "labelPoint": {
                "positiveController": null,
                "x": 1475.5,
                "y": 48.5
            },
            "lineType": "straight",
            "startNodeId": "15174530-AE75-04E0-1D9D-4D19CD200835",
            "startPoint": {
                "positiveController": null,
                "x": 1470.0,
                "y": 16.0
            },
            "startStepId": 1
        },
        "92D3DEFD-13AC-06A7-E5D8-4D19CE537791": {
            "actionId": 4,
            "allPoints": [
                {
                    "positiveController": null,
                    "x": 1439.5,
                    "y": 116.0
                },
                {
                    "positiveController": {
                        "positiveController": null,
                        "x": 0.0,
                        "y": 0.0
                    },
                    "x": 1393.0,
                    "y": 116.0
                },
                {
                    "positiveController": null,
                    "x": 1390.0,
                    "y": 434.0
                }
            ],
            "controlPoints": [
                {
                    "positiveController": {
                        "positiveController": null,
                        "x": 0.0,
                        "y": 0.0
                    },
                    "x": 1393.0,
                    "y": 116.0
                }
            ],
            "endNodeId": "0740FFFA-2AA1-C90A-38ED-4D19CD61899B",
            "endPoint": {
                "positiveController": null,
                "x": 1390.0,
                "y": 434.0
            },
            "endStepId": 3,
            "id": "92D3DEFD-13AC-06A7-E5D8-4D19CE537791",
            "label": "Start Progress",
            "labelPoint": {
                "positiveController": null,
                "x": 1323.65,
                "y": 193.75
            },
            "lineType": "poly",
            "startNodeId": "778534F4-7595-88B6-45E1-4D19CD518712",
            "startPoint": {
                "positiveController": null,
                "x": 1439.5,
                "y": 116.0
            },
            "startStepId": 1
        },
        "C049EE11-C5BB-F93B-36C3-4D19CDF12B8F": {
            "actionId": 3,
            "allPoints": [
                {
                    "positiveController": null,
                    "x": 1677.0,
                    "y": 227.0
                },
                {
                    "positiveController": {
                        "positiveController": null,
                        "x": 0.0,
                        "y": 0.0
                    },
                    "x": 1767.05,
                    "y": 230.05
                },
                {
                    "positiveController": null,
                    "x": 1773.5,
                    "y": 425.0
                }
            ],
            "controlPoints": [
                {
                    "positiveController": {
                        "positiveController": null,
                        "x": 0.0,
                        "y": 0.0
                    },
                    "x": 1767.05,
                    "y": 230.05
                }
            ],
            "endNodeId": "A8B1A431-AC3A-6DCD-BFF0-4D19CDBCAADB",
            "endPoint": {
                "positiveController": null,
                "x": 1773.5,
                "y": 425.0
            },
            "endStepId": 5,
            "id": "C049EE11-C5BB-F93B-36C3-4D19CDF12B8F",
            "label": "Reopen Issue",
            "labelPoint": {
                "positiveController": null,
                "x": 1703.85,
                "y": 218.5
            },
            "lineType": "poly",
            "startNodeId": "1C846CFB-4F0D-2F40-D0AE-4D19CDAF5D34",
            "startPoint": {
                "positiveController": null,
                "x": 1677.0,
                "y": 227.0
            },
            "startStepId": 6
        },
        "C9EA1792-2332-8B56-A04D-4D19CD725367": {
            "actionId": 301,
            "allPoints": [
                {
                    "positiveController": null,
                    "x": 1465.0,
                    "y": 436.0
                },
                {
                    "positiveController": null,
                    "x": 1469.5,
                    "y": 113.0
                }
            ],
            "controlPoints": [],
            "endNodeId": "778534F4-7595-88B6-45E1-4D19CD518712",
            "endPoint": {
                "positiveController": null,
                "x": 1469.5,
                "y": 113.0
            },
            "endStepId": 1,
            "id": "C9EA1792-2332-8B56-A04D-4D19CD725367",
            "label": "Stop Progress",
            "labelPoint": {
                "positiveController": null,
                "x": 1407.8,
                "y": 308.5
            },
            "lineType": "straight",
            "startNodeId": "0740FFFA-2AA1-C90A-38ED-4D19CD61899B",
            "startPoint": {
                "positiveController": null,
                "x": 1465.0,
                "y": 436.0
            },
            "startStepId": 3
        },
        "CAF37138-6321-E03A-8E41-4D19CDD7DC78": {
            "actionId": 2,
            "allPoints": [
                {
                    "positiveController": null,
                    "x": 1764.5,
                    "y": 430.0
                },
                {
                    "positiveController": null,
                    "x": 1614.0,
                    "y": 226.0
                }
            ],
            "controlPoints": [],
            "endNodeId": "1C846CFB-4F0D-2F40-D0AE-4D19CDAF5D34",
            "endPoint": {
                "positiveController": null,
                "x": 1614.0,
                "y": 226.0
            },
            "endStepId": 6,
            "id": "CAF37138-6321-E03A-8E41-4D19CDD7DC78",
            "label": "Close Issue",
            "labelPoint": {
                "positiveController": null,
                "x": 1677.65,
                "y": 365.0
            },
            "lineType": "straight",
            "startNodeId": "A8B1A431-AC3A-6DCD-BFF0-4D19CDBCAADB",
            "startPoint": {
                "positiveController": null,
                "x": 1764.5,
                "y": 430.0
            },
            "startStepId": 5
        },
        "E1F8462A-8B0A-87EA-4F70-4D19CE423C83": {
            "actionId": 2,
            "allPoints": [
                {
                    "positiveController": null,
                    "x": 1488.0,
                    "y": 430.0
                },
                {
                    "positiveController": null,
                    "x": 1614.0,
                    "y": 226.0
                }
            ],
            "controlPoints": [],
            "endNodeId": "1C846CFB-4F0D-2F40-D0AE-4D19CDAF5D34",
            "endPoint": {
                "positiveController": null,
                "x": 1614.0,
                "y": 226.0
            },
            "endStepId": 6,
            "id": "E1F8462A-8B0A-87EA-4F70-4D19CE423C83",
            "label": "Close Issue",
            "labelPoint": {
                "positiveController": null,
                "x": 1492.0,
                "y": 345.0
            },
            "lineType": "straight",
            "startNodeId": "0740FFFA-2AA1-C90A-38ED-4D19CD61899B",
            "startPoint": {
                "positiveController": null,
                "x": 1488.0,
                "y": 430.0
            },
            "startStepId": 3
        },
        "E27D8EB8-8E49-430B-8FCB-4D19CE127171": {
            "actionId": 3,
            "allPoints": [
                {
                    "positiveController": null,
                    "x": 1840.0,
                    "y": 130.0
                },
                {
                    "positiveController": null,
                    "x": 1846.5,
                    "y": 428.0
                }
            ],
            "controlPoints": [],
            "endNodeId": "A8B1A431-AC3A-6DCD-BFF0-4D19CDBCAADB",
            "endPoint": {
                "positiveController": null,
                "x": 1846.5,
                "y": 428.0
            },
            "endStepId": 5,
            "id": "E27D8EB8-8E49-430B-8FCB-4D19CE127171",
            "label": "Reopen Issue",
            "labelPoint": {
                "positiveController": null,
                "x": 1814.05,
                "y": 169.5
            },
            "lineType": "straight",
            "startNodeId": "6DA64EEB-08FE-2870-C90C-4D19CDA2F72D",
            "startPoint": {
                "positiveController": null,
                "x": 1840.0,
                "y": 130.0
            },
            "startStepId": 4
        },
        "F79E742D-A9E4-0124-D7D4-4D19CDE48C9C": {
            "actionId": 4,
            "allPoints": [
                {
                    "positiveController": null,
                    "x": 1806.5,
                    "y": 434.0
                },
                {
                    "positiveController": null,
                    "x": 1434.0,
                    "y": 435.0
                }
            ],
            "controlPoints": [],
            "endNodeId": "0740FFFA-2AA1-C90A-38ED-4D19CD61899B",
            "endPoint": {
                "positiveController": null,
                "x": 1434.0,
                "y": 435.0
            },
            "endStepId": 3,
            "id": "F79E742D-A9E4-0124-D7D4-4D19CDE48C9C",
            "label": "Start Progress",
            "labelPoint": {
                "positiveController": null,
                "x": 1607.25,
                "y": 423.5
            },
            "lineType": "straight",
            "startNodeId": "A8B1A431-AC3A-6DCD-BFF0-4D19CDBCAADB",
            "startPoint": {
                "positiveController": null,
                "x": 1806.5,
                "y": 434.0
            },
            "startStepId": 5
        },
        "FD6BA267-475B-70B3-8AA4-4D19CE00BCD1": {
            "actionId": 701,
            "allPoints": [
                {
                    "positiveController": null,
                    "x": 1763.0,
                    "y": 113.0
                },
                {
                    "positiveController": null,
                    "x": 1614.0,
                    "y": 226.0
                }
            ],
            "controlPoints": [],
            "endNodeId": "1C846CFB-4F0D-2F40-D0AE-4D19CDAF5D34",
            "endPoint": {
                "positiveController": null,
                "x": 1614.0,
                "y": 226.0
            },
            "endStepId": 6,
            "id": "FD6BA267-475B-70B3-8AA4-4D19CE00BCD1",
            "label": "Close Issue",
            "labelPoint": {
                "positiveController": null,
                "x": 1635.75,
                "y": 152.25
            },
            "lineType": "straight",
            "startNodeId": "6DA64EEB-08FE-2870-C90C-4D19CDA2F72D",
            "startPoint": {
                "positiveController": null,
                "x": 1763.0,
                "y": 113.0
            },
            "startStepId": 4
        }
    },
    "nodeMap": {
        "0740FFFA-2AA1-C90A-38ED-4D19CD61899B": {
            "id": "0740FFFA-2AA1-C90A-38ED-4D19CD61899B",
            "inLinkIds": [
                "F79E742D-A9E4-0124-D7D4-4D19CDE48C9C",
                "92D3DEFD-13AC-06A7-E5D8-4D19CE537791"
            ],
            "isInitialAction": false,
            "label": "In Progress",
            "outLinkIds": [
                "C9EA1792-2332-8B56-A04D-4D19CD725367",
                "517D7F32-20FB-309E-8639-4D19CE2ACB54",
                "E1F8462A-8B0A-87EA-4F70-4D19CE423C83"
            ],
            "rect": {
                "height": 45.0,
                "positiveController": null,
                "width": 146.0,
                "x": 1373.0,
                "y": 419.0
            },
            "stepId": 3
        },
        "15174530-AE75-04E0-1D9D-4D19CD200835": {
            "id": "15174530-AE75-04E0-1D9D-4D19CD200835",
            "inLinkIds": [],
            "isInitialAction": true,
            "label": "Create Issue",
            "outLinkIds": [
                "58BD4605-5FB9-84EA-6952-4D19CE7B454B"
            ],
            "rect": {
                "height": 45.0,
                "positiveController": null,
                "width": 157.0,
                "x": 1405.0,
                "y": 0.0
            },
            "stepId": 1
        },
        "1C846CFB-4F0D-2F40-D0AE-4D19CDAF5D34": {
            "id": "1C846CFB-4F0D-2F40-D0AE-4D19CDAF5D34",
            "inLinkIds": [
                "CAF37138-6321-E03A-8E41-4D19CDD7DC78",
                "E1F8462A-8B0A-87EA-4F70-4D19CE423C83",
                "FD6BA267-475B-70B3-8AA4-4D19CE00BCD1",
                "3DF7CEC8-9FBC-C0D0-AFB1-4D19CE6EA230"
            ],
            "isInitialAction": false,
            "label": "Closed",
            "outLinkIds": [
                "C049EE11-C5BB-F93B-36C3-4D19CDF12B8F"
            ],
            "rect": {
                "height": 45.0,
                "positiveController": null,
                "width": 120.0,
                "x": 1569.0,
                "y": 210.0
            },
            "stepId": 6
        },
        "6DA64EEB-08FE-2870-C90C-4D19CDA2F72D": {
            "id": "6DA64EEB-08FE-2870-C90C-4D19CDA2F72D",
            "inLinkIds": [
                "517D7F32-20FB-309E-8639-4D19CE2ACB54",
                "1DEDB66F-FE5C-EDFD-54D0-4D19CDC8CECA",
                "483797F1-1BF4-5E0F-86C6-4D19CE6023A2"
            ],
            "isInitialAction": false,
            "label": "Resolved",
            "outLinkIds": [
                "FD6BA267-475B-70B3-8AA4-4D19CE00BCD1",
                "E27D8EB8-8E49-430B-8FCB-4D19CE127171"
            ],
            "rect": {
                "height": 44.0,
                "positiveController": null,
                "width": 137.0,
                "x": 1709.0,
                "y": 97.0
            },
            "stepId": 4
        },
        "778534F4-7595-88B6-45E1-4D19CD518712": {
            "id": "778534F4-7595-88B6-45E1-4D19CD518712",
            "inLinkIds": [
                "C9EA1792-2332-8B56-A04D-4D19CD725367",
                "58BD4605-5FB9-84EA-6952-4D19CE7B454B"
            ],
            "isInitialAction": false,
            "label": "Open",
            "outLinkIds": [
                "92D3DEFD-13AC-06A7-E5D8-4D19CE537791",
                "483797F1-1BF4-5E0F-86C6-4D19CE6023A2",
                "3DF7CEC8-9FBC-C0D0-AFB1-4D19CE6EA230"
            ],
            "rect": {
                "height": 45.0,
                "positiveController": null,
                "width": 106.0,
                "x": 1429.5,
                "y": 97.0
            },
            "stepId": 1
        },
        "A8B1A431-AC3A-6DCD-BFF0-4D19CDBCAADB": {
            "id": "A8B1A431-AC3A-6DCD-BFF0-4D19CDBCAADB",
            "inLinkIds": [
                "E27D8EB8-8E49-430B-8FCB-4D19CE127171",
                "C049EE11-C5BB-F93B-36C3-4D19CDF12B8F"
            ],
            "isInitialAction": false,
            "label": "Reopened",
            "outLinkIds": [
                "1DEDB66F-FE5C-EDFD-54D0-4D19CDC8CECA",
                "CAF37138-6321-E03A-8E41-4D19CDD7DC78",
                "F79E742D-A9E4-0124-D7D4-4D19CDE48C9C"
            ],
            "rect": {
                "height": 45.0,
                "positiveController": null,
                "width": 142.0,
                "x": 1749.5,
                "y": 418.0
            },
            "stepId": 5
        }
    },
    "rootIds": [
        "15174530-AE75-04E0-1D9D-4D19CD200835"
    ],
    "width": 1136
}
');
INSERT INTO propertytext (id, propertyvalue) VALUES (10713, '[]');
INSERT INTO propertytext (id, propertyvalue) VALUES (11116, '{"AO_38321B_CUSTOM_CONTENT_LINK":{"key":"com.atlassian.plugins.atlassian-nav-links-plugin","name":"Atlassian Navigation Links Plugin","version":"3.2.2.1","vendorName":"Atlassian","vendorUrl":"http://www.atlassian.com/"},"AO_E8B6CC_ISSUE_TO_CHANGESET":{"key":"com.atlassian.jira.plugins.jira-bitbucket-connector-plugin","name":"JIRA DVCS Connector Plugin","version":"1.4.0.1","vendorName":"Atlassian","vendorUrl":"http://www.atlassian.com/"},"AO_B9A0F0_APPLIED_TEMPLATE":{"key":"com.atlassian.jira.project-templates-plugin","name":"Project Templates Plugin","version":"2.25","vendorName":"Atlassian","vendorUrl":"http://www.atlassian.com/"},"AO_563AEE_ACTIVITY_ENTITY":{"key":"com.atlassian.streams.streams-thirdparty-plugin","name":"Streams Third Party Provider Plugin","version":"5.3.0-m7","vendorName":"Atlassian","vendorUrl":"http://www.atlassian.com/"},"AO_563AEE_TARGET_ENTITY":{"key":"com.atlassian.streams.streams-thirdparty-plugin","name":"Streams Third Party Provider Plugin","version":"5.3.0-m7","vendorName":"Atlassian","vendorUrl":"http://www.atlassian.com/"},"AO_E8B6CC_REPO_TO_CHANGESET":{"key":"com.atlassian.jira.plugins.jira-bitbucket-connector-plugin","name":"JIRA DVCS Connector Plugin","version":"1.4.0.1","vendorName":"Atlassian","vendorUrl":"http://www.atlassian.com/"},"AO_563AEE_MEDIA_LINK_ENTITY":{"key":"com.atlassian.streams.streams-thirdparty-plugin","name":"Streams Third Party Provider Plugin","version":"5.3.0-m7","vendorName":"Atlassian","vendorUrl":"http://www.atlassian.com/"},"AO_4AEACD_WEBHOOK_DAO":{"key":"com.atlassian.jira.plugins.webhooks.jira-webhooks-plugin","name":"JIRA WebHooks Plugin","version":"1.0.13","vendorName":"Atlassian","vendorUrl":"http://www.atlassian.com/"},"AO_DEB285_BLOG_AO":{"key":"com.atlassian.jira.dev.func-test-plugin","name":"Atlassian JIRA - Plugins - DevMode - Func Test Plugin","version":"6.0.8","vendorName":"Atlassian","vendorUrl":"http://www.atlassian.com/"},"AO_E8B6CC_ORGANIZATION_MAPPING":{"key":"com.atlassian.jira.plugins.jira-bitbucket-connector-plugin","name":"JIRA DVCS Connector Plugin","version":"1.4.0.1","vendorName":"Atlassian","vendorUrl":"http://www.atlassian.com/"},"AO_563AEE_ACTOR_ENTITY":{"key":"com.atlassian.streams.streams-thirdparty-plugin","name":"Streams Third Party Provider Plugin","version":"5.3.0-m7","vendorName":"Atlassian","vendorUrl":"http://www.atlassian.com/"},"AO_563AEE_OBJECT_ENTITY":{"key":"com.atlassian.streams.streams-thirdparty-plugin","name":"Streams Third Party Provider Plugin","version":"5.3.0-m7","vendorName":"Atlassian","vendorUrl":"http://www.atlassian.com/"},"AO_97EDAB_USERINVITATION":{"key":"com.atlassian.jira.jira-invite-user-plugin","name":"Atlassian JIRA - Plugins - Invite User","version":"1.10","vendorName":"Atlassian","vendorUrl":"http://www.atlassian.com/"},"AO_E8B6CC_REPOSITORY_MAPPING":{"key":"com.atlassian.jira.plugins.jira-bitbucket-connector-plugin","name":"JIRA DVCS Connector Plugin","version":"1.4.0.1","vendorName":"Atlassian","vendorUrl":"http://www.atlassian.com/"},"AO_E8B6CC_CHANGESET_MAPPING":{"key":"com.atlassian.jira.plugins.jira-bitbucket-connector-plugin","name":"JIRA DVCS Connector Plugin","version":"1.4.0.1","vendorName":"Atlassian","vendorUrl":"http://www.atlassian.com/"},"AO_563AEE_ACTIVITY_OBJ_ENTITY":{"key":"com.atlassian.streams.streams-thirdparty-plugin","name":"Streams Third Party Provider Plugin","version":"5.3.0-m7","vendorName":"Atlassian","vendorUrl":"http://www.atlassian.com/"},"AO_DEB285_COMMENT_AO":{"key":"com.atlassian.jira.dev.func-test-plugin","name":"Atlassian JIRA - Plugins - DevMode - Func Test Plugin","version":"6.0.8","vendorName":"Atlassian","vendorUrl":"http://www.atlassian.com/"}}');
INSERT INTO propertytext (id, propertyvalue) VALUES (11159, 'AAABFg0ODAoPeNptkMluwjAQhu9+Cks9BzlBNBKSpaYhBxCEikJPvQxmUkZyHOSFlrdvFiJVFQcf7Bl///K0Pwe+CpqLGU/EfDadx1OeL/btJU7YAp2ydPHUGPnamIos8qqxfLXcZfxgNNXk8cQPDq37nPO8qWu0ikDzNSk0DlkZ6iPabdWvyChmuUXoeAvwKDuRSKSRmLG8MR6UL6FGiadvMi/gNThHYCaqqcd5sQHSDxeKK+jQo2UFupXWg4WPVrh7TFj71Xg0YBQWPxeyt8FDLMTdw9Z+gSE3QLKRzt6LUrYnWsdpItJnwe7h/kDC2MU4298u2GfJt5tNscuX2ZodhwYnbQy6ovQ2IHsLVp3B4f86fgF+9Io1MCwCFH5ObDJhdIlz/i1FRQDWO811mqEJAhQMEH1o8+idX0DS9vz9a6Rvmt9k3w==X02e6');
INSERT INTO propertytext (id, propertyvalue) VALUES (11216, '{
    "edgeMap": {
        "1DEDB66F-FE5C-EDFD-54D0-4D19CDC8CECA": {
            "actionId": 5,
            "allPoints": [
                {
                    "positiveController": null,
                    "x": 1806.5,
                    "y": 434.0
                },
                {
                    "positiveController": null,
                    "x": 1801.0,
                    "y": 115.0
                }
            ],
            "controlPoints": [],
            "endNodeId": "6DA64EEB-08FE-2870-C90C-4D19CDA2F72D",
            "endPoint": {
                "positiveController": null,
                "x": 1801.0,
                "y": 115.0
            },
            "endStepId": 4,
            "id": "1DEDB66F-FE5C-EDFD-54D0-4D19CDC8CECA",
            "label": "Resolve Issue",
            "labelPoint": {
                "positiveController": null,
                "x": 1776.85,
                "y": 355.25
            },
            "lineType": "straight",
            "startNodeId": "A8B1A431-AC3A-6DCD-BFF0-4D19CDBCAADB",
            "startPoint": {
                "positiveController": null,
                "x": 1806.5,
                "y": 434.0
            },
            "startStepId": 5
        },
        "3DF7CEC8-9FBC-C0D0-AFB1-4D19CE6EA230": {
            "actionId": 2,
            "allPoints": [
                {
                    "positiveController": null,
                    "x": 1469.5,
                    "y": 113.0
                },
                {
                    "positiveController": null,
                    "x": 1614.0,
                    "y": 226.0
                }
            ],
            "controlPoints": [],
            "endNodeId": "1C846CFB-4F0D-2F40-D0AE-4D19CDAF5D34",
            "endPoint": {
                "positiveController": null,
                "x": 1614.0,
                "y": 226.0
            },
            "endStepId": 6,
            "id": "3DF7CEC8-9FBC-C0D0-AFB1-4D19CE6EA230",
            "label": "Close Issue",
            "labelPoint": {
                "positiveController": null,
                "x": 1492.25,
                "y": 154.25
            },
            "lineType": "straight",
            "startNodeId": "778534F4-7595-88B6-45E1-4D19CD518712",
            "startPoint": {
                "positiveController": null,
                "x": 1469.5,
                "y": 113.0
            },
            "startStepId": 1
        },
        "483797F1-1BF4-5E0F-86C6-4D19CE6023A2": {
            "actionId": 5,
            "allPoints": [
                {
                    "positiveController": null,
                    "x": 1469.5,
                    "y": 113.0
                },
                {
                    "positiveController": null,
                    "x": 1763.0,
                    "y": 113.0
                }
            ],
            "controlPoints": [],
            "endNodeId": "6DA64EEB-08FE-2870-C90C-4D19CDA2F72D",
            "endPoint": {
                "positiveController": null,
                "x": 1763.0,
                "y": 113.0
            },
            "endStepId": 4,
            "id": "483797F1-1BF4-5E0F-86C6-4D19CE6023A2",
            "label": "Resolve Issue",
            "labelPoint": {
                "positiveController": null,
                "x": 1551.0,
                "y": 104.0
            },
            "lineType": "straight",
            "startNodeId": "778534F4-7595-88B6-45E1-4D19CD518712",
            "startPoint": {
                "positiveController": null,
                "x": 1469.5,
                "y": 113.0
            },
            "startStepId": 1
        },
        "517D7F32-20FB-309E-8639-4D19CE2ACB54": {
            "actionId": 5,
            "allPoints": [
                {
                    "positiveController": null,
                    "x": 1434.0,
                    "y": 435.0
                },
                {
                    "positiveController": {
                        "positiveController": null,
                        "x": 0.0,
                        "y": 0.0
                    },
                    "x": 1435.0,
                    "y": 490.0
                },
                {
                    "positiveController": {
                        "positiveController": null,
                        "x": 0.0,
                        "y": 0.0
                    },
                    "x": 1947.0,
                    "y": 494.0
                },
                {
                    "positiveController": {
                        "positiveController": null,
                        "x": 0.0,
                        "y": 0.0
                    },
                    "x": 1950.0,
                    "y": 118.0
                },
                {
                    "positiveController": null,
                    "x": 1763.0,
                    "y": 113.0
                }
            ],
            "controlPoints": [
                {
                    "positiveController": {
                        "positiveController": null,
                        "x": 0.0,
                        "y": 0.0
                    },
                    "x": 1435.0,
                    "y": 490.0
                },
                {
                    "positiveController": {
                        "positiveController": null,
                        "x": 0.0,
                        "y": 0.0
                    },
                    "x": 1947.0,
                    "y": 494.0
                },
                {
                    "positiveController": {
                        "positiveController": null,
                        "x": 0.0,
                        "y": 0.0
                    },
                    "x": 1950.0,
                    "y": 118.0
                }
            ],
            "endNodeId": "6DA64EEB-08FE-2870-C90C-4D19CDA2F72D",
            "endPoint": {
                "positiveController": null,
                "x": 1763.0,
                "y": 113.0
            },
            "endStepId": 4,
            "id": "517D7F32-20FB-309E-8639-4D19CE2ACB54",
            "label": "Resolve Issue",
            "labelPoint": {
                "positiveController": null,
                "x": 1631.25,
                "y": 479.5
            },
            "lineType": "poly",
            "startNodeId": "0740FFFA-2AA1-C90A-38ED-4D19CD61899B",
            "startPoint": {
                "positiveController": null,
                "x": 1434.0,
                "y": 435.0
            },
            "startStepId": 3
        },
        "58BD4605-5FB9-84EA-6952-4D19CE7B454B": {
            "actionId": 1,
            "allPoints": [
                {
                    "positiveController": null,
                    "x": 1470.0,
                    "y": 16.0
                },
                {
                    "positiveController": null,
                    "x": 1469.5,
                    "y": 113.0
                }
            ],
            "controlPoints": [],
            "endNodeId": "778534F4-7595-88B6-45E1-4D19CD518712",
            "endPoint": {
                "positiveController": null,
                "x": 1469.5,
                "y": 113.0
            },
            "endStepId": 1,
            "id": "58BD4605-5FB9-84EA-6952-4D19CE7B454B",
            "label": "Create Issue",
            "labelPoint": {
                "positiveController": null,
                "x": 1475.5,
                "y": 48.5
            },
            "lineType": "straight",
            "startNodeId": "15174530-AE75-04E0-1D9D-4D19CD200835",
            "startPoint": {
                "positiveController": null,
                "x": 1470.0,
                "y": 16.0
            },
            "startStepId": 1
        },
        "92D3DEFD-13AC-06A7-E5D8-4D19CE537791": {
            "actionId": 4,
            "allPoints": [
                {
                    "positiveController": null,
                    "x": 1439.5,
                    "y": 116.0
                },
                {
                    "positiveController": {
                        "positiveController": null,
                        "x": 0.0,
                        "y": 0.0
                    },
                    "x": 1393.0,
                    "y": 116.0
                },
                {
                    "positiveController": null,
                    "x": 1390.0,
                    "y": 434.0
                }
            ],
            "controlPoints": [
                {
                    "positiveController": {
                        "positiveController": null,
                        "x": 0.0,
                        "y": 0.0
                    },
                    "x": 1393.0,
                    "y": 116.0
                }
            ],
            "endNodeId": "0740FFFA-2AA1-C90A-38ED-4D19CD61899B",
            "endPoint": {
                "positiveController": null,
                "x": 1390.0,
                "y": 434.0
            },
            "endStepId": 3,
            "id": "92D3DEFD-13AC-06A7-E5D8-4D19CE537791",
            "label": "Start Progress",
            "labelPoint": {
                "positiveController": null,
                "x": 1323.65,
                "y": 193.75
            },
            "lineType": "poly",
            "startNodeId": "778534F4-7595-88B6-45E1-4D19CD518712",
            "startPoint": {
                "positiveController": null,
                "x": 1439.5,
                "y": 116.0
            },
            "startStepId": 1
        },
        "C049EE11-C5BB-F93B-36C3-4D19CDF12B8F": {
            "actionId": 3,
            "allPoints": [
                {
                    "positiveController": null,
                    "x": 1677.0,
                    "y": 227.0
                },
                {
                    "positiveController": {
                        "positiveController": null,
                        "x": 0.0,
                        "y": 0.0
                    },
                    "x": 1767.05,
                    "y": 230.05
                },
                {
                    "positiveController": null,
                    "x": 1773.5,
                    "y": 425.0
                }
            ],
            "controlPoints": [
                {
                    "positiveController": {
                        "positiveController": null,
                        "x": 0.0,
                        "y": 0.0
                    },
                    "x": 1767.05,
                    "y": 230.05
                }
            ],
            "endNodeId": "A8B1A431-AC3A-6DCD-BFF0-4D19CDBCAADB",
            "endPoint": {
                "positiveController": null,
                "x": 1773.5,
                "y": 425.0
            },
            "endStepId": 5,
            "id": "C049EE11-C5BB-F93B-36C3-4D19CDF12B8F",
            "label": "Reopen Issue",
            "labelPoint": {
                "positiveController": null,
                "x": 1703.85,
                "y": 218.5
            },
            "lineType": "poly",
            "startNodeId": "1C846CFB-4F0D-2F40-D0AE-4D19CDAF5D34",
            "startPoint": {
                "positiveController": null,
                "x": 1677.0,
                "y": 227.0
            },
            "startStepId": 6
        },
        "C9EA1792-2332-8B56-A04D-4D19CD725367": {
            "actionId": 301,
            "allPoints": [
                {
                    "positiveController": null,
                    "x": 1465.0,
                    "y": 436.0
                },
                {
                    "positiveController": null,
                    "x": 1469.5,
                    "y": 113.0
                }
            ],
            "controlPoints": [],
            "endNodeId": "778534F4-7595-88B6-45E1-4D19CD518712",
            "endPoint": {
                "positiveController": null,
                "x": 1469.5,
                "y": 113.0
            },
            "endStepId": 1,
            "id": "C9EA1792-2332-8B56-A04D-4D19CD725367",
            "label": "Stop Progress",
            "labelPoint": {
                "positiveController": null,
                "x": 1407.8,
                "y": 308.5
            },
            "lineType": "straight",
            "startNodeId": "0740FFFA-2AA1-C90A-38ED-4D19CD61899B",
            "startPoint": {
                "positiveController": null,
                "x": 1465.0,
                "y": 436.0
            },
            "startStepId": 3
        },
        "CAF37138-6321-E03A-8E41-4D19CDD7DC78": {
            "actionId": 2,
            "allPoints": [
                {
                    "positiveController": null,
                    "x": 1764.5,
                    "y": 430.0
                },
                {
                    "positiveController": null,
                    "x": 1614.0,
                    "y": 226.0
                }
            ],
            "controlPoints": [],
            "endNodeId": "1C846CFB-4F0D-2F40-D0AE-4D19CDAF5D34",
            "endPoint": {
                "positiveController": null,
                "x": 1614.0,
                "y": 226.0
            },
            "endStepId": 6,
            "id": "CAF37138-6321-E03A-8E41-4D19CDD7DC78",
            "label": "Close Issue",
            "labelPoint": {
                "positiveController": null,
                "x": 1677.65,
                "y": 365.0
            },
            "lineType": "straight",
            "startNodeId": "A8B1A431-AC3A-6DCD-BFF0-4D19CDBCAADB",
            "startPoint": {
                "positiveController": null,
                "x": 1764.5,
                "y": 430.0
            },
            "startStepId": 5
        },
        "E1F8462A-8B0A-87EA-4F70-4D19CE423C83": {
            "actionId": 2,
            "allPoints": [
                {
                    "positiveController": null,
                    "x": 1488.0,
                    "y": 430.0
                },
                {
                    "positiveController": null,
                    "x": 1614.0,
                    "y": 226.0
                }
            ],
            "controlPoints": [],
            "endNodeId": "1C846CFB-4F0D-2F40-D0AE-4D19CDAF5D34",
            "endPoint": {
                "positiveController": null,
                "x": 1614.0,
                "y": 226.0
            },
            "endStepId": 6,
            "id": "E1F8462A-8B0A-87EA-4F70-4D19CE423C83",
            "label": "Close Issue",
            "labelPoint": {
                "positiveController": null,
                "x": 1492.0,
                "y": 345.0
            },
            "lineType": "straight",
            "startNodeId": "0740FFFA-2AA1-C90A-38ED-4D19CD61899B",
            "startPoint": {
                "positiveController": null,
                "x": 1488.0,
                "y": 430.0
            },
            "startStepId": 3
        },
        "E27D8EB8-8E49-430B-8FCB-4D19CE127171": {
            "actionId": 3,
            "allPoints": [
                {
                    "positiveController": null,
                    "x": 1840.0,
                    "y": 130.0
                },
                {
                    "positiveController": null,
                    "x": 1846.5,
                    "y": 428.0
                }
            ],
            "controlPoints": [],
            "endNodeId": "A8B1A431-AC3A-6DCD-BFF0-4D19CDBCAADB",
            "endPoint": {
                "positiveController": null,
                "x": 1846.5,
                "y": 428.0
            },
            "endStepId": 5,
            "id": "E27D8EB8-8E49-430B-8FCB-4D19CE127171",
            "label": "Reopen Issue",
            "labelPoint": {
                "positiveController": null,
                "x": 1814.05,
                "y": 169.5
            },
            "lineType": "straight",
            "startNodeId": "6DA64EEB-08FE-2870-C90C-4D19CDA2F72D",
            "startPoint": {
                "positiveController": null,
                "x": 1840.0,
                "y": 130.0
            },
            "startStepId": 4
        },
        "F79E742D-A9E4-0124-D7D4-4D19CDE48C9C": {
            "actionId": 4,
            "allPoints": [
                {
                    "positiveController": null,
                    "x": 1806.5,
                    "y": 434.0
                },
                {
                    "positiveController": null,
                    "x": 1434.0,
                    "y": 435.0
                }
            ],
            "controlPoints": [],
            "endNodeId": "0740FFFA-2AA1-C90A-38ED-4D19CD61899B",
            "endPoint": {
                "positiveController": null,
                "x": 1434.0,
                "y": 435.0
            },
            "endStepId": 3,
            "id": "F79E742D-A9E4-0124-D7D4-4D19CDE48C9C",
            "label": "Start Progress",
            "labelPoint": {
                "positiveController": null,
                "x": 1607.25,
                "y": 423.5
            },
            "lineType": "straight",
            "startNodeId": "A8B1A431-AC3A-6DCD-BFF0-4D19CDBCAADB",
            "startPoint": {
                "positiveController": null,
                "x": 1806.5,
                "y": 434.0
            },
            "startStepId": 5
        },
        "FD6BA267-475B-70B3-8AA4-4D19CE00BCD1": {
            "actionId": 701,
            "allPoints": [
                {
                    "positiveController": null,
                    "x": 1763.0,
                    "y": 113.0
                },
                {
                    "positiveController": null,
                    "x": 1614.0,
                    "y": 226.0
                }
            ],
            "controlPoints": [],
            "endNodeId": "1C846CFB-4F0D-2F40-D0AE-4D19CDAF5D34",
            "endPoint": {
                "positiveController": null,
                "x": 1614.0,
                "y": 226.0
            },
            "endStepId": 6,
            "id": "FD6BA267-475B-70B3-8AA4-4D19CE00BCD1",
            "label": "Close Issue",
            "labelPoint": {
                "positiveController": null,
                "x": 1635.75,
                "y": 152.25
            },
            "lineType": "straight",
            "startNodeId": "6DA64EEB-08FE-2870-C90C-4D19CDA2F72D",
            "startPoint": {
                "positiveController": null,
                "x": 1763.0,
                "y": 113.0
            },
            "startStepId": 4
        }
    },
    "nodeMap": {
        "0740FFFA-2AA1-C90A-38ED-4D19CD61899B": {
            "id": "0740FFFA-2AA1-C90A-38ED-4D19CD61899B",
            "inLinkIds": [
                "F79E742D-A9E4-0124-D7D4-4D19CDE48C9C",
                "92D3DEFD-13AC-06A7-E5D8-4D19CE537791"
            ],
            "isInitialAction": false,
            "label": "In Progress",
            "outLinkIds": [
                "C9EA1792-2332-8B56-A04D-4D19CD725367",
                "517D7F32-20FB-309E-8639-4D19CE2ACB54",
                "E1F8462A-8B0A-87EA-4F70-4D19CE423C83"
            ],
            "rect": {
                "height": 45.0,
                "positiveController": null,
                "width": 146.0,
                "x": 1373.0,
                "y": 419.0
            },
            "stepId": 3
        },
        "15174530-AE75-04E0-1D9D-4D19CD200835": {
            "id": "15174530-AE75-04E0-1D9D-4D19CD200835",
            "inLinkIds": [],
            "isInitialAction": true,
            "label": "Create Issue",
            "outLinkIds": [
                "58BD4605-5FB9-84EA-6952-4D19CE7B454B"
            ],
            "rect": {
                "height": 45.0,
                "positiveController": null,
                "width": 157.0,
                "x": 1405.0,
                "y": 0.0
            },
            "stepId": 1
        },
        "1C846CFB-4F0D-2F40-D0AE-4D19CDAF5D34": {
            "id": "1C846CFB-4F0D-2F40-D0AE-4D19CDAF5D34",
            "inLinkIds": [
                "CAF37138-6321-E03A-8E41-4D19CDD7DC78",
                "E1F8462A-8B0A-87EA-4F70-4D19CE423C83",
                "FD6BA267-475B-70B3-8AA4-4D19CE00BCD1",
                "3DF7CEC8-9FBC-C0D0-AFB1-4D19CE6EA230"
            ],
            "isInitialAction": false,
            "label": "Closed",
            "outLinkIds": [
                "C049EE11-C5BB-F93B-36C3-4D19CDF12B8F"
            ],
            "rect": {
                "height": 45.0,
                "positiveController": null,
                "width": 120.0,
                "x": 1569.0,
                "y": 210.0
            },
            "stepId": 6
        },
        "6DA64EEB-08FE-2870-C90C-4D19CDA2F72D": {
            "id": "6DA64EEB-08FE-2870-C90C-4D19CDA2F72D",
            "inLinkIds": [
                "517D7F32-20FB-309E-8639-4D19CE2ACB54",
                "1DEDB66F-FE5C-EDFD-54D0-4D19CDC8CECA",
                "483797F1-1BF4-5E0F-86C6-4D19CE6023A2"
            ],
            "isInitialAction": false,
            "label": "Resolved",
            "outLinkIds": [
                "FD6BA267-475B-70B3-8AA4-4D19CE00BCD1",
                "E27D8EB8-8E49-430B-8FCB-4D19CE127171"
            ],
            "rect": {
                "height": 44.0,
                "positiveController": null,
                "width": 137.0,
                "x": 1709.0,
                "y": 97.0
            },
            "stepId": 4
        },
        "778534F4-7595-88B6-45E1-4D19CD518712": {
            "id": "778534F4-7595-88B6-45E1-4D19CD518712",
            "inLinkIds": [
                "C9EA1792-2332-8B56-A04D-4D19CD725367",
                "58BD4605-5FB9-84EA-6952-4D19CE7B454B"
            ],
            "isInitialAction": false,
            "label": "Open",
            "outLinkIds": [
                "92D3DEFD-13AC-06A7-E5D8-4D19CE537791",
                "483797F1-1BF4-5E0F-86C6-4D19CE6023A2",
                "3DF7CEC8-9FBC-C0D0-AFB1-4D19CE6EA230"
            ],
            "rect": {
                "height": 45.0,
                "positiveController": null,
                "width": 106.0,
                "x": 1429.5,
                "y": 97.0
            },
            "stepId": 1
        },
        "A8B1A431-AC3A-6DCD-BFF0-4D19CDBCAADB": {
            "id": "A8B1A431-AC3A-6DCD-BFF0-4D19CDBCAADB",
            "inLinkIds": [
                "E27D8EB8-8E49-430B-8FCB-4D19CE127171",
                "C049EE11-C5BB-F93B-36C3-4D19CDF12B8F"
            ],
            "isInitialAction": false,
            "label": "Reopened",
            "outLinkIds": [
                "1DEDB66F-FE5C-EDFD-54D0-4D19CDC8CECA",
                "CAF37138-6321-E03A-8E41-4D19CDD7DC78",
                "F79E742D-A9E4-0124-D7D4-4D19CDE48C9C"
            ],
            "rect": {
                "height": 45.0,
                "positiveController": null,
                "width": 142.0,
                "x": 1749.5,
                "y": 418.0
            },
            "stepId": 5
        }
    },
    "rootIds": [
        "15174530-AE75-04E0-1D9D-4D19CD200835"
    ],
    "width": 1136
}
');
INSERT INTO propertytext (id, propertyvalue) VALUES (11428, 'database.setup=FULLFILLED;admin.account.setup=FULLFILLED;app.properties.setup=FULLFILLED;create.user.mail.properties.setup=AWAITS;mail.properties.setup=AWAITS');
INSERT INTO propertytext (id, propertyvalue) VALUES (11427, '{}');
INSERT INTO propertytext (id, propertyvalue) VALUES (11630, '{"com.atlassian.jira.reindex.required":1494840471607}');


--
-- Data for Name: qrtz_calendars; Type: TABLE DATA; Schema: public; Owner: jira
--



--
-- Data for Name: qrtz_cron_triggers; Type: TABLE DATA; Schema: public; Owner: jira
--



--
-- Name: qrtz_cron_triggers_id_seq; Type: SEQUENCE SET; Schema: public; Owner: jira
--

SELECT pg_catalog.setval('qrtz_cron_triggers_id_seq', 10000, false);


--
-- Data for Name: qrtz_fired_triggers; Type: TABLE DATA; Schema: public; Owner: jira
--



--
-- Data for Name: qrtz_job_details; Type: TABLE DATA; Schema: public; Owner: jira
--



--
-- Name: qrtz_job_details_id_seq; Type: SEQUENCE SET; Schema: public; Owner: jira
--

SELECT pg_catalog.setval('qrtz_job_details_id_seq', 10000, false);


--
-- Data for Name: qrtz_job_listeners; Type: TABLE DATA; Schema: public; Owner: jira
--



--
-- Name: qrtz_job_listeners_id_seq; Type: SEQUENCE SET; Schema: public; Owner: jira
--

SELECT pg_catalog.setval('qrtz_job_listeners_id_seq', 10000, false);


--
-- Data for Name: qrtz_simple_triggers; Type: TABLE DATA; Schema: public; Owner: jira
--



--
-- Name: qrtz_simple_triggers_id_seq; Type: SEQUENCE SET; Schema: public; Owner: jira
--

SELECT pg_catalog.setval('qrtz_simple_triggers_id_seq', 10000, false);


--
-- Data for Name: qrtz_trigger_listeners; Type: TABLE DATA; Schema: public; Owner: jira
--



--
-- Name: qrtz_trigger_listeners_id_seq; Type: SEQUENCE SET; Schema: public; Owner: jira
--

SELECT pg_catalog.setval('qrtz_trigger_listeners_id_seq', 10000, false);


--
-- Data for Name: qrtz_triggers; Type: TABLE DATA; Schema: public; Owner: jira
--



--
-- Name: qrtz_triggers_id_seq; Type: SEQUENCE SET; Schema: public; Owner: jira
--

SELECT pg_catalog.setval('qrtz_triggers_id_seq', 10000, false);


--
-- Data for Name: reindex_component; Type: TABLE DATA; Schema: public; Owner: jira
--

INSERT INTO reindex_component (id, request_id, affected_index, entity_type) VALUES (10105, 10104, 'ISSUE', 'NONE');
INSERT INTO reindex_component (id, request_id, affected_index, entity_type) VALUES (10106, 10105, 'ISSUE', 'NONE');
INSERT INTO reindex_component (id, request_id, affected_index, entity_type) VALUES (10107, 10106, 'WORKLOG', 'NONE');
INSERT INTO reindex_component (id, request_id, affected_index, entity_type) VALUES (10000, 10000, 'ISSUE', 'NONE');
INSERT INTO reindex_component (id, request_id, affected_index, entity_type) VALUES (10001, 10000, 'COMMENT', 'NONE');
INSERT INTO reindex_component (id, request_id, affected_index, entity_type) VALUES (10002, 10001, 'ISSUE', 'NONE');
INSERT INTO reindex_component (id, request_id, affected_index, entity_type) VALUES (10003, 10001, 'COMMENT', 'NONE');
INSERT INTO reindex_component (id, request_id, affected_index, entity_type) VALUES (10004, 10002, 'ISSUE', 'NONE');
INSERT INTO reindex_component (id, request_id, affected_index, entity_type) VALUES (10005, 10002, 'COMMENT', 'NONE');
INSERT INTO reindex_component (id, request_id, affected_index, entity_type) VALUES (10006, 10003, 'ISSUE', 'NONE');
INSERT INTO reindex_component (id, request_id, affected_index, entity_type) VALUES (10100, 10100, 'ISSUE', 'NONE');
INSERT INTO reindex_component (id, request_id, affected_index, entity_type) VALUES (10101, 10101, 'ISSUE', 'NONE');
INSERT INTO reindex_component (id, request_id, affected_index, entity_type) VALUES (10102, 10101, 'COMMENT', 'NONE');
INSERT INTO reindex_component (id, request_id, affected_index, entity_type) VALUES (10103, 10102, 'WORKLOG', 'NONE');
INSERT INTO reindex_component (id, request_id, affected_index, entity_type) VALUES (10104, 10103, 'WORKLOG', 'NONE');


--
-- Name: reindex_component_id_seq; Type: SEQUENCE SET; Schema: public; Owner: jira
--

SELECT pg_catalog.setval('reindex_component_id_seq', 10200, false);


--
-- Data for Name: reindex_request; Type: TABLE DATA; Schema: public; Owner: jira
--



--
-- Name: reindex_request_id_seq; Type: SEQUENCE SET; Schema: public; Owner: jira
--

SELECT pg_catalog.setval('reindex_request_id_seq', 10000, false);


--
-- Data for Name: remembermetoken; Type: TABLE DATA; Schema: public; Owner: jira
--



--
-- Name: remembermetoken_id_seq; Type: SEQUENCE SET; Schema: public; Owner: jira
--

SELECT pg_catalog.setval('remembermetoken_id_seq', 10000, false);


--
-- Data for Name: remotelink; Type: TABLE DATA; Schema: public; Owner: jira
--



--
-- Name: remotelink_id_seq; Type: SEQUENCE SET; Schema: public; Owner: jira
--

SELECT pg_catalog.setval('remotelink_id_seq', 10000, false);


--
-- Data for Name: replicatedindexoperation; Type: TABLE DATA; Schema: public; Owner: jira
--



--
-- Name: replicatedindexoperation_id_seq; Type: SEQUENCE SET; Schema: public; Owner: jira
--

SELECT pg_catalog.setval('replicatedindexoperation_id_seq', 10000, false);


--
-- Data for Name: resolution; Type: TABLE DATA; Schema: public; Owner: jira
--

INSERT INTO resolution (id, sequence, pname, description, iconurl) VALUES ('1', 1, 'Fixed', 'A fix for this issue is checked into the tree and tested.', NULL);
INSERT INTO resolution (id, sequence, pname, description, iconurl) VALUES ('2', 2, 'Won''t Fix', 'The problem described is an issue which will never be fixed.', NULL);
INSERT INTO resolution (id, sequence, pname, description, iconurl) VALUES ('3', 3, 'Duplicate', 'The problem is a duplicate of an existing issue.', NULL);
INSERT INTO resolution (id, sequence, pname, description, iconurl) VALUES ('4', 4, 'Incomplete', 'The problem is not completely described.', NULL);
INSERT INTO resolution (id, sequence, pname, description, iconurl) VALUES ('5', 5, 'Cannot Reproduce', 'All attempts at reproducing this issue failed, or not enough information was available to reproduce the issue. Reading the code produces no clues as to why this behavior would occur. If more information appears later, please reopen the issue.', NULL);


--
-- Name: resolution_id_seq; Type: SEQUENCE SET; Schema: public; Owner: jira
--

SELECT pg_catalog.setval('resolution_id_seq', 10000, false);


--
-- Data for Name: rundetails; Type: TABLE DATA; Schema: public; Owner: jira
--

INSERT INTO rundetails (id, job_id, start_time, run_duration, run_outcome, info_message) VALUES (10000, 'com.atlassian.jira.scheduler.CleanRunDetailsJobRunner', '2017-05-15 09:27:51.542+00', 16, 'U', 'Job runner key ''com.atlassian.jira.scheduler.CleanRunDetailsJobRunner'' is not registered');
INSERT INTO rundetails (id, job_id, start_time, run_duration, run_outcome, info_message) VALUES (10003, 'com.atlassian.jira.task.progress.CompleteTasksCleanupJob', '2017-05-15 09:27:51.684+00', 5, 'S', '');
INSERT INTO rundetails (id, job_id, start_time, run_duration, run_outcome, info_message) VALUES (10004, 'com.atlassian.jira.user.UserHistoryDatabaseCompactor', '2017-05-15 09:27:51.686+00', 2, 'S', '');


--
-- Name: rundetails_id_seq; Type: SEQUENCE SET; Schema: public; Owner: jira
--

SELECT pg_catalog.setval('rundetails_id_seq', 10004, true);


--
-- Data for Name: savedfiltermigrationbackup; Type: TABLE DATA; Schema: public; Owner: jira
--



--
-- Name: savedfiltermigrationbackup_id_seq; Type: SEQUENCE SET; Schema: public; Owner: jira
--

SELECT pg_catalog.setval('savedfiltermigrationbackup_id_seq', 10000, false);


--
-- Data for Name: schemeissuesecurities; Type: TABLE DATA; Schema: public; Owner: jira
--



--
-- Name: schemeissuesecurities_id_seq; Type: SEQUENCE SET; Schema: public; Owner: jira
--

SELECT pg_catalog.setval('schemeissuesecurities_id_seq', 10000, false);


--
-- Data for Name: schemeissuesecuritylevels; Type: TABLE DATA; Schema: public; Owner: jira
--



--
-- Name: schemeissuesecuritylevels_id_seq; Type: SEQUENCE SET; Schema: public; Owner: jira
--

SELECT pg_catalog.setval('schemeissuesecuritylevels_id_seq', 10000, false);


--
-- Data for Name: schemepermissions; Type: TABLE DATA; Schema: public; Owner: jira
--

INSERT INTO schemepermissions (id, scheme, permission, perm_type, perm_parameter, permission_key) VALUES (10000, NULL, 0, 'group', 'jira-administrators', NULL);
INSERT INTO schemepermissions (id, scheme, permission, perm_type, perm_parameter, permission_key) VALUES (10001, NULL, 1, 'group', 'jira-users', NULL);
INSERT INTO schemepermissions (id, scheme, permission, perm_type, perm_parameter, permission_key) VALUES (10002, NULL, 27, 'group', 'jira-developers', NULL);
INSERT INTO schemepermissions (id, scheme, permission, perm_type, perm_parameter, permission_key) VALUES (10003, NULL, 24, 'group', 'jira-developers', NULL);
INSERT INTO schemepermissions (id, scheme, permission, perm_type, perm_parameter, permission_key) VALUES (10004, 0, 23, 'projectrole', '10002', 'ADMINISTER_PROJECTS');
INSERT INTO schemepermissions (id, scheme, permission, perm_type, perm_parameter, permission_key) VALUES (10005, 0, 10, 'projectrole', '10000', 'BROWSE_PROJECTS');
INSERT INTO schemepermissions (id, scheme, permission, perm_type, perm_parameter, permission_key) VALUES (10006, 0, 11, 'projectrole', '10000', 'CREATE_ISSUES');
INSERT INTO schemepermissions (id, scheme, permission, perm_type, perm_parameter, permission_key) VALUES (10007, 0, 15, 'projectrole', '10000', 'ADD_COMMENTS');
INSERT INTO schemepermissions (id, scheme, permission, perm_type, perm_parameter, permission_key) VALUES (10008, 0, 19, 'projectrole', '10000', 'CREATE_ATTACHMENTS');
INSERT INTO schemepermissions (id, scheme, permission, perm_type, perm_parameter, permission_key) VALUES (10009, 0, 13, 'projectrole', '10001', 'ASSIGN_ISSUES');
INSERT INTO schemepermissions (id, scheme, permission, perm_type, perm_parameter, permission_key) VALUES (10010, 0, 17, 'projectrole', '10001', 'ASSIGNABLE_USER');
INSERT INTO schemepermissions (id, scheme, permission, perm_type, perm_parameter, permission_key) VALUES (10011, 0, 14, 'projectrole', '10001', 'RESOLVE_ISSUES');
INSERT INTO schemepermissions (id, scheme, permission, perm_type, perm_parameter, permission_key) VALUES (10012, 0, 21, 'projectrole', '10000', 'LINK_ISSUES');
INSERT INTO schemepermissions (id, scheme, permission, perm_type, perm_parameter, permission_key) VALUES (10013, 0, 12, 'projectrole', '10001', 'EDIT_ISSUES');
INSERT INTO schemepermissions (id, scheme, permission, perm_type, perm_parameter, permission_key) VALUES (10014, 0, 16, 'projectrole', '10002', 'DELETE_ISSUES');
INSERT INTO schemepermissions (id, scheme, permission, perm_type, perm_parameter, permission_key) VALUES (10015, 0, 18, 'projectrole', '10001', 'CLOSE_ISSUES');
INSERT INTO schemepermissions (id, scheme, permission, perm_type, perm_parameter, permission_key) VALUES (10016, 0, 25, 'projectrole', '10001', 'MOVE_ISSUES');
INSERT INTO schemepermissions (id, scheme, permission, perm_type, perm_parameter, permission_key) VALUES (10017, 0, 28, 'projectrole', '10001', 'SCHEDULE_ISSUES');
INSERT INTO schemepermissions (id, scheme, permission, perm_type, perm_parameter, permission_key) VALUES (10018, 0, 30, 'projectrole', '10002', 'MODIFY_REPORTER');
INSERT INTO schemepermissions (id, scheme, permission, perm_type, perm_parameter, permission_key) VALUES (10019, 0, 20, 'projectrole', '10001', 'WORK_ON_ISSUES');
INSERT INTO schemepermissions (id, scheme, permission, perm_type, perm_parameter, permission_key) VALUES (10020, 0, 43, 'projectrole', '10002', 'DELETE_ALL_WORKLOGS');
INSERT INTO schemepermissions (id, scheme, permission, perm_type, perm_parameter, permission_key) VALUES (10021, 0, 42, 'projectrole', '10000', 'DELETE_OWN_WORKLOGS');
INSERT INTO schemepermissions (id, scheme, permission, perm_type, perm_parameter, permission_key) VALUES (10022, 0, 41, 'projectrole', '10001', 'EDIT_ALL_WORKLOGS');
INSERT INTO schemepermissions (id, scheme, permission, perm_type, perm_parameter, permission_key) VALUES (10023, 0, 40, 'projectrole', '10000', 'EDIT_OWN_WORKLOGS');
INSERT INTO schemepermissions (id, scheme, permission, perm_type, perm_parameter, permission_key) VALUES (10024, 0, 31, 'projectrole', '10001', 'VIEW_VOTERS_AND_WATCHERS');
INSERT INTO schemepermissions (id, scheme, permission, perm_type, perm_parameter, permission_key) VALUES (10025, 0, 32, 'projectrole', '10002', 'MANAGE_WATCHERS');
INSERT INTO schemepermissions (id, scheme, permission, perm_type, perm_parameter, permission_key) VALUES (10026, 0, 34, 'projectrole', '10001', 'EDIT_ALL_COMMENTS');
INSERT INTO schemepermissions (id, scheme, permission, perm_type, perm_parameter, permission_key) VALUES (10027, 0, 35, 'projectrole', '10000', 'EDIT_OWN_COMMENTS');
INSERT INTO schemepermissions (id, scheme, permission, perm_type, perm_parameter, permission_key) VALUES (10028, 0, 36, 'projectrole', '10002', 'DELETE_ALL_COMMENTS');
INSERT INTO schemepermissions (id, scheme, permission, perm_type, perm_parameter, permission_key) VALUES (10029, 0, 37, 'projectrole', '10000', 'DELETE_OWN_COMMENTS');
INSERT INTO schemepermissions (id, scheme, permission, perm_type, perm_parameter, permission_key) VALUES (10030, 0, 38, 'projectrole', '10002', 'DELETE_ALL_ATTACHMENTS');
INSERT INTO schemepermissions (id, scheme, permission, perm_type, perm_parameter, permission_key) VALUES (10031, 0, 39, 'projectrole', '10000', 'DELETE_OWN_ATTACHMENTS');
INSERT INTO schemepermissions (id, scheme, permission, perm_type, perm_parameter, permission_key) VALUES (10032, NULL, 22, 'group', 'jira-users', NULL);
INSERT INTO schemepermissions (id, scheme, permission, perm_type, perm_parameter, permission_key) VALUES (10033, 0, 29, 'projectrole', '10001', 'VIEW_DEV_TOOLS');
INSERT INTO schemepermissions (id, scheme, permission, perm_type, perm_parameter, permission_key) VALUES (10040, NULL, 33, 'group', 'jira-users', NULL);
INSERT INTO schemepermissions (id, scheme, permission, perm_type, perm_parameter, permission_key) VALUES (10041, NULL, 44, 'group', 'jira-administrators', NULL);
INSERT INTO schemepermissions (id, scheme, permission, perm_type, perm_parameter, permission_key) VALUES (10050, 0, 46, 'projectrole', '10000', 'TRANSITION_ISSUES');
INSERT INTO schemepermissions (id, scheme, permission, perm_type, perm_parameter, permission_key) VALUES (10101, 0, NULL, 'projectrole', '10002', 'MANAGE_SPRINTS_PERMISSION');


--
-- Name: schemepermissions_id_seq; Type: SEQUENCE SET; Schema: public; Owner: jira
--

SELECT pg_catalog.setval('schemepermissions_id_seq', 10101, true);


--
-- Data for Name: searchrequest; Type: TABLE DATA; Schema: public; Owner: jira
--



--
-- Name: searchrequest_id_seq; Type: SEQUENCE SET; Schema: public; Owner: jira
--

SELECT pg_catalog.setval('searchrequest_id_seq', 10000, false);


--
-- Data for Name: sequence_value_item; Type: TABLE DATA; Schema: public; Owner: jira
--

INSERT INTO sequence_value_item (seq_name, seq_id) VALUES ('ApplicationUser', 10100);
INSERT INTO sequence_value_item (seq_name, seq_id) VALUES ('ConfigurationContext', 10110);
INSERT INTO sequence_value_item (seq_name, seq_id) VALUES ('CustomField', 10100);
INSERT INTO sequence_value_item (seq_name, seq_id) VALUES ('CustomFieldValue', 10100);
INSERT INTO sequence_value_item (seq_name, seq_id) VALUES ('DraftWorkflowSchemeEntity', 10100);
INSERT INTO sequence_value_item (seq_name, seq_id) VALUES ('ExternalEntity', 10210);
INSERT INTO sequence_value_item (seq_name, seq_id) VALUES ('FieldConfigScheme', 10110);
INSERT INTO sequence_value_item (seq_name, seq_id) VALUES ('FieldConfigSchemeIssueType', 10110);
INSERT INTO sequence_value_item (seq_name, seq_id) VALUES ('FieldConfiguration', 10110);
INSERT INTO sequence_value_item (seq_name, seq_id) VALUES ('FieldScreen', 10000);
INSERT INTO sequence_value_item (seq_name, seq_id) VALUES ('FieldScreenLayoutItem', 10030);
INSERT INTO sequence_value_item (seq_name, seq_id) VALUES ('FieldScreenScheme', 10000);
INSERT INTO sequence_value_item (seq_name, seq_id) VALUES ('FieldScreenSchemeItem', 10010);
INSERT INTO sequence_value_item (seq_name, seq_id) VALUES ('FieldScreenTab', 10010);
INSERT INTO sequence_value_item (seq_name, seq_id) VALUES ('GadgetUserPreference', 10010);
INSERT INTO sequence_value_item (seq_name, seq_id) VALUES ('GenericConfiguration', 10010);
INSERT INTO sequence_value_item (seq_name, seq_id) VALUES ('Group', 10010);
INSERT INTO sequence_value_item (seq_name, seq_id) VALUES ('Issue', 10010);
INSERT INTO sequence_value_item (seq_name, seq_id) VALUES ('ProductLicense', 10100);
INSERT INTO sequence_value_item (seq_name, seq_id) VALUES ('Workflow', 10200);
INSERT INTO sequence_value_item (seq_name, seq_id) VALUES ('WorkflowScheme', 10200);
INSERT INTO sequence_value_item (seq_name, seq_id) VALUES ('WorkflowSchemeEntity', 10200);
INSERT INTO sequence_value_item (seq_name, seq_id) VALUES ('ProjectKey', 10100);
INSERT INTO sequence_value_item (seq_name, seq_id) VALUES ('IssueType', 10000);
INSERT INTO sequence_value_item (seq_name, seq_id) VALUES ('Resolution', 10000);
INSERT INTO sequence_value_item (seq_name, seq_id) VALUES ('Priority', 10000);
INSERT INTO sequence_value_item (seq_name, seq_id) VALUES ('Status', 10000);
INSERT INTO sequence_value_item (seq_name, seq_id) VALUES ('UpgradeHistory', 10560);
INSERT INTO sequence_value_item (seq_name, seq_id) VALUES ('ReindexRequest', 10200);
INSERT INTO sequence_value_item (seq_name, seq_id) VALUES ('ReindexComponent', 10200);
INSERT INTO sequence_value_item (seq_name, seq_id) VALUES ('GlobalPermissionEntry', 10100);
INSERT INTO sequence_value_item (seq_name, seq_id) VALUES ('ServiceConfig', 10960);
INSERT INTO sequence_value_item (seq_name, seq_id) VALUES ('EventType', 10000);
INSERT INTO sequence_value_item (seq_name, seq_id) VALUES ('SchemePermissions', 10150);
INSERT INTO sequence_value_item (seq_name, seq_id) VALUES ('Avatar', 10340);
INSERT INTO sequence_value_item (seq_name, seq_id) VALUES ('Feature', 10100);
INSERT INTO sequence_value_item (seq_name, seq_id) VALUES ('LicenseRoleGroup', 10100);
INSERT INTO sequence_value_item (seq_name, seq_id) VALUES ('AuditLog', 10100);
INSERT INTO sequence_value_item (seq_name, seq_id) VALUES ('AuditChangedValue', 10100);
INSERT INTO sequence_value_item (seq_name, seq_id) VALUES ('LicenseRoleDefault', 10100);
INSERT INTO sequence_value_item (seq_name, seq_id) VALUES ('UpgradeVersionHistory', 10320);
INSERT INTO sequence_value_item (seq_name, seq_id) VALUES ('ListenerConfig', 10740);
INSERT INTO sequence_value_item (seq_name, seq_id) VALUES ('PluginVersion', 10590);
INSERT INTO sequence_value_item (seq_name, seq_id) VALUES ('EntityPropertyIndexDocument', 10100);
INSERT INTO sequence_value_item (seq_name, seq_id) VALUES ('OSPropertyEntry', 11610);
INSERT INTO sequence_value_item (seq_name, seq_id) VALUES ('ClusteredJob', 10300);
INSERT INTO sequence_value_item (seq_name, seq_id) VALUES ('RunDetails', 10200);
INSERT INTO sequence_value_item (seq_name, seq_id) VALUES ('UserHistoryItem', 10220);
INSERT INTO sequence_value_item (seq_name, seq_id) VALUES ('IssueLinkType', 10100);
INSERT INTO sequence_value_item (seq_name, seq_id) VALUES ('IssueTypeScreenSchemeEntity', 10010);
INSERT INTO sequence_value_item (seq_name, seq_id) VALUES ('Membership', 10020);
INSERT INTO sequence_value_item (seq_name, seq_id) VALUES ('Notification', 10150);
INSERT INTO sequence_value_item (seq_name, seq_id) VALUES ('NotificationScheme', 10010);
INSERT INTO sequence_value_item (seq_name, seq_id) VALUES ('OAuthConsumer', 10100);
INSERT INTO sequence_value_item (seq_name, seq_id) VALUES ('OSCurrentStep', 10010);
INSERT INTO sequence_value_item (seq_name, seq_id) VALUES ('OSGroup', 10010);
INSERT INTO sequence_value_item (seq_name, seq_id) VALUES ('OSMembership', 10020);
INSERT INTO sequence_value_item (seq_name, seq_id) VALUES ('OSUser', 10020);
INSERT INTO sequence_value_item (seq_name, seq_id) VALUES ('OSWorkflowEntry', 10010);
INSERT INTO sequence_value_item (seq_name, seq_id) VALUES ('OptionConfiguration', 10010);
INSERT INTO sequence_value_item (seq_name, seq_id) VALUES ('PortalPage', 10010);
INSERT INTO sequence_value_item (seq_name, seq_id) VALUES ('PortletConfiguration', 10010);
INSERT INTO sequence_value_item (seq_name, seq_id) VALUES ('Project', 10010);
INSERT INTO sequence_value_item (seq_name, seq_id) VALUES ('ProjectRole', 10010);
INSERT INTO sequence_value_item (seq_name, seq_id) VALUES ('ProjectRoleActor', 10020);
INSERT INTO sequence_value_item (seq_name, seq_id) VALUES ('SharePermissions', 10010);
INSERT INTO sequence_value_item (seq_name, seq_id) VALUES ('User', 10020);
INSERT INTO sequence_value_item (seq_name, seq_id) VALUES ('UserAttribute', 10500);


--
-- Data for Name: serviceconfig; Type: TABLE DATA; Schema: public; Owner: jira
--

INSERT INTO serviceconfig (id, delaytime, clazz, servicename, cron_expression) VALUES (10860, 86400000, 'com.atlassian.jira.service.services.auditing.AuditLogCleaningService', 'Audit log cleaning service', '0 0 1 * * ?');
INSERT INTO serviceconfig (id, delaytime, clazz, servicename, cron_expression) VALUES (10900, 86400000, 'com.atlassian.jira.avatar.media.AvatarSynchronizationService', 'Avatar synchronization service', '34 16 3 * * ?');
INSERT INTO serviceconfig (id, delaytime, clazz, servicename, cron_expression) VALUES (10901, 86400000, 'com.atlassian.jira.issue.attachment.store.media.sync.AttachmentSynchronizationService', 'Attachment MediaApi synchronization service', '37 20 * * * ?');


--
-- Name: serviceconfig_id_seq; Type: SEQUENCE SET; Schema: public; Owner: jira
--

SELECT pg_catalog.setval('serviceconfig_id_seq', 10901, true);


--
-- Data for Name: sharepermissions; Type: TABLE DATA; Schema: public; Owner: jira
--

INSERT INTO sharepermissions (id, entityid, entitytype, sharetype, param1, param2) VALUES (10000, 10000, 'PortalPage', 'global', NULL, NULL);


--
-- Name: sharepermissions_id_seq; Type: SEQUENCE SET; Schema: public; Owner: jira
--

SELECT pg_catalog.setval('sharepermissions_id_seq', 10100, false);


--
-- Data for Name: t_cd909f_media_store_logos; Type: TABLE DATA; Schema: public; Owner: jira
--



--
-- Data for Name: tempattachmentsmonitor; Type: TABLE DATA; Schema: public; Owner: jira
--



--
-- Data for Name: tenant_properties; Type: TABLE DATA; Schema: public; Owner: jira
--



--
-- Name: tenant_properties_id_seq; Type: SEQUENCE SET; Schema: public; Owner: jira
--

SELECT pg_catalog.setval('tenant_properties_id_seq', 10000, false);


--
-- Data for Name: trackback_ping; Type: TABLE DATA; Schema: public; Owner: jira
--



--
-- Name: trackback_ping_id_seq; Type: SEQUENCE SET; Schema: public; Owner: jira
--

SELECT pg_catalog.setval('trackback_ping_id_seq', 10000, false);


--
-- Data for Name: trustedapp; Type: TABLE DATA; Schema: public; Owner: jira
--



--
-- Name: trustedapp_id_seq; Type: SEQUENCE SET; Schema: public; Owner: jira
--

SELECT pg_catalog.setval('trustedapp_id_seq', 10000, false);


--
-- Data for Name: upgradehistory; Type: TABLE DATA; Schema: public; Owner: jira
--

INSERT INTO upgradehistory (id, upgradeclass, targetbuild, status, downgradetaskrequired) VALUES (10369, 'com.atlassian.jira.upgrade.tasks.UpgradeTask_Build6133', '6133', 'complete', 'Y');
INSERT INTO upgradehistory (id, upgradeclass, targetbuild, status, downgradetaskrequired) VALUES (10370, 'com.atlassian.jira.upgrade.tasks.UpgradeTask_Build6134', '6134', 'complete', 'Y');
INSERT INTO upgradehistory (id, upgradeclass, targetbuild, status, downgradetaskrequired) VALUES (10371, 'com.atlassian.jira.upgrade.tasks.UpgradeTask_Build6135', '6135', 'complete', 'Y');
INSERT INTO upgradehistory (id, upgradeclass, targetbuild, status, downgradetaskrequired) VALUES (10372, 'com.atlassian.jira.upgrade.tasks.UpgradeTask_Build6136', '6136', 'complete', 'Y');
INSERT INTO upgradehistory (id, upgradeclass, targetbuild, status, downgradetaskrequired) VALUES (10373, 'com.atlassian.jira.upgrade.tasks.UpgradeTask_Build6137', '6137', 'complete', 'Y');
INSERT INTO upgradehistory (id, upgradeclass, targetbuild, status, downgradetaskrequired) VALUES (10374, 'com.atlassian.jira.upgrade.tasks.UpgradeTask_Build6138', '6138', 'complete', 'Y');
INSERT INTO upgradehistory (id, upgradeclass, targetbuild, status, downgradetaskrequired) VALUES (10375, 'com.atlassian.jira.upgrade.tasks.UpgradeTask_Build6139', '6139', 'complete', 'Y');
INSERT INTO upgradehistory (id, upgradeclass, targetbuild, status, downgradetaskrequired) VALUES (10376, 'com.atlassian.jira.upgrade.tasks.UpgradeTask_Build6140', '6140', 'complete', 'Y');
INSERT INTO upgradehistory (id, upgradeclass, targetbuild, status, downgradetaskrequired) VALUES (10377, 'com.atlassian.jira.upgrade.tasks.UpgradeTask_Build6141', '6141', 'complete', 'Y');
INSERT INTO upgradehistory (id, upgradeclass, targetbuild, status, downgradetaskrequired) VALUES (10378, 'com.atlassian.jira.upgrade.tasks.UpgradeTask_Build6142', '6142', 'complete', 'Y');
INSERT INTO upgradehistory (id, upgradeclass, targetbuild, status, downgradetaskrequired) VALUES (10379, 'com.atlassian.jira.upgrade.tasks.UpgradeTask_Build6151', '6151', 'complete', 'Y');
INSERT INTO upgradehistory (id, upgradeclass, targetbuild, status, downgradetaskrequired) VALUES (10380, 'com.atlassian.jira.upgrade.tasks.UpgradeTask_Build6152', '6152', 'complete', 'Y');
INSERT INTO upgradehistory (id, upgradeclass, targetbuild, status, downgradetaskrequired) VALUES (10381, 'com.atlassian.jira.upgrade.tasks.UpgradeTask_Build6153', '6153', 'complete', 'Y');
INSERT INTO upgradehistory (id, upgradeclass, targetbuild, status, downgradetaskrequired) VALUES (10382, 'com.atlassian.jira.upgrade.tasks.UpgradeTask_Build6154', '6154', 'complete', 'Y');
INSERT INTO upgradehistory (id, upgradeclass, targetbuild, status, downgradetaskrequired) VALUES (10383, 'com.atlassian.jira.upgrade.tasks.UpgradeTask_Build6200', '6200', 'complete', 'Y');
INSERT INTO upgradehistory (id, upgradeclass, targetbuild, status, downgradetaskrequired) VALUES (10384, 'com.atlassian.jira.upgrade.tasks.UpgradeTask_Build6205', '6205', 'complete', 'Y');
INSERT INTO upgradehistory (id, upgradeclass, targetbuild, status, downgradetaskrequired) VALUES (10385, 'com.atlassian.jira.upgrade.tasks.UpgradeTask_Build6206', '6206', 'complete', 'Y');
INSERT INTO upgradehistory (id, upgradeclass, targetbuild, status, downgradetaskrequired) VALUES (10460, 'com.atlassian.jira.upgrade.tasks.UpgradeTask_Build6207', '6207', 'complete', 'Y');
INSERT INTO upgradehistory (id, upgradeclass, targetbuild, status, downgradetaskrequired) VALUES (10461, 'com.atlassian.jira.upgrade.tasks.UpgradeTask_Build6208', '6208', 'complete', 'Y');
INSERT INTO upgradehistory (id, upgradeclass, targetbuild, status, downgradetaskrequired) VALUES (10462, 'com.atlassian.jira.upgrade.tasks.UpgradeTask_Build6209', '6209', 'complete', 'Y');
INSERT INTO upgradehistory (id, upgradeclass, targetbuild, status, downgradetaskrequired) VALUES (10463, 'com.atlassian.jira.upgrade.tasks.UpgradeTask_Build6210', '6210', 'complete', 'Y');
INSERT INTO upgradehistory (id, upgradeclass, targetbuild, status, downgradetaskrequired) VALUES (10464, 'com.atlassian.jira.upgrade.tasks.UpgradeTask_Build6211', '6211', 'complete', 'Y');
INSERT INTO upgradehistory (id, upgradeclass, targetbuild, status, downgradetaskrequired) VALUES (10465, 'com.atlassian.jira.upgrade.tasks.UpgradeTask_Build6251', '6251', 'complete', 'Y');
INSERT INTO upgradehistory (id, upgradeclass, targetbuild, status, downgradetaskrequired) VALUES (10466, 'com.atlassian.jira.upgrade.tasks.UpgradeTask_Build6254', '6254', 'complete', 'Y');
INSERT INTO upgradehistory (id, upgradeclass, targetbuild, status, downgradetaskrequired) VALUES (10467, 'com.atlassian.jira.upgrade.tasks.UpgradeTask_Build6256', '6256', 'complete', 'Y');
INSERT INTO upgradehistory (id, upgradeclass, targetbuild, status, downgradetaskrequired) VALUES (10468, 'com.atlassian.jira.upgrade.tasks.UpgradeTask_Build6258', '6258', 'complete', 'Y');
INSERT INTO upgradehistory (id, upgradeclass, targetbuild, status, downgradetaskrequired) VALUES (10469, 'com.atlassian.jira.upgrade.tasks.UpgradeTask_Build6301', '6301', 'complete', 'Y');
INSERT INTO upgradehistory (id, upgradeclass, targetbuild, status, downgradetaskrequired) VALUES (10470, 'com.atlassian.jira.upgrade.tasks.UpgradeTask_Build6302', '6302', 'complete', 'Y');
INSERT INTO upgradehistory (id, upgradeclass, targetbuild, status, downgradetaskrequired) VALUES (10471, 'com.atlassian.jira.upgrade.tasks.UpgradeTask_Build6304', '6304', 'complete', 'Y');
INSERT INTO upgradehistory (id, upgradeclass, targetbuild, status, downgradetaskrequired) VALUES (10472, 'com.atlassian.jira.upgrade.tasks.UpgradeTask_Build6305', '6305', 'complete', 'Y');
INSERT INTO upgradehistory (id, upgradeclass, targetbuild, status, downgradetaskrequired) VALUES (10473, 'com.atlassian.jira.upgrade.tasks.UpgradeTask_Build6306', '6306', 'complete', 'Y');
INSERT INTO upgradehistory (id, upgradeclass, targetbuild, status, downgradetaskrequired) VALUES (10474, 'com.atlassian.jira.upgrade.tasks.UpgradeTask_Build6316', '6316', 'complete', 'Y');
INSERT INTO upgradehistory (id, upgradeclass, targetbuild, status, downgradetaskrequired) VALUES (10475, 'com.atlassian.jira.upgrade.tasks.UpgradeTask_Build6318', '6318', 'complete', 'Y');
INSERT INTO upgradehistory (id, upgradeclass, targetbuild, status, downgradetaskrequired) VALUES (10476, 'com.atlassian.jira.upgrade.tasks.UpgradeTask_Build6319', '6319', 'complete', 'Y');
INSERT INTO upgradehistory (id, upgradeclass, targetbuild, status, downgradetaskrequired) VALUES (10477, 'com.atlassian.jira.upgrade.tasks.UpgradeTask_Build6320', '6320', 'complete', 'Y');
INSERT INTO upgradehistory (id, upgradeclass, targetbuild, status, downgradetaskrequired) VALUES (10478, 'com.atlassian.jira.upgrade.tasks.UpgradeTask_Build6321', '6321', 'complete', 'Y');
INSERT INTO upgradehistory (id, upgradeclass, targetbuild, status, downgradetaskrequired) VALUES (10479, 'com.atlassian.jira.upgrade.tasks.UpgradeTask_Build6322', '6322', 'complete', 'Y');
INSERT INTO upgradehistory (id, upgradeclass, targetbuild, status, downgradetaskrequired) VALUES (10480, 'com.atlassian.jira.upgrade.tasks.UpgradeTask_Build6323', '6323', 'complete', 'Y');
INSERT INTO upgradehistory (id, upgradeclass, targetbuild, status, downgradetaskrequired) VALUES (10481, 'com.atlassian.jira.upgrade.tasks.UpgradeTask_Build6325', '6325', 'complete', 'Y');
INSERT INTO upgradehistory (id, upgradeclass, targetbuild, status, downgradetaskrequired) VALUES (10482, 'com.atlassian.jira.upgrade.tasks.UpgradeTask_Build6326', '6326', 'complete', 'Y');
INSERT INTO upgradehistory (id, upgradeclass, targetbuild, status, downgradetaskrequired) VALUES (10483, 'com.atlassian.jira.upgrade.tasks.UpgradeTask_Build6327', '6327', 'complete', 'Y');
INSERT INTO upgradehistory (id, upgradeclass, targetbuild, status, downgradetaskrequired) VALUES (10484, 'com.atlassian.jira.upgrade.tasks.UpgradeTask_Build6328', '6328', 'complete', 'Y');
INSERT INTO upgradehistory (id, upgradeclass, targetbuild, status, downgradetaskrequired) VALUES (10485, 'com.atlassian.jira.upgrade.tasks.UpgradeTask_Build64001', '64001', 'complete', 'Y');
INSERT INTO upgradehistory (id, upgradeclass, targetbuild, status, downgradetaskrequired) VALUES (10486, 'com.atlassian.jira.upgrade.tasks.UpgradeTask_Build64002', '64002', 'complete', 'Y');
INSERT INTO upgradehistory (id, upgradeclass, targetbuild, status, downgradetaskrequired) VALUES (10487, 'com.atlassian.jira.upgrade.tasks.UpgradeTask_Build64003', '64003', 'complete', 'Y');
INSERT INTO upgradehistory (id, upgradeclass, targetbuild, status, downgradetaskrequired) VALUES (10488, 'com.atlassian.jira.upgrade.tasks.UpgradeTask_Build64004', '64004', 'complete', 'Y');
INSERT INTO upgradehistory (id, upgradeclass, targetbuild, status, downgradetaskrequired) VALUES (10489, 'com.atlassian.jira.upgrade.tasks.UpgradeTask_Build64005', '64005', 'complete', 'Y');
INSERT INTO upgradehistory (id, upgradeclass, targetbuild, status, downgradetaskrequired) VALUES (10490, 'com.atlassian.jira.upgrade.tasks.UpgradeTask_Build64006', '64006', 'complete', 'Y');
INSERT INTO upgradehistory (id, upgradeclass, targetbuild, status, downgradetaskrequired) VALUES (10491, 'com.atlassian.jira.upgrade.tasks.UpgradeTask_Build64007', '64007', 'complete', 'Y');
INSERT INTO upgradehistory (id, upgradeclass, targetbuild, status, downgradetaskrequired) VALUES (10000, 'com.atlassian.jira.upgrade.tasks.UpgradeTask1_2', '522', 'complete', NULL);
INSERT INTO upgradehistory (id, upgradeclass, targetbuild, status, downgradetaskrequired) VALUES (10002, 'com.atlassian.jira.upgrade.tasks.UpgradeTask_Build10', '522', 'complete', NULL);
INSERT INTO upgradehistory (id, upgradeclass, targetbuild, status, downgradetaskrequired) VALUES (10021, 'com.atlassian.jira.upgrade.tasks.UpgradeTask_Build101', '522', 'complete', NULL);
INSERT INTO upgradehistory (id, upgradeclass, targetbuild, status, downgradetaskrequired) VALUES (10022, 'com.atlassian.jira.upgrade.tasks.UpgradeTask_Build102', '522', 'complete', NULL);
INSERT INTO upgradehistory (id, upgradeclass, targetbuild, status, downgradetaskrequired) VALUES (10003, 'com.atlassian.jira.upgrade.tasks.UpgradeTask_Build11', '522', 'complete', NULL);
INSERT INTO upgradehistory (id, upgradeclass, targetbuild, status, downgradetaskrequired) VALUES (10023, 'com.atlassian.jira.upgrade.tasks.UpgradeTask_Build130', '522', 'complete', NULL);
INSERT INTO upgradehistory (id, upgradeclass, targetbuild, status, downgradetaskrequired) VALUES (10024, 'com.atlassian.jira.upgrade.tasks.UpgradeTask_Build132', '522', 'complete', NULL);
INSERT INTO upgradehistory (id, upgradeclass, targetbuild, status, downgradetaskrequired) VALUES (10025, 'com.atlassian.jira.upgrade.tasks.UpgradeTask_Build150', '522', 'complete', NULL);
INSERT INTO upgradehistory (id, upgradeclass, targetbuild, status, downgradetaskrequired) VALUES (10026, 'com.atlassian.jira.upgrade.tasks.UpgradeTask_Build151', '522', 'complete', NULL);
INSERT INTO upgradehistory (id, upgradeclass, targetbuild, status, downgradetaskrequired) VALUES (10027, 'com.atlassian.jira.upgrade.tasks.UpgradeTask_Build152', '522', 'complete', NULL);
INSERT INTO upgradehistory (id, upgradeclass, targetbuild, status, downgradetaskrequired) VALUES (10028, 'com.atlassian.jira.upgrade.tasks.UpgradeTask_Build175', '522', 'complete', NULL);
INSERT INTO upgradehistory (id, upgradeclass, targetbuild, status, downgradetaskrequired) VALUES (10029, 'com.atlassian.jira.upgrade.tasks.UpgradeTask_Build176', '522', 'complete', NULL);
INSERT INTO upgradehistory (id, upgradeclass, targetbuild, status, downgradetaskrequired) VALUES (10030, 'com.atlassian.jira.upgrade.tasks.UpgradeTask_Build205', '522', 'complete', NULL);
INSERT INTO upgradehistory (id, upgradeclass, targetbuild, status, downgradetaskrequired) VALUES (10031, 'com.atlassian.jira.upgrade.tasks.UpgradeTask_Build207', '522', 'complete', NULL);
INSERT INTO upgradehistory (id, upgradeclass, targetbuild, status, downgradetaskrequired) VALUES (10032, 'com.atlassian.jira.upgrade.tasks.UpgradeTask_Build257', '522', 'complete', NULL);
INSERT INTO upgradehistory (id, upgradeclass, targetbuild, status, downgradetaskrequired) VALUES (10033, 'com.atlassian.jira.upgrade.tasks.UpgradeTask_Build258', '522', 'complete', NULL);
INSERT INTO upgradehistory (id, upgradeclass, targetbuild, status, downgradetaskrequired) VALUES (10004, 'com.atlassian.jira.upgrade.tasks.UpgradeTask_Build27', '522', 'complete', NULL);
INSERT INTO upgradehistory (id, upgradeclass, targetbuild, status, downgradetaskrequired) VALUES (10272, 'com.atlassian.jira.upgrade.tasks.UpgradeTask_Build705', '6109', 'complete', NULL);
INSERT INTO upgradehistory (id, upgradeclass, targetbuild, status, downgradetaskrequired) VALUES (10273, 'com.atlassian.jira.upgrade.tasks.UpgradeTask_Build706', '6109', 'complete', NULL);
INSERT INTO upgradehistory (id, upgradeclass, targetbuild, status, downgradetaskrequired) VALUES (10274, 'com.atlassian.jira.upgrade.tasks.UpgradeTask_Build707', '6109', 'complete', NULL);
INSERT INTO upgradehistory (id, upgradeclass, targetbuild, status, downgradetaskrequired) VALUES (10275, 'com.atlassian.jira.upgrade.tasks.UpgradeTask_Build708', '6109', 'complete', NULL);
INSERT INTO upgradehistory (id, upgradeclass, targetbuild, status, downgradetaskrequired) VALUES (10276, 'com.atlassian.jira.upgrade.tasks.UpgradeTask_Build751', '6109', 'complete', NULL);
INSERT INTO upgradehistory (id, upgradeclass, targetbuild, status, downgradetaskrequired) VALUES (10277, 'com.atlassian.jira.upgrade.tasks.UpgradeTask_Build752', '6109', 'complete', NULL);
INSERT INTO upgradehistory (id, upgradeclass, targetbuild, status, downgradetaskrequired) VALUES (10278, 'com.atlassian.jira.upgrade.tasks.UpgradeTask_Build753', '6109', 'complete', NULL);
INSERT INTO upgradehistory (id, upgradeclass, targetbuild, status, downgradetaskrequired) VALUES (10279, 'com.atlassian.jira.upgrade.tasks.UpgradeTask_Build754', '6109', 'complete', NULL);
INSERT INTO upgradehistory (id, upgradeclass, targetbuild, status, downgradetaskrequired) VALUES (10280, 'com.atlassian.jira.upgrade.tasks.UpgradeTask_Build755', '6109', 'complete', NULL);
INSERT INTO upgradehistory (id, upgradeclass, targetbuild, status, downgradetaskrequired) VALUES (10281, 'com.atlassian.jira.upgrade.tasks.UpgradeTask_Build756', '6109', 'complete', NULL);
INSERT INTO upgradehistory (id, upgradeclass, targetbuild, status, downgradetaskrequired) VALUES (10282, 'com.atlassian.jira.upgrade.tasks.UpgradeTask_Build758', '6109', 'complete', NULL);
INSERT INTO upgradehistory (id, upgradeclass, targetbuild, status, downgradetaskrequired) VALUES (10283, 'com.atlassian.jira.upgrade.tasks.UpgradeTask_Build759', '6109', 'complete', NULL);
INSERT INTO upgradehistory (id, upgradeclass, targetbuild, status, downgradetaskrequired) VALUES (10284, 'com.atlassian.jira.upgrade.tasks.UpgradeTask_Build771', '6109', 'complete', NULL);
INSERT INTO upgradehistory (id, upgradeclass, targetbuild, status, downgradetaskrequired) VALUES (10285, 'com.atlassian.jira.upgrade.tasks.UpgradeTask_Build801', '6109', 'complete', NULL);
INSERT INTO upgradehistory (id, upgradeclass, targetbuild, status, downgradetaskrequired) VALUES (10286, 'com.atlassian.jira.upgrade.tasks.UpgradeTask_Build802', '6109', 'complete', NULL);
INSERT INTO upgradehistory (id, upgradeclass, targetbuild, status, downgradetaskrequired) VALUES (10287, 'com.atlassian.jira.upgrade.tasks.UpgradeTask_Build807', '6109', 'complete', NULL);
INSERT INTO upgradehistory (id, upgradeclass, targetbuild, status, downgradetaskrequired) VALUES (10288, 'com.atlassian.jira.upgrade.tasks.UpgradeTask_Build808', '6109', 'complete', NULL);
INSERT INTO upgradehistory (id, upgradeclass, targetbuild, status, downgradetaskrequired) VALUES (10289, 'com.atlassian.jira.upgrade.tasks.UpgradeTask_Build809', '6109', 'complete', NULL);
INSERT INTO upgradehistory (id, upgradeclass, targetbuild, status, downgradetaskrequired) VALUES (10290, 'com.atlassian.jira.upgrade.tasks.UpgradeTask_Build810', '6109', 'complete', NULL);
INSERT INTO upgradehistory (id, upgradeclass, targetbuild, status, downgradetaskrequired) VALUES (10291, 'com.atlassian.jira.upgrade.tasks.UpgradeTask_Build812', '6109', 'complete', NULL);
INSERT INTO upgradehistory (id, upgradeclass, targetbuild, status, downgradetaskrequired) VALUES (10292, 'com.atlassian.jira.upgrade.tasks.UpgradeTask_Build813', '6109', 'complete', NULL);
INSERT INTO upgradehistory (id, upgradeclass, targetbuild, status, downgradetaskrequired) VALUES (10020, 'com.atlassian.jira.upgrade.tasks.UpgradeTask_Build83', '522', 'complete', NULL);
INSERT INTO upgradehistory (id, upgradeclass, targetbuild, status, downgradetaskrequired) VALUES (10293, 'com.atlassian.jira.upgrade.tasks.UpgradeTask_Build843', '6109', 'complete', NULL);
INSERT INTO upgradehistory (id, upgradeclass, targetbuild, status, downgradetaskrequired) VALUES (10294, 'com.atlassian.jira.upgrade.tasks.UpgradeTask_Build849', '6109', 'complete', NULL);
INSERT INTO upgradehistory (id, upgradeclass, targetbuild, status, downgradetaskrequired) VALUES (10295, 'com.atlassian.jira.upgrade.tasks.UpgradeTask_Build851', '6109', 'complete', NULL);
INSERT INTO upgradehistory (id, upgradeclass, targetbuild, status, downgradetaskrequired) VALUES (10001, 'com.atlassian.jira.upgrade.tasks.professional.UpgradeTask1_2_1', '522', 'complete', NULL);
INSERT INTO upgradehistory (id, upgradeclass, targetbuild, status, downgradetaskrequired) VALUES (10034, 'com.atlassian.jira.upgrade.tasks.UpgradeTask_Build296', '522', 'complete', NULL);
INSERT INTO upgradehistory (id, upgradeclass, targetbuild, status, downgradetaskrequired) VALUES (10035, 'com.atlassian.jira.upgrade.tasks.UpgradeTask_Build317', '522', 'complete', NULL);
INSERT INTO upgradehistory (id, upgradeclass, targetbuild, status, downgradetaskrequired) VALUES (10036, 'com.atlassian.jira.upgrade.tasks.UpgradeTask_Build325', '522', 'complete', NULL);
INSERT INTO upgradehistory (id, upgradeclass, targetbuild, status, downgradetaskrequired) VALUES (10037, 'com.atlassian.jira.upgrade.tasks.UpgradeTask_Build326', '522', 'complete', NULL);
INSERT INTO upgradehistory (id, upgradeclass, targetbuild, status, downgradetaskrequired) VALUES (10005, 'com.atlassian.jira.upgrade.tasks.UpgradeTask_Build35', '522', 'complete', NULL);
INSERT INTO upgradehistory (id, upgradeclass, targetbuild, status, downgradetaskrequired) VALUES (10038, 'com.atlassian.jira.upgrade.tasks.UpgradeTask_Build412', '522', 'complete', NULL);
INSERT INTO upgradehistory (id, upgradeclass, targetbuild, status, downgradetaskrequired) VALUES (10039, 'com.atlassian.jira.upgrade.tasks.UpgradeTask_Build418', '522', 'complete', NULL);
INSERT INTO upgradehistory (id, upgradeclass, targetbuild, status, downgradetaskrequired) VALUES (10040, 'com.atlassian.jira.upgrade.tasks.UpgradeTask_Build437', '522', 'complete', NULL);
INSERT INTO upgradehistory (id, upgradeclass, targetbuild, status, downgradetaskrequired) VALUES (10041, 'com.atlassian.jira.upgrade.tasks.UpgradeTask_Build438', '522', 'complete', NULL);
INSERT INTO upgradehistory (id, upgradeclass, targetbuild, status, downgradetaskrequired) VALUES (10006, 'com.atlassian.jira.upgrade.tasks.UpgradeTask_Build47', '522', 'complete', NULL);
INSERT INTO upgradehistory (id, upgradeclass, targetbuild, status, downgradetaskrequired) VALUES (10007, 'com.atlassian.jira.upgrade.tasks.UpgradeTask_Build48', '522', 'complete', NULL);
INSERT INTO upgradehistory (id, upgradeclass, targetbuild, status, downgradetaskrequired) VALUES (10008, 'com.atlassian.jira.upgrade.tasks.UpgradeTask_Build51', '522', 'complete', NULL);
INSERT INTO upgradehistory (id, upgradeclass, targetbuild, status, downgradetaskrequired) VALUES (10042, 'com.atlassian.jira.upgrade.tasks.UpgradeTask_Build520', '522', 'complete', NULL);
INSERT INTO upgradehistory (id, upgradeclass, targetbuild, status, downgradetaskrequired) VALUES (10050, 'com.atlassian.jira.upgrade.tasks.UpgradeTask_Build551', '591', 'complete', NULL);
INSERT INTO upgradehistory (id, upgradeclass, targetbuild, status, downgradetaskrequired) VALUES (10051, 'com.atlassian.jira.upgrade.tasks.UpgradeTask_Build552', '591', 'complete', NULL);
INSERT INTO upgradehistory (id, upgradeclass, targetbuild, status, downgradetaskrequired) VALUES (10052, 'com.atlassian.jira.upgrade.tasks.UpgradeTask_Build553', '591', 'complete', NULL);
INSERT INTO upgradehistory (id, upgradeclass, targetbuild, status, downgradetaskrequired) VALUES (10053, 'com.atlassian.jira.upgrade.tasks.UpgradeTask_Build554', '591', 'complete', NULL);
INSERT INTO upgradehistory (id, upgradeclass, targetbuild, status, downgradetaskrequired) VALUES (10009, 'com.atlassian.jira.upgrade.tasks.UpgradeTask_Build56', '522', 'complete', NULL);
INSERT INTO upgradehistory (id, upgradeclass, targetbuild, status, downgradetaskrequired) VALUES (10054, 'com.atlassian.jira.upgrade.tasks.UpgradeTask_Build571', '591', 'complete', NULL);
INSERT INTO upgradehistory (id, upgradeclass, targetbuild, status, downgradetaskrequired) VALUES (10010, 'com.atlassian.jira.upgrade.tasks.UpgradeTask_Build60', '522', 'complete', NULL);
INSERT INTO upgradehistory (id, upgradeclass, targetbuild, status, downgradetaskrequired) VALUES (10296, 'com.atlassian.jira.upgrade.tasks.UpgradeTask_Build6001', '6109', 'complete', NULL);
INSERT INTO upgradehistory (id, upgradeclass, targetbuild, status, downgradetaskrequired) VALUES (10297, 'com.atlassian.jira.upgrade.tasks.UpgradeTask_Build6005', '6109', 'complete', NULL);
INSERT INTO upgradehistory (id, upgradeclass, targetbuild, status, downgradetaskrequired) VALUES (10298, 'com.atlassian.jira.upgrade.tasks.UpgradeTask_Build6006', '6109', 'complete', NULL);
INSERT INTO upgradehistory (id, upgradeclass, targetbuild, status, downgradetaskrequired) VALUES (10299, 'com.atlassian.jira.upgrade.tasks.UpgradeTask_Build6007', '6109', 'complete', NULL);
INSERT INTO upgradehistory (id, upgradeclass, targetbuild, status, downgradetaskrequired) VALUES (10060, 'com.atlassian.jira.upgrade.tasks.UpgradeTask_Build601', '620', 'complete', NULL);
INSERT INTO upgradehistory (id, upgradeclass, targetbuild, status, downgradetaskrequired) VALUES (10160, 'com.atlassian.jira.upgrade.tasks.UpgradeTask_Build602', '620', 'complete', NULL);
INSERT INTO upgradehistory (id, upgradeclass, targetbuild, status, downgradetaskrequired) VALUES (10161, 'com.atlassian.jira.upgrade.tasks.UpgradeTask_Build603', '620', 'complete', NULL);
INSERT INTO upgradehistory (id, upgradeclass, targetbuild, status, downgradetaskrequired) VALUES (10300, 'com.atlassian.jira.upgrade.tasks.UpgradeTask_Build6038', '6109', 'complete', NULL);
INSERT INTO upgradehistory (id, upgradeclass, targetbuild, status, downgradetaskrequired) VALUES (10301, 'com.atlassian.jira.upgrade.tasks.UpgradeTask_Build6039', '6109', 'complete', NULL);
INSERT INTO upgradehistory (id, upgradeclass, targetbuild, status, downgradetaskrequired) VALUES (10162, 'com.atlassian.jira.upgrade.tasks.UpgradeTask_Build604', '620', 'complete', NULL);
INSERT INTO upgradehistory (id, upgradeclass, targetbuild, status, downgradetaskrequired) VALUES (10302, 'com.atlassian.jira.upgrade.tasks.UpgradeTask_Build6040', '6109', 'complete', NULL);
INSERT INTO upgradehistory (id, upgradeclass, targetbuild, status, downgradetaskrequired) VALUES (10303, 'com.atlassian.jira.upgrade.tasks.UpgradeTask_Build6041', '6109', 'complete', NULL);
INSERT INTO upgradehistory (id, upgradeclass, targetbuild, status, downgradetaskrequired) VALUES (10304, 'com.atlassian.jira.upgrade.tasks.UpgradeTask_Build6042', '6109', 'complete', NULL);
INSERT INTO upgradehistory (id, upgradeclass, targetbuild, status, downgradetaskrequired) VALUES (10305, 'com.atlassian.jira.upgrade.tasks.UpgradeTask_Build6044', '6109', 'complete', NULL);
INSERT INTO upgradehistory (id, upgradeclass, targetbuild, status, downgradetaskrequired) VALUES (10306, 'com.atlassian.jira.upgrade.tasks.UpgradeTask_Build6045', '6109', 'complete', NULL);
INSERT INTO upgradehistory (id, upgradeclass, targetbuild, status, downgradetaskrequired) VALUES (10307, 'com.atlassian.jira.upgrade.tasks.UpgradeTask_Build6047', '6109', 'complete', NULL);
INSERT INTO upgradehistory (id, upgradeclass, targetbuild, status, downgradetaskrequired) VALUES (10163, 'com.atlassian.jira.upgrade.tasks.UpgradeTask_Build605', '620', 'complete', NULL);
INSERT INTO upgradehistory (id, upgradeclass, targetbuild, status, downgradetaskrequired) VALUES (10164, 'com.atlassian.jira.upgrade.tasks.UpgradeTask_Build606', '620', 'complete', NULL);
INSERT INTO upgradehistory (id, upgradeclass, targetbuild, status, downgradetaskrequired) VALUES (10165, 'com.atlassian.jira.upgrade.tasks.UpgradeTask_Build608', '620', 'complete', NULL);
INSERT INTO upgradehistory (id, upgradeclass, targetbuild, status, downgradetaskrequired) VALUES (10308, 'com.atlassian.jira.upgrade.tasks.UpgradeTask_Build6081', '6109', 'complete', NULL);
INSERT INTO upgradehistory (id, upgradeclass, targetbuild, status, downgradetaskrequired) VALUES (10309, 'com.atlassian.jira.upgrade.tasks.UpgradeTask_Build6083', '6109', 'complete', NULL);
INSERT INTO upgradehistory (id, upgradeclass, targetbuild, status, downgradetaskrequired) VALUES (10310, 'com.atlassian.jira.upgrade.tasks.UpgradeTask_Build6084', '6109', 'complete', NULL);
INSERT INTO upgradehistory (id, upgradeclass, targetbuild, status, downgradetaskrequired) VALUES (10311, 'com.atlassian.jira.upgrade.tasks.UpgradeTask_Build6085', '6109', 'complete', NULL);
INSERT INTO upgradehistory (id, upgradeclass, targetbuild, status, downgradetaskrequired) VALUES (10312, 'com.atlassian.jira.upgrade.tasks.UpgradeTask_Build6096', '6109', 'complete', NULL);
INSERT INTO upgradehistory (id, upgradeclass, targetbuild, status, downgradetaskrequired) VALUES (10313, 'com.atlassian.jira.upgrade.tasks.UpgradeTask_Build6098', '6109', 'complete', NULL);
INSERT INTO upgradehistory (id, upgradeclass, targetbuild, status, downgradetaskrequired) VALUES (10314, 'com.atlassian.jira.upgrade.tasks.UpgradeTask_Build6100', '6109', 'complete', NULL);
INSERT INTO upgradehistory (id, upgradeclass, targetbuild, status, downgradetaskrequired) VALUES (10315, 'com.atlassian.jira.upgrade.tasks.UpgradeTask_Build6101', '6109', 'complete', NULL);
INSERT INTO upgradehistory (id, upgradeclass, targetbuild, status, downgradetaskrequired) VALUES (10316, 'com.atlassian.jira.upgrade.tasks.UpgradeTask_Build6104', '6109', 'complete', NULL);
INSERT INTO upgradehistory (id, upgradeclass, targetbuild, status, downgradetaskrequired) VALUES (10317, 'com.atlassian.jira.upgrade.tasks.UpgradeTask_Build6105', '6109', 'complete', NULL);
INSERT INTO upgradehistory (id, upgradeclass, targetbuild, status, downgradetaskrequired) VALUES (10318, 'com.atlassian.jira.upgrade.tasks.UpgradeTask_Build6108', '6109', 'complete', NULL);
INSERT INTO upgradehistory (id, upgradeclass, targetbuild, status, downgradetaskrequired) VALUES (10319, 'com.atlassian.jira.upgrade.tasks.UpgradeTask_Build6109', '6109', 'complete', NULL);
INSERT INTO upgradehistory (id, upgradeclass, targetbuild, status, downgradetaskrequired) VALUES (10166, 'com.atlassian.jira.upgrade.tasks.UpgradeTask_Build611', '620', 'complete', NULL);
INSERT INTO upgradehistory (id, upgradeclass, targetbuild, status, downgradetaskrequired) VALUES (10167, 'com.atlassian.jira.upgrade.tasks.UpgradeTask_Build620', '620', 'complete', NULL);
INSERT INTO upgradehistory (id, upgradeclass, targetbuild, status, downgradetaskrequired) VALUES (10260, 'com.atlassian.jira.upgrade.tasks.UpgradeTask_Build633', '6109', 'complete', NULL);
INSERT INTO upgradehistory (id, upgradeclass, targetbuild, status, downgradetaskrequired) VALUES (10261, 'com.atlassian.jira.upgrade.tasks.UpgradeTask_Build634', '6109', 'complete', NULL);
INSERT INTO upgradehistory (id, upgradeclass, targetbuild, status, downgradetaskrequired) VALUES (10262, 'com.atlassian.jira.upgrade.tasks.UpgradeTask_Build637', '6109', 'complete', NULL);
INSERT INTO upgradehistory (id, upgradeclass, targetbuild, status, downgradetaskrequired) VALUES (10263, 'com.atlassian.jira.upgrade.tasks.UpgradeTask_Build638', '6109', 'complete', NULL);
INSERT INTO upgradehistory (id, upgradeclass, targetbuild, status, downgradetaskrequired) VALUES (10264, 'com.atlassian.jira.upgrade.tasks.UpgradeTask_Build640', '6109', 'complete', NULL);
INSERT INTO upgradehistory (id, upgradeclass, targetbuild, status, downgradetaskrequired) VALUES (10265, 'com.atlassian.jira.upgrade.tasks.UpgradeTask_Build642', '6109', 'complete', NULL);
INSERT INTO upgradehistory (id, upgradeclass, targetbuild, status, downgradetaskrequired) VALUES (10266, 'com.atlassian.jira.upgrade.tasks.UpgradeTask_Build643', '6109', 'complete', NULL);
INSERT INTO upgradehistory (id, upgradeclass, targetbuild, status, downgradetaskrequired) VALUES (10267, 'com.atlassian.jira.upgrade.tasks.UpgradeTask_Build644', '6109', 'complete', NULL);
INSERT INTO upgradehistory (id, upgradeclass, targetbuild, status, downgradetaskrequired) VALUES (10268, 'com.atlassian.jira.upgrade.tasks.UpgradeTask_Build645', '6109', 'complete', NULL);
INSERT INTO upgradehistory (id, upgradeclass, targetbuild, status, downgradetaskrequired) VALUES (10269, 'com.atlassian.jira.upgrade.tasks.UpgradeTask_Build663', '6109', 'complete', NULL);
INSERT INTO upgradehistory (id, upgradeclass, targetbuild, status, downgradetaskrequired) VALUES (10270, 'com.atlassian.jira.upgrade.tasks.UpgradeTask_Build701', '6109', 'complete', NULL);
INSERT INTO upgradehistory (id, upgradeclass, targetbuild, status, downgradetaskrequired) VALUES (10271, 'com.atlassian.jira.upgrade.tasks.UpgradeTask_Build704', '6109', 'complete', NULL);
INSERT INTO upgradehistory (id, upgradeclass, targetbuild, status, downgradetaskrequired) VALUES (10492, 'com.atlassian.jira.upgrade.tasks.UpgradeTask_Build64008', '64008', 'complete', 'Y');
INSERT INTO upgradehistory (id, upgradeclass, targetbuild, status, downgradetaskrequired) VALUES (10493, 'com.atlassian.jira.upgrade.tasks.UpgradeTask_Build64009', '64009', 'complete', 'Y');
INSERT INTO upgradehistory (id, upgradeclass, targetbuild, status, downgradetaskrequired) VALUES (10494, 'com.atlassian.jira.upgrade.tasks.UpgradeTask_Build64011', '64011', 'complete', 'Y');
INSERT INTO upgradehistory (id, upgradeclass, targetbuild, status, downgradetaskrequired) VALUES (10495, 'com.atlassian.jira.upgrade.tasks.UpgradeTask_Build64012', '64012', 'complete', 'Y');
INSERT INTO upgradehistory (id, upgradeclass, targetbuild, status, downgradetaskrequired) VALUES (10496, 'com.atlassian.jira.upgrade.tasks.UpgradeTask_Build64014', '64014', 'complete', 'Y');
INSERT INTO upgradehistory (id, upgradeclass, targetbuild, status, downgradetaskrequired) VALUES (10497, 'com.atlassian.jira.upgrade.tasks.UpgradeTask_Build64015', '64015', 'complete', 'Y');
INSERT INTO upgradehistory (id, upgradeclass, targetbuild, status, downgradetaskrequired) VALUES (10498, 'com.atlassian.jira.upgrade.tasks.UpgradeTask_Build64016', '64016', 'complete', 'Y');
INSERT INTO upgradehistory (id, upgradeclass, targetbuild, status, downgradetaskrequired) VALUES (10499, 'com.atlassian.jira.upgrade.tasks.UpgradeTask_Build65001', '65001', 'complete', 'N');
INSERT INTO upgradehistory (id, upgradeclass, targetbuild, status, downgradetaskrequired) VALUES (10500, 'com.atlassian.jira.upgrade.tasks.UpgradeTask_Build70007', '70007', 'complete', 'N');
INSERT INTO upgradehistory (id, upgradeclass, targetbuild, status, downgradetaskrequired) VALUES (10501, 'com.atlassian.jira.upgrade.tasks.UpgradeTask_Build70009', '70009', 'complete', 'N');
INSERT INTO upgradehistory (id, upgradeclass, targetbuild, status, downgradetaskrequired) VALUES (10502, 'com.atlassian.jira.upgrade.tasks.UpgradeTask_Build70010', '70010', 'complete', 'N');
INSERT INTO upgradehistory (id, upgradeclass, targetbuild, status, downgradetaskrequired) VALUES (10503, 'com.atlassian.jira.upgrade.tasks.UpgradeTask_Build70011', '70011', 'complete', 'N');
INSERT INTO upgradehistory (id, upgradeclass, targetbuild, status, downgradetaskrequired) VALUES (10504, 'com.atlassian.jira.upgrade.tasks.UpgradeTask_Build70013', '70013', 'complete', 'N');
INSERT INTO upgradehistory (id, upgradeclass, targetbuild, status, downgradetaskrequired) VALUES (10505, 'com.atlassian.jira.upgrade.tasks.UpgradeTask_Build70023', '70023', 'complete', 'N');
INSERT INTO upgradehistory (id, upgradeclass, targetbuild, status, downgradetaskrequired) VALUES (10506, 'com.atlassian.jira.upgrade.tasks.UpgradeTask_Build70024', '70024', 'complete', 'Y');
INSERT INTO upgradehistory (id, upgradeclass, targetbuild, status, downgradetaskrequired) VALUES (10507, 'com.atlassian.jira.upgrade.tasks.UpgradeTask_Build70025', '70025', 'complete', 'N');
INSERT INTO upgradehistory (id, upgradeclass, targetbuild, status, downgradetaskrequired) VALUES (10508, 'com.atlassian.jira.upgrade.tasks.UpgradeTask_Build70026', '70026', 'complete', 'N');
INSERT INTO upgradehistory (id, upgradeclass, targetbuild, status, downgradetaskrequired) VALUES (10509, 'com.atlassian.jira.upgrade.tasks.UpgradeTask_Build70027', '70027', 'complete', 'Y');
INSERT INTO upgradehistory (id, upgradeclass, targetbuild, status, downgradetaskrequired) VALUES (10510, 'com.atlassian.jira.upgrade.tasks.UpgradeTask_Build70100', '70100', 'complete', 'Y');
INSERT INTO upgradehistory (id, upgradeclass, targetbuild, status, downgradetaskrequired) VALUES (10511, 'com.atlassian.jira.upgrade.tasks.UpgradeTask_Build70101', '70101', 'complete', 'N');
INSERT INTO upgradehistory (id, upgradeclass, targetbuild, status, downgradetaskrequired) VALUES (10512, 'com.atlassian.jira.upgrade.tasks.UpgradeTask_Build70102', '70102', 'complete', 'N');
INSERT INTO upgradehistory (id, upgradeclass, targetbuild, status, downgradetaskrequired) VALUES (10360, 'com.atlassian.jira.upgrade.tasks.UpgradeTask_Build6121', '6121', 'complete', 'Y');
INSERT INTO upgradehistory (id, upgradeclass, targetbuild, status, downgradetaskrequired) VALUES (10361, 'com.atlassian.jira.upgrade.tasks.UpgradeTask_Build6122', '6122', 'complete', 'Y');
INSERT INTO upgradehistory (id, upgradeclass, targetbuild, status, downgradetaskrequired) VALUES (10362, 'com.atlassian.jira.upgrade.tasks.UpgradeTask_Build6123', '6123', 'complete', 'Y');
INSERT INTO upgradehistory (id, upgradeclass, targetbuild, status, downgradetaskrequired) VALUES (10363, 'com.atlassian.jira.upgrade.tasks.UpgradeTask_Build6124', '6124', 'complete', 'Y');
INSERT INTO upgradehistory (id, upgradeclass, targetbuild, status, downgradetaskrequired) VALUES (10364, 'com.atlassian.jira.upgrade.tasks.UpgradeTask_Build6128', '6128', 'complete', 'Y');
INSERT INTO upgradehistory (id, upgradeclass, targetbuild, status, downgradetaskrequired) VALUES (10365, 'com.atlassian.jira.upgrade.tasks.UpgradeTask_Build6129', '6129', 'complete', 'Y');
INSERT INTO upgradehistory (id, upgradeclass, targetbuild, status, downgradetaskrequired) VALUES (10366, 'com.atlassian.jira.upgrade.tasks.UpgradeTask_Build6130', '6130', 'complete', 'Y');
INSERT INTO upgradehistory (id, upgradeclass, targetbuild, status, downgradetaskrequired) VALUES (10367, 'com.atlassian.jira.upgrade.tasks.UpgradeTask_Build6131', '6131', 'complete', 'Y');
INSERT INTO upgradehistory (id, upgradeclass, targetbuild, status, downgradetaskrequired) VALUES (10368, 'com.atlassian.jira.upgrade.tasks.UpgradeTask_Build6132', '6132', 'complete', 'Y');
INSERT INTO upgradehistory (id, upgradeclass, targetbuild, status, downgradetaskrequired) VALUES (NULL, 'com.atlassian.jira.upgrade.tasks.UpgradeTask_Build71001', '71001', 'complete', 'N');
INSERT INTO upgradehistory (id, upgradeclass, targetbuild, status, downgradetaskrequired) VALUES (NULL, 'com.atlassian.jira.upgrade.tasks.UpgradeTask_Build72001', '72001', 'complete', 'N');


--
-- Data for Name: upgradetaskhistory; Type: TABLE DATA; Schema: public; Owner: jira
--

INSERT INTO upgradetaskhistory (id, upgrade_task_factory_key, build_number, status, upgrade_type) VALUES (10016, 'host', 100014, 'COMPLETED', 'CLOUD');
INSERT INTO upgradetaskhistory (id, upgrade_task_factory_key, build_number, status, upgrade_type) VALUES (10017, 'host', 100000, 'COMPLETED', 'CLOUD');
INSERT INTO upgradetaskhistory (id, upgrade_task_factory_key, build_number, status, upgrade_type) VALUES (10018, 'host', 100001, 'COMPLETED', 'CLOUD');
INSERT INTO upgradetaskhistory (id, upgrade_task_factory_key, build_number, status, upgrade_type) VALUES (10019, 'host', 100002, 'COMPLETED', 'CLOUD');
INSERT INTO upgradetaskhistory (id, upgrade_task_factory_key, build_number, status, upgrade_type) VALUES (10020, 'host', 100003, 'COMPLETED', 'CLOUD');
INSERT INTO upgradetaskhistory (id, upgrade_task_factory_key, build_number, status, upgrade_type) VALUES (10021, 'host', 100004, 'COMPLETED', 'CLOUD');
INSERT INTO upgradetaskhistory (id, upgrade_task_factory_key, build_number, status, upgrade_type) VALUES (10022, 'host', 100005, 'COMPLETED', 'CLOUD');
INSERT INTO upgradetaskhistory (id, upgrade_task_factory_key, build_number, status, upgrade_type) VALUES (10023, 'host', 100006, 'COMPLETED', 'CLOUD');
INSERT INTO upgradetaskhistory (id, upgrade_task_factory_key, build_number, status, upgrade_type) VALUES (10024, 'host', 100007, 'COMPLETED', 'CLOUD');
INSERT INTO upgradetaskhistory (id, upgrade_task_factory_key, build_number, status, upgrade_type) VALUES (10025, 'host', 100008, 'COMPLETED', 'CLOUD');
INSERT INTO upgradetaskhistory (id, upgrade_task_factory_key, build_number, status, upgrade_type) VALUES (10026, 'host', 100009, 'COMPLETED', 'CLOUD');
INSERT INTO upgradetaskhistory (id, upgrade_task_factory_key, build_number, status, upgrade_type) VALUES (10027, 'host', 100010, 'COMPLETED', 'CLOUD');
INSERT INTO upgradetaskhistory (id, upgrade_task_factory_key, build_number, status, upgrade_type) VALUES (10028, 'host', 100011, 'COMPLETED', 'CLOUD');
INSERT INTO upgradetaskhistory (id, upgrade_task_factory_key, build_number, status, upgrade_type) VALUES (10029, 'host', 100012, 'COMPLETED', 'CLOUD');
INSERT INTO upgradetaskhistory (id, upgrade_task_factory_key, build_number, status, upgrade_type) VALUES (10030, 'host', 100013, 'COMPLETED', 'CLOUD');
INSERT INTO upgradetaskhistory (id, upgrade_task_factory_key, build_number, status, upgrade_type) VALUES (10031, 'host', 100015, 'COMPLETED', 'CLOUD');
INSERT INTO upgradetaskhistory (id, upgrade_task_factory_key, build_number, status, upgrade_type) VALUES (10032, 'host', 100016, 'COMPLETED', 'CLOUD');
INSERT INTO upgradetaskhistory (id, upgrade_task_factory_key, build_number, status, upgrade_type) VALUES (10033, 'host', 100017, 'COMPLETED', 'CLOUD');
INSERT INTO upgradetaskhistory (id, upgrade_task_factory_key, build_number, status, upgrade_type) VALUES (10034, 'host', 100018, 'COMPLETED', 'CLOUD');
INSERT INTO upgradetaskhistory (id, upgrade_task_factory_key, build_number, status, upgrade_type) VALUES (10035, 'host', 100019, 'COMPLETED', 'CLOUD');
INSERT INTO upgradetaskhistory (id, upgrade_task_factory_key, build_number, status, upgrade_type) VALUES (10036, 'host', 100020, 'COMPLETED', 'CLOUD');
INSERT INTO upgradetaskhistory (id, upgrade_task_factory_key, build_number, status, upgrade_type) VALUES (10037, 'host', 100021, 'COMPLETED', 'CLOUD');
INSERT INTO upgradetaskhistory (id, upgrade_task_factory_key, build_number, status, upgrade_type) VALUES (10038, 'host', 100022, 'COMPLETED', 'CLOUD');
INSERT INTO upgradetaskhistory (id, upgrade_task_factory_key, build_number, status, upgrade_type) VALUES (10039, 'host', 100023, 'COMPLETED', 'CLOUD');
INSERT INTO upgradetaskhistory (id, upgrade_task_factory_key, build_number, status, upgrade_type) VALUES (10040, 'host', 100024, 'COMPLETED', 'CLOUD');
INSERT INTO upgradetaskhistory (id, upgrade_task_factory_key, build_number, status, upgrade_type) VALUES (10041, 'host', 100025, 'COMPLETED', 'CLOUD');
INSERT INTO upgradetaskhistory (id, upgrade_task_factory_key, build_number, status, upgrade_type) VALUES (10042, 'host', 100026, 'COMPLETED', 'CLOUD');
INSERT INTO upgradetaskhistory (id, upgrade_task_factory_key, build_number, status, upgrade_type) VALUES (10043, 'host', 100027, 'COMPLETED', 'CLOUD');
INSERT INTO upgradetaskhistory (id, upgrade_task_factory_key, build_number, status, upgrade_type) VALUES (10044, 'host', 100028, 'COMPLETED', 'CLOUD');
INSERT INTO upgradetaskhistory (id, upgrade_task_factory_key, build_number, status, upgrade_type) VALUES (10045, 'host', 100029, 'COMPLETED', 'CLOUD');
INSERT INTO upgradetaskhistory (id, upgrade_task_factory_key, build_number, status, upgrade_type) VALUES (10046, 'host', 100030, 'COMPLETED', 'CLOUD');
INSERT INTO upgradetaskhistory (id, upgrade_task_factory_key, build_number, status, upgrade_type) VALUES (10047, 'host', 100031, 'COMPLETED', 'CLOUD');
INSERT INTO upgradetaskhistory (id, upgrade_task_factory_key, build_number, status, upgrade_type) VALUES (10048, 'host', 100032, 'COMPLETED', 'CLOUD');
INSERT INTO upgradetaskhistory (id, upgrade_task_factory_key, build_number, status, upgrade_type) VALUES (10049, 'host', 100033, 'COMPLETED', 'CLOUD');
INSERT INTO upgradetaskhistory (id, upgrade_task_factory_key, build_number, status, upgrade_type) VALUES (10050, 'host', 100034, 'COMPLETED', 'CLOUD');
INSERT INTO upgradetaskhistory (id, upgrade_task_factory_key, build_number, status, upgrade_type) VALUES (10051, 'host', 100035, 'COMPLETED', 'CLOUD');
INSERT INTO upgradetaskhistory (id, upgrade_task_factory_key, build_number, status, upgrade_type) VALUES (10052, 'host', 100036, 'COMPLETED', 'CLOUD');
INSERT INTO upgradetaskhistory (id, upgrade_task_factory_key, build_number, status, upgrade_type) VALUES (10053, 'host', 100037, 'COMPLETED', 'CLOUD');
INSERT INTO upgradetaskhistory (id, upgrade_task_factory_key, build_number, status, upgrade_type) VALUES (10054, 'host', 100038, 'COMPLETED', 'CLOUD');
INSERT INTO upgradetaskhistory (id, upgrade_task_factory_key, build_number, status, upgrade_type) VALUES (10055, 'host', 100039, 'COMPLETED', 'CLOUD');
INSERT INTO upgradetaskhistory (id, upgrade_task_factory_key, build_number, status, upgrade_type) VALUES (10056, 'host', 100040, 'COMPLETED', 'CLOUD');
INSERT INTO upgradetaskhistory (id, upgrade_task_factory_key, build_number, status, upgrade_type) VALUES (10057, 'host', 100041, 'COMPLETED', 'CLOUD');
INSERT INTO upgradetaskhistory (id, upgrade_task_factory_key, build_number, status, upgrade_type) VALUES (10058, 'host', 100042, 'COMPLETED', 'CLOUD');
INSERT INTO upgradetaskhistory (id, upgrade_task_factory_key, build_number, status, upgrade_type) VALUES (10059, 'host', 100043, 'COMPLETED', 'CLOUD');
INSERT INTO upgradetaskhistory (id, upgrade_task_factory_key, build_number, status, upgrade_type) VALUES (10060, 'host', 100044, 'COMPLETED', 'CLOUD');
INSERT INTO upgradetaskhistory (id, upgrade_task_factory_key, build_number, status, upgrade_type) VALUES (10061, 'com.atlassian.jira.plugins.jira-development-integration-plugin', 1, 'COMPLETED', 'CLOUD');
INSERT INTO upgradetaskhistory (id, upgrade_task_factory_key, build_number, status, upgrade_type) VALUES (10062, 'com.atlassian.jira.plugins.jira-development-integration-plugin', 2, 'COMPLETED', 'CLOUD');
INSERT INTO upgradetaskhistory (id, upgrade_task_factory_key, build_number, status, upgrade_type) VALUES (10063, 'com.atlassian.oauth.consumer.sal', 1, 'COMPLETED', 'CLOUD');
INSERT INTO upgradetaskhistory (id, upgrade_task_factory_key, build_number, status, upgrade_type) VALUES (10064, 'com.atlassian.oauth.serviceprovider.sal', 1, 'COMPLETED', 'CLOUD');
INSERT INTO upgradetaskhistory (id, upgrade_task_factory_key, build_number, status, upgrade_type) VALUES (10065, 'com.atlassian.labs.hipchat.hipchat-for-jira-plugin', 5, 'COMPLETED', 'CLOUD');
INSERT INTO upgradetaskhistory (id, upgrade_task_factory_key, build_number, status, upgrade_type) VALUES (10066, 'com.atlassian.jira.plugins.jira-bitbucket-connector-plugin', 1, 'COMPLETED', 'CLOUD');
INSERT INTO upgradetaskhistory (id, upgrade_task_factory_key, build_number, status, upgrade_type) VALUES (10067, 'com.pyxis.greenhopper.jira', 1000, 'COMPLETED', 'CLOUD');
INSERT INTO upgradetaskhistory (id, upgrade_task_factory_key, build_number, status, upgrade_type) VALUES (10068, 'com.pyxis.greenhopper.jira', 1001, 'COMPLETED', 'CLOUD');
INSERT INTO upgradetaskhistory (id, upgrade_task_factory_key, build_number, status, upgrade_type) VALUES (10069, 'com.pyxis.greenhopper.jira', 1002, 'COMPLETED', 'CLOUD');
INSERT INTO upgradetaskhistory (id, upgrade_task_factory_key, build_number, status, upgrade_type) VALUES (10070, 'com.pyxis.greenhopper.jira', 1003, 'COMPLETED', 'CLOUD');
INSERT INTO upgradetaskhistory (id, upgrade_task_factory_key, build_number, status, upgrade_type) VALUES (10071, 'com.pyxis.greenhopper.jira', 1004, 'COMPLETED', 'CLOUD');
INSERT INTO upgradetaskhistory (id, upgrade_task_factory_key, build_number, status, upgrade_type) VALUES (10072, 'com.pyxis.greenhopper.jira', 1005, 'COMPLETED', 'CLOUD');
INSERT INTO upgradetaskhistory (id, upgrade_task_factory_key, build_number, status, upgrade_type) VALUES (10073, 'com.pyxis.greenhopper.jira', 1006, 'COMPLETED', 'CLOUD');
INSERT INTO upgradetaskhistory (id, upgrade_task_factory_key, build_number, status, upgrade_type) VALUES (10074, 'com.pyxis.greenhopper.jira', 1007, 'COMPLETED', 'CLOUD');


--
-- Name: upgradetaskhistory_id_seq; Type: SEQUENCE SET; Schema: public; Owner: jira
--

SELECT pg_catalog.setval('upgradetaskhistory_id_seq', 10074, true);


--
-- Data for Name: upgradetaskhistoryauditlog; Type: TABLE DATA; Schema: public; Owner: jira
--

INSERT INTO upgradetaskhistoryauditlog (id, upgrade_task_factory_key, build_number, status, upgrade_type, timeperformed, action) VALUES (10000, 'host', 71001, 'COMPLETED', 'CLOUD', '2017-05-15 09:27:50.572+00', 'upgrade');
INSERT INTO upgradetaskhistoryauditlog (id, upgrade_task_factory_key, build_number, status, upgrade_type, timeperformed, action) VALUES (10001, 'host', 72001, 'COMPLETED', 'CLOUD', '2017-05-15 09:27:50.576+00', 'upgrade');
INSERT INTO upgradetaskhistoryauditlog (id, upgrade_task_factory_key, build_number, status, upgrade_type, timeperformed, action) VALUES (10002, 'host', 100000, 'COMPLETED', 'CLOUD', '2017-05-15 09:27:50.579+00', 'upgrade');
INSERT INTO upgradetaskhistoryauditlog (id, upgrade_task_factory_key, build_number, status, upgrade_type, timeperformed, action) VALUES (10003, 'host', 100001, 'COMPLETED', 'CLOUD', '2017-05-15 09:27:50.584+00', 'upgrade');
INSERT INTO upgradetaskhistoryauditlog (id, upgrade_task_factory_key, build_number, status, upgrade_type, timeperformed, action) VALUES (10004, 'host', 100002, 'COMPLETED', 'CLOUD', '2017-05-15 09:27:50.591+00', 'upgrade');
INSERT INTO upgradetaskhistoryauditlog (id, upgrade_task_factory_key, build_number, status, upgrade_type, timeperformed, action) VALUES (10005, 'host', 100003, 'COMPLETED', 'CLOUD', '2017-05-15 09:27:50.596+00', 'upgrade');
INSERT INTO upgradetaskhistoryauditlog (id, upgrade_task_factory_key, build_number, status, upgrade_type, timeperformed, action) VALUES (10006, 'host', 100004, 'COMPLETED', 'CLOUD', '2017-05-15 09:27:50.601+00', 'upgrade');
INSERT INTO upgradetaskhistoryauditlog (id, upgrade_task_factory_key, build_number, status, upgrade_type, timeperformed, action) VALUES (10007, 'host', 100005, 'COMPLETED', 'CLOUD', '2017-05-15 09:27:50.608+00', 'upgrade');
INSERT INTO upgradetaskhistoryauditlog (id, upgrade_task_factory_key, build_number, status, upgrade_type, timeperformed, action) VALUES (10008, 'host', 100006, 'COMPLETED', 'CLOUD', '2017-05-15 09:27:50.612+00', 'upgrade');
INSERT INTO upgradetaskhistoryauditlog (id, upgrade_task_factory_key, build_number, status, upgrade_type, timeperformed, action) VALUES (10009, 'host', 100007, 'COMPLETED', 'CLOUD', '2017-05-15 09:27:50.641+00', 'upgrade');
INSERT INTO upgradetaskhistoryauditlog (id, upgrade_task_factory_key, build_number, status, upgrade_type, timeperformed, action) VALUES (10010, 'host', 100008, 'COMPLETED', 'CLOUD', '2017-05-15 09:27:50.651+00', 'upgrade');
INSERT INTO upgradetaskhistoryauditlog (id, upgrade_task_factory_key, build_number, status, upgrade_type, timeperformed, action) VALUES (10011, 'host', 100009, 'COMPLETED', 'CLOUD', '2017-05-15 09:27:50.658+00', 'upgrade');
INSERT INTO upgradetaskhistoryauditlog (id, upgrade_task_factory_key, build_number, status, upgrade_type, timeperformed, action) VALUES (10012, 'host', 100010, 'COMPLETED', 'CLOUD', '2017-05-15 09:27:50.662+00', 'upgrade');
INSERT INTO upgradetaskhistoryauditlog (id, upgrade_task_factory_key, build_number, status, upgrade_type, timeperformed, action) VALUES (10013, 'host', 100011, 'COMPLETED', 'CLOUD', '2017-05-15 09:27:50.665+00', 'upgrade');
INSERT INTO upgradetaskhistoryauditlog (id, upgrade_task_factory_key, build_number, status, upgrade_type, timeperformed, action) VALUES (10014, 'host', 100012, 'COMPLETED', 'CLOUD', '2017-05-15 09:27:50.668+00', 'upgrade');
INSERT INTO upgradetaskhistoryauditlog (id, upgrade_task_factory_key, build_number, status, upgrade_type, timeperformed, action) VALUES (10015, 'host', 100013, 'COMPLETED', 'CLOUD', '2017-05-15 09:27:50.684+00', 'upgrade');
INSERT INTO upgradetaskhistoryauditlog (id, upgrade_task_factory_key, build_number, status, upgrade_type, timeperformed, action) VALUES (10016, 'host', 100014, 'COMPLETED', 'CLOUD', '2017-05-15 09:27:50.694+00', 'upgrade');
INSERT INTO upgradetaskhistoryauditlog (id, upgrade_task_factory_key, build_number, status, upgrade_type, timeperformed, action) VALUES (10017, 'host', 100015, 'COMPLETED', 'CLOUD', '2017-05-15 09:27:50.696+00', 'upgrade');
INSERT INTO upgradetaskhistoryauditlog (id, upgrade_task_factory_key, build_number, status, upgrade_type, timeperformed, action) VALUES (10018, 'host', 100016, 'COMPLETED', 'CLOUD', '2017-05-15 09:27:50.699+00', 'upgrade');
INSERT INTO upgradetaskhistoryauditlog (id, upgrade_task_factory_key, build_number, status, upgrade_type, timeperformed, action) VALUES (10019, 'host', 100017, 'COMPLETED', 'CLOUD', '2017-05-15 09:27:50.704+00', 'upgrade');
INSERT INTO upgradetaskhistoryauditlog (id, upgrade_task_factory_key, build_number, status, upgrade_type, timeperformed, action) VALUES (10020, 'host', 100018, 'COMPLETED', 'CLOUD', '2017-05-15 09:27:50.707+00', 'upgrade');
INSERT INTO upgradetaskhistoryauditlog (id, upgrade_task_factory_key, build_number, status, upgrade_type, timeperformed, action) VALUES (10021, 'host', 100019, 'COMPLETED', 'CLOUD', '2017-05-15 09:27:50.71+00', 'upgrade');
INSERT INTO upgradetaskhistoryauditlog (id, upgrade_task_factory_key, build_number, status, upgrade_type, timeperformed, action) VALUES (10022, 'host', 100020, 'COMPLETED', 'CLOUD', '2017-05-15 09:27:50.712+00', 'upgrade');
INSERT INTO upgradetaskhistoryauditlog (id, upgrade_task_factory_key, build_number, status, upgrade_type, timeperformed, action) VALUES (10023, 'host', 100021, 'COMPLETED', 'CLOUD', '2017-05-15 09:27:50.714+00', 'upgrade');
INSERT INTO upgradetaskhistoryauditlog (id, upgrade_task_factory_key, build_number, status, upgrade_type, timeperformed, action) VALUES (10024, 'host', 100022, 'COMPLETED', 'CLOUD', '2017-05-15 09:27:50.718+00', 'upgrade');
INSERT INTO upgradetaskhistoryauditlog (id, upgrade_task_factory_key, build_number, status, upgrade_type, timeperformed, action) VALUES (10025, 'host', 100023, 'COMPLETED', 'CLOUD', '2017-05-15 09:27:50.721+00', 'upgrade');
INSERT INTO upgradetaskhistoryauditlog (id, upgrade_task_factory_key, build_number, status, upgrade_type, timeperformed, action) VALUES (10026, 'host', 100024, 'COMPLETED', 'CLOUD', '2017-05-15 09:27:50.727+00', 'upgrade');
INSERT INTO upgradetaskhistoryauditlog (id, upgrade_task_factory_key, build_number, status, upgrade_type, timeperformed, action) VALUES (10027, 'host', 100025, 'COMPLETED', 'CLOUD', '2017-05-15 09:27:50.731+00', 'upgrade');
INSERT INTO upgradetaskhistoryauditlog (id, upgrade_task_factory_key, build_number, status, upgrade_type, timeperformed, action) VALUES (10028, 'host', 100026, 'COMPLETED', 'CLOUD', '2017-05-15 09:27:50.733+00', 'upgrade');
INSERT INTO upgradetaskhistoryauditlog (id, upgrade_task_factory_key, build_number, status, upgrade_type, timeperformed, action) VALUES (10029, 'host', 100027, 'COMPLETED', 'CLOUD', '2017-05-15 09:27:50.735+00', 'upgrade');
INSERT INTO upgradetaskhistoryauditlog (id, upgrade_task_factory_key, build_number, status, upgrade_type, timeperformed, action) VALUES (10030, 'host', 100028, 'COMPLETED', 'CLOUD', '2017-05-15 09:27:50.739+00', 'upgrade');
INSERT INTO upgradetaskhistoryauditlog (id, upgrade_task_factory_key, build_number, status, upgrade_type, timeperformed, action) VALUES (10031, 'host', 100029, 'COMPLETED', 'CLOUD', '2017-05-15 09:27:50.743+00', 'upgrade');
INSERT INTO upgradetaskhistoryauditlog (id, upgrade_task_factory_key, build_number, status, upgrade_type, timeperformed, action) VALUES (10032, 'host', 100030, 'COMPLETED', 'CLOUD', '2017-05-15 09:27:50.746+00', 'upgrade');
INSERT INTO upgradetaskhistoryauditlog (id, upgrade_task_factory_key, build_number, status, upgrade_type, timeperformed, action) VALUES (10033, 'host', 100031, 'COMPLETED', 'CLOUD', '2017-05-15 09:27:50.752+00', 'upgrade');
INSERT INTO upgradetaskhistoryauditlog (id, upgrade_task_factory_key, build_number, status, upgrade_type, timeperformed, action) VALUES (10034, 'host', 100032, 'COMPLETED', 'CLOUD', '2017-05-15 09:27:50.755+00', 'upgrade');
INSERT INTO upgradetaskhistoryauditlog (id, upgrade_task_factory_key, build_number, status, upgrade_type, timeperformed, action) VALUES (10035, 'host', 100033, 'COMPLETED', 'CLOUD', '2017-05-15 09:27:50.76+00', 'upgrade');
INSERT INTO upgradetaskhistoryauditlog (id, upgrade_task_factory_key, build_number, status, upgrade_type, timeperformed, action) VALUES (10036, 'host', 100034, 'COMPLETED', 'CLOUD', '2017-05-15 09:27:50.781+00', 'upgrade');
INSERT INTO upgradetaskhistoryauditlog (id, upgrade_task_factory_key, build_number, status, upgrade_type, timeperformed, action) VALUES (10037, 'host', 100035, 'COMPLETED', 'CLOUD', '2017-05-15 09:27:50.79+00', 'upgrade');
INSERT INTO upgradetaskhistoryauditlog (id, upgrade_task_factory_key, build_number, status, upgrade_type, timeperformed, action) VALUES (10038, 'host', 100036, 'COMPLETED', 'CLOUD', '2017-05-15 09:27:50.799+00', 'upgrade');
INSERT INTO upgradetaskhistoryauditlog (id, upgrade_task_factory_key, build_number, status, upgrade_type, timeperformed, action) VALUES (10039, 'host', 100037, 'COMPLETED', 'CLOUD', '2017-05-15 09:27:50.832+00', 'upgrade');
INSERT INTO upgradetaskhistoryauditlog (id, upgrade_task_factory_key, build_number, status, upgrade_type, timeperformed, action) VALUES (10040, 'host', 100038, 'COMPLETED', 'CLOUD', '2017-05-15 09:27:50.835+00', 'upgrade');
INSERT INTO upgradetaskhistoryauditlog (id, upgrade_task_factory_key, build_number, status, upgrade_type, timeperformed, action) VALUES (10041, 'host', 100039, 'COMPLETED', 'CLOUD', '2017-05-15 09:27:50.838+00', 'upgrade');
INSERT INTO upgradetaskhistoryauditlog (id, upgrade_task_factory_key, build_number, status, upgrade_type, timeperformed, action) VALUES (10042, 'host', 100040, 'COMPLETED', 'CLOUD', '2017-05-15 09:27:50.841+00', 'upgrade');
INSERT INTO upgradetaskhistoryauditlog (id, upgrade_task_factory_key, build_number, status, upgrade_type, timeperformed, action) VALUES (10043, 'host', 100041, 'COMPLETED', 'CLOUD', '2017-05-15 09:27:50.843+00', 'upgrade');
INSERT INTO upgradetaskhistoryauditlog (id, upgrade_task_factory_key, build_number, status, upgrade_type, timeperformed, action) VALUES (10044, 'host', 100042, 'COMPLETED', 'CLOUD', '2017-05-15 09:27:50.847+00', 'upgrade');
INSERT INTO upgradetaskhistoryauditlog (id, upgrade_task_factory_key, build_number, status, upgrade_type, timeperformed, action) VALUES (10045, 'host', 100043, 'COMPLETED', 'CLOUD', '2017-05-15 09:27:50.849+00', 'upgrade');
INSERT INTO upgradetaskhistoryauditlog (id, upgrade_task_factory_key, build_number, status, upgrade_type, timeperformed, action) VALUES (10046, 'host', 100044, 'COMPLETED', 'CLOUD', '2017-05-15 09:27:50.851+00', 'upgrade');
INSERT INTO upgradetaskhistoryauditlog (id, upgrade_task_factory_key, build_number, status, upgrade_type, timeperformed, action) VALUES (10047, 'com.atlassian.jira.plugins.jira-development-integration-plugin', 1, 'COMPLETED', 'CLOUD', '2017-05-15 09:27:50.871+00', 'upgrade');
INSERT INTO upgradetaskhistoryauditlog (id, upgrade_task_factory_key, build_number, status, upgrade_type, timeperformed, action) VALUES (10048, 'com.atlassian.jira.plugins.jira-development-integration-plugin', 2, 'COMPLETED', 'CLOUD', '2017-05-15 09:27:50.922+00', 'upgrade');
INSERT INTO upgradetaskhistoryauditlog (id, upgrade_task_factory_key, build_number, status, upgrade_type, timeperformed, action) VALUES (10049, 'com.atlassian.oauth.consumer.sal', 1, 'COMPLETED', 'CLOUD', '2017-05-15 09:27:50.963+00', 'upgrade');
INSERT INTO upgradetaskhistoryauditlog (id, upgrade_task_factory_key, build_number, status, upgrade_type, timeperformed, action) VALUES (10050, 'com.atlassian.oauth.serviceprovider.sal', 1, 'COMPLETED', 'CLOUD', '2017-05-15 09:27:51.004+00', 'upgrade');
INSERT INTO upgradetaskhistoryauditlog (id, upgrade_task_factory_key, build_number, status, upgrade_type, timeperformed, action) VALUES (10051, 'com.atlassian.labs.hipchat.hipchat-for-jira-plugin', 5, 'COMPLETED', 'CLOUD', '2017-05-15 09:27:51.012+00', 'upgrade');
INSERT INTO upgradetaskhistoryauditlog (id, upgrade_task_factory_key, build_number, status, upgrade_type, timeperformed, action) VALUES (10052, 'com.atlassian.jira.plugins.jira-bitbucket-connector-plugin', 1, 'COMPLETED', 'CLOUD', '2017-05-15 09:27:51.02+00', 'upgrade');
INSERT INTO upgradetaskhistoryauditlog (id, upgrade_task_factory_key, build_number, status, upgrade_type, timeperformed, action) VALUES (10053, 'com.pyxis.greenhopper.jira', 1000, 'COMPLETED', 'CLOUD', '2017-05-15 09:27:51.077+00', 'upgrade');
INSERT INTO upgradetaskhistoryauditlog (id, upgrade_task_factory_key, build_number, status, upgrade_type, timeperformed, action) VALUES (10054, 'com.pyxis.greenhopper.jira', 1001, 'COMPLETED', 'CLOUD', '2017-05-15 09:27:51.081+00', 'upgrade');
INSERT INTO upgradetaskhistoryauditlog (id, upgrade_task_factory_key, build_number, status, upgrade_type, timeperformed, action) VALUES (10055, 'com.pyxis.greenhopper.jira', 1002, 'COMPLETED', 'CLOUD', '2017-05-15 09:27:51.085+00', 'upgrade');
INSERT INTO upgradetaskhistoryauditlog (id, upgrade_task_factory_key, build_number, status, upgrade_type, timeperformed, action) VALUES (10056, 'com.pyxis.greenhopper.jira', 1003, 'COMPLETED', 'CLOUD', '2017-05-15 09:27:51.088+00', 'upgrade');
INSERT INTO upgradetaskhistoryauditlog (id, upgrade_task_factory_key, build_number, status, upgrade_type, timeperformed, action) VALUES (10057, 'com.pyxis.greenhopper.jira', 1004, 'COMPLETED', 'CLOUD', '2017-05-15 09:27:51.28+00', 'upgrade');
INSERT INTO upgradetaskhistoryauditlog (id, upgrade_task_factory_key, build_number, status, upgrade_type, timeperformed, action) VALUES (10058, 'com.pyxis.greenhopper.jira', 1005, 'COMPLETED', 'CLOUD', '2017-05-15 09:27:51.303+00', 'upgrade');
INSERT INTO upgradetaskhistoryauditlog (id, upgrade_task_factory_key, build_number, status, upgrade_type, timeperformed, action) VALUES (10059, 'com.pyxis.greenhopper.jira', 1006, 'COMPLETED', 'CLOUD', '2017-05-15 09:27:51.307+00', 'upgrade');
INSERT INTO upgradetaskhistoryauditlog (id, upgrade_task_factory_key, build_number, status, upgrade_type, timeperformed, action) VALUES (10060, 'com.pyxis.greenhopper.jira', 1007, 'COMPLETED', 'CLOUD', '2017-05-15 09:27:51.31+00', 'upgrade');


--
-- Name: upgradetaskhistoryauditlog_id_seq; Type: SEQUENCE SET; Schema: public; Owner: jira
--

SELECT pg_catalog.setval('upgradetaskhistoryauditlog_id_seq', 10060, true);


--
-- Data for Name: upgradeversionhistory; Type: TABLE DATA; Schema: public; Owner: jira
--

INSERT INTO upgradeversionhistory (id, timeperformed, targetbuild, targetversion) VALUES (10000, '2010-04-28 17:20:54.928+00', '522', '4.1.1');
INSERT INTO upgradeversionhistory (id, timeperformed, targetbuild, targetversion) VALUES (10010, '2011-06-29 16:16:11.442+00', '591', '4.2.4-b591');
INSERT INTO upgradeversionhistory (id, timeperformed, targetbuild, targetversion) VALUES (10120, '2015-06-12 17:38:38.332+00', '6109', '6.0.8');
INSERT INTO upgradeversionhistory (id, timeperformed, targetbuild, targetversion) VALUES (10020, '2011-09-15 10:24:40.536+00', '620', '4.3.4');
INSERT INTO upgradeversionhistory (id, timeperformed, targetbuild, targetversion) VALUES (10220, '2016-12-20 08:54:43.987+00', '70107', '7.0.0');
INSERT INTO upgradeversionhistory (id, timeperformed, targetbuild, targetversion) VALUES (NULL, '2017-05-15 09:27:51.313+00', '100044', '1000.981.0');


--
-- Data for Name: userassociation; Type: TABLE DATA; Schema: public; Owner: jira
--



--
-- Data for Name: userbase; Type: TABLE DATA; Schema: public; Owner: jira
--



--
-- Name: userbase_id_seq; Type: SEQUENCE SET; Schema: public; Owner: jira
--

SELECT pg_catalog.setval('userbase_id_seq', 10000, false);


--
-- Data for Name: userhistoryitem; Type: TABLE DATA; Schema: public; Owner: jira
--



--
-- Name: userhistoryitem_id_seq; Type: SEQUENCE SET; Schema: public; Owner: jira
--

SELECT pg_catalog.setval('userhistoryitem_id_seq', 10200, false);


--
-- Data for Name: userpickerfilter; Type: TABLE DATA; Schema: public; Owner: jira
--



--
-- Name: userpickerfilter_id_seq; Type: SEQUENCE SET; Schema: public; Owner: jira
--

SELECT pg_catalog.setval('userpickerfilter_id_seq', 10000, false);


--
-- Data for Name: userpickerfiltergroup; Type: TABLE DATA; Schema: public; Owner: jira
--



--
-- Name: userpickerfiltergroup_id_seq; Type: SEQUENCE SET; Schema: public; Owner: jira
--

SELECT pg_catalog.setval('userpickerfiltergroup_id_seq', 10000, false);


--
-- Data for Name: userpickerfilterrole; Type: TABLE DATA; Schema: public; Owner: jira
--



--
-- Name: userpickerfilterrole_id_seq; Type: SEQUENCE SET; Schema: public; Owner: jira
--

SELECT pg_catalog.setval('userpickerfilterrole_id_seq', 10000, false);


--
-- Data for Name: versioncontrol; Type: TABLE DATA; Schema: public; Owner: jira
--



--
-- Name: versioncontrol_id_seq; Type: SEQUENCE SET; Schema: public; Owner: jira
--

SELECT pg_catalog.setval('versioncontrol_id_seq', 10000, false);


--
-- Data for Name: votehistory; Type: TABLE DATA; Schema: public; Owner: jira
--



--
-- Name: votehistory_id_seq; Type: SEQUENCE SET; Schema: public; Owner: jira
--

SELECT pg_catalog.setval('votehistory_id_seq', 10000, false);


--
-- Data for Name: workflowscheme; Type: TABLE DATA; Schema: public; Owner: jira
--

INSERT INTO workflowscheme (id, name, description, scope) VALUES (10000, 'classic', 'classic', NULL);
INSERT INTO workflowscheme (id, name, description, scope) VALUES (10100, 'classic (System)', 'classic', NULL);


--
-- Name: workflowscheme_id_seq; Type: SEQUENCE SET; Schema: public; Owner: jira
--

SELECT pg_catalog.setval('workflowscheme_id_seq', 10200, false);


--
-- Data for Name: workflowschemeentity; Type: TABLE DATA; Schema: public; Owner: jira
--

INSERT INTO workflowschemeentity (id, scheme, workflow, issuetype) VALUES (10000, 10000, 'classic default workflow', '0');
INSERT INTO workflowschemeentity (id, scheme, workflow, issuetype) VALUES (10100, 10100, 'classic default workflow (System)', '0');


--
-- Name: workflowschemeentity_id_seq; Type: SEQUENCE SET; Schema: public; Owner: jira
--

SELECT pg_catalog.setval('workflowschemeentity_id_seq', 10200, false);


--
-- Data for Name: worklog; Type: TABLE DATA; Schema: public; Owner: jira
--



--
-- Name: worklog_id_seq; Type: SEQUENCE SET; Schema: public; Owner: jira
--

SELECT pg_catalog.setval('worklog_id_seq', 10000, false);


--
-- PostgreSQL database dump complete
--

